"","year","block","fence","plot","treatment","depth.cat","depth0","depth1","moisture","bulk.density","ash","C","N","CtoN","delta13C","delta15N","soil.stock","ash.stock","C.stock","N.stock","cu.soil.stock","cu.ash.stock","cu.C.stock","cu.N.stock","fracModern","fracModernSe","d14C","d14CSe","dryWt","LFracWt","HFracWt","HFracC","LFracC","HFracN","LFracN","HFracd15N","LFracd15N","HFracd13C","LFracd13C","LFracF14C","LFracF14CSe","HFracF14C","HFracF14CSe","LFracd14C","LFracd14CSe","HFracd14C","HFracd14CSe","Ti","Zr","Fe","FeGap","FeDCB","FeDCBGap","coreNum","midDepth","percC","percAsh","Fe.stock","FeDCB.stock","feAsh","hCAsh","tiAsh","tiFe","tiHC","tiLC","zrAsh","zrFe","zrHC","zrLC","bulkAge","LFracAge","HFracAge","LFracOffset","HFracOffset","treatmentReal"
"1",2009,1,1,2,"i","0-5",0,5,827.027027027027,0.0754546546546547,66.57,455.751131019037,11.82,38.5576252977189,-26.5545482707014,-2.04527811753008,3.77273273273273,0.251150818018018,1.71942720997549,0.0445937009009009,3.77273273273273,0.251150818018018,1.71942720997549,0.0445937009009009,1.15157395522771,0.81940857245646,143.384649375658,9.4360957073118,NA,NA,NA,NA,NA,NA,NA,NA,NA,NA,NA,NA,NA,NA,NA,NA,NA,NA,NA,1700.575916,54.28069,8098.1,8098.1,5616.586456,5616.586456,1,2.5,45.5751131019037,6.657,0.030551966942943,0.0211898795687746,121.647889439688,NA,0.0391455620261765,4.76197500141476,NA,NA,1.22640298050743,149.189334181271,NA,NA,-1133.69458559432,NA,NA,NA,NA,"c"
"2",2009,1,1,2,"i","05-15",5,15,818.955042527339,0.122484735339567,168.12,423.115475923852,13.92,30.3962267186675,-26.2131977979338,0.293165887821186,12.2484735339567,2.05921337052879,5.18251870866078,0.170498751592677,16.0212062666894,2.31036418854681,6.90194591863626,0.215092452493578,1.022343615902,0.879709290458569,15.0733190022536,8.99365176949994,NA,NA,NA,NA,NA,NA,NA,NA,NA,NA,NA,NA,NA,NA,NA,NA,NA,NA,NA,1754.53737,64.707995,21040.1,21040.1,18293.60663,18293.60663,1,10,42.3115475923852,16.812,0.257709108001802,0.22406875664817,125.14929812039,NA,0.095820130636488,11.9918220949606,NA,NA,2.59813335276421,325.154565521618,NA,NA,-177.510457431585,NA,NA,NA,NA,"c"
"3",2009,1,1,2,"i","15-25",15,25,605.19801980198,0.373613985572473,501.27,352.229204927212,16.92,20.8173288964073,-26.2174404165042,1.11075691715376,37.3613985572473,18.7281482547913,13.1597757087879,0.632154863588623,53.3826048239366,21.0385124433381,20.0617216274241,0.847247316082201,0.895590228491192,0.871458220288781,-110.778674058169,7.80469466628955,NA,NA,NA,NA,NA,NA,NA,NA,NA,NA,NA,NA,NA,NA,NA,NA,NA,NA,NA,3626.497832,145.49248,19734.5,19734.5,17014.716836,17014.716836,1,20,35.2229204927212,50.127,0.737308519827997,0.635693617048502,39.369002733058,NA,0.1382242657301,5.44175149530325,NA,NA,3.44533270722995,135.63931276723,NA,NA,885.817425178511,NA,NA,NA,NA,"c"
"4",2009,1,1,2,"i","25-35",25,35,234.275895183533,1.2703885891109,917.667101361038,33.0677958627133,1.2385242083773,26.6993536654712,-27.7581112871939,0.469654270169063,127.03885891109,116.579381417154,4.20089505310398,0.157340702166014,180.421463735027,137.617893860492,24.2626166805281,1.00458801824821,0.501051574534134,1.17371948533168,-502.511604862975,5.88093996186834,8.01200000000001,0.173,7.71900000000001,16.3402920389385,337.99874891856,NA,7.97583795961007,NA,1.38858211349051,NA,-26.3611555509632,NA,NA,NA,NA,NA,NA,NA,NA,5184.01532,218.01996,23057.1,23057.1,6312.033663,6312.033663,1,30,3.30677958627133,91.7667101361038,2.92914767379889,0.801873553955908,25.1257781452586,0.0178063395916704,0.177018593641239,4.44772991141546,0.00315205319241582,0.0652001832661559,4.20909673298279,105.756830704858,0.0749486058016821,1.55031103078159,5551.17444602968,NA,NA,NA,NA,"c"
"5",2009,1,1,2,"i","35-45",35,45,224.238680780595,1.44425163324732,919.078985099672,32.9404233482608,1.23741046453672,26.6204499576407,-27.5959902772268,0.0771175537352819,144.425163324732,132.738132531349,4.75742602205838,0.178713208440449,324.846627059759,270.356026391841,29.0200427025865,1.18330122668866,0.580387493117802,0.846148493755851,-423.739875925473,4.88011454779297,8.03613986856027,0.440262830488648,7.57502292680128,23.2060391745988,239.666062582175,1.5310690814333,7.47938607900299,NA,NA,NA,NA,0.703295468250469,1.11390034789354,0.545121803348105,1.21961762052851,-301.705948868875,7.8037792950178,-458.754777182373,6.6485736925608,5107.927858,219.134705,31526.4,31526.4,10194.448836,10194.448836,1,40,3.29404233482608,91.9078985099672,4.55320546904083,1.47233493814492,34.3021660935714,0.0252492327110299,0.179931864867711,6.17205271421827,0.00454314152817442,0.0469204086754694,4.19412792282113,143.867672626296,0.105898511943139,1.09369286157651,4370.42841259348,2827.4407138356,4873.99075381996,-1542.98769875788,503.562341226486,"c"
"6",2009,1,1,2,"i","45-55",45,55,450.510072719405,0.709259503933414,802.066626929487,113.184613666419,4.06358290239002,27.8534033598402,-27.2456353164985,0.199593204903204,70.9259503933414,56.8873377937555,8.02772629419396,0.288213479354145,395.772577453101,327.243364185597,37.0477689967805,1.47151470604281,0.659713662933843,0.767121282552034,-344.97782642819,5.05790718366088,8.01446274498153,1.50103922033093,6.22337254295794,54.2819138884403,234.792027845621,3.11843137947664,9.60862746105693,NA,NA,NA,NA,0.673502177353366,1.11834390862202,0.647043394266147,1.10090298383639,-331.287367683959,7.5320944663588,-357.55799171618,7.10365119282628,4841.84023,211.400545,36113.8,36113.8,12297.337442,12297.337442,1,50,11.3184613666419,80.2066626929487,2.56140558731505,0.872200345381472,45.025935237142,0.0676775620203089,0.165653261741246,7.45869303498269,0.0112110088953597,0.0484923121566159,3.79406130163708,170.831158453258,0.256772819050397,1.11065005932516,3341.32138672139,3175.15611561043,3497.10161739086,-166.16527111096,155.780230669469,"c"
"7",2009,1,1,2,"i","55-65",55,65,572.235649339606,0.511583127037257,730.255843244464,163.872154205973,5.74576809053975,28.5204957150609,-27.1837950167064,1.27758299628029,51.1583127037257,37.3586567824232,8.38342290830231,0.293943800698922,446.930890156826,364.60202096802,45.4311919050828,1.76545850674173,0.622457611707516,1.12402522233269,-381.968934880371,6.96753860931321,8.04954368781151,3.3991920475922,4.21988458098409,60.5694572525077,261.442596268688,3.46754508706062,11.5973647388181,NA,NA,NA,NA,0.63625528564362,1.15961380619263,0.605039309306598,1.14296188758837,-368.269381756566,7.37471939926773,-399.263368722837,6.90702124934429,5216.84196,208.56929,33034.4,33034.4,10885.724785,10885.724785,1,60,16.3872154205973,73.0255843244464,1.68998416517996,0.556895312557727,45.2367486074894,0.0829427902738892,0.139980441969238,6.33226006332766,0.0116103684407008,0.0501151076212951,3.50126254562435,158.385733585227,0.290404485015544,1.25350475263491,3808.28260447231,3632.1643575769,4036.27603302926,-176.11824689541,227.993428556946,"c"
"8",2009,1,1,2,"i","65-75",65,75,527.808637212124,0.480482316112326,754.890086149607,149.27528682493,5.17916547568569,28.8222663527017,-27.631082554201,0.484985257828883,48.0482316112326,36.2711337003396,7.17241355519741,0.248849742328646,494.979121768059,400.87315466836,52.6036054602802,2.01430824907038,0.64115401312073,0.853082410665228,-363.405491102062,5.44238744347677,8.0151205836572,4.31643784795515,3.98209859099114,55.6434753747001,289.647833702343,3.31561650703309,12.8969854085699,NA,NA,NA,NA,0.615156421169028,1.18550338454223,0.59868358058053,1.13105281681345,-389.21820371454,7.29212687138031,-405.573899304041,6.77088990149609,NA,NA,NA,NA,NA,NA,1,70,14.927528682493,75.4890086149607,NA,NA,NA,0.0737106982799513,NA,NA,NA,NA,NA,NA,NA,NA,3570.55267090827,3903.06359831408,4121.10626057299,332.510927405808,550.553589664721,"c"
"9",2009,1,1,2,"i","75-85",75,85,NA,NA,NA,NA,NA,NA,NA,NA,NA,NA,NA,NA,NA,NA,NA,NA,NA,NA,NA,NA,NA,NA,NA,NA,NA,NA,NA,NA,NA,NA,NA,NA,NA,NA,NA,NA,NA,NA,NA,NA,NA,NA,NA,NA,NA,1,80,NA,NA,NA,NA,NA,NA,NA,NA,NA,NA,NA,NA,NA,NA,NA,NA,NA,NA,NA,"c"
"10",2009,1,1,2,"i","85-95",85,95,NA,NA,NA,NA,NA,NA,NA,NA,NA,NA,NA,NA,NA,NA,NA,NA,NA,NA,NA,NA,NA,NA,NA,NA,NA,NA,NA,NA,NA,NA,NA,NA,NA,NA,NA,NA,NA,NA,NA,NA,NA,NA,NA,NA,NA,1,90,NA,NA,NA,NA,NA,NA,NA,NA,NA,NA,NA,NA,NA,NA,NA,NA,NA,NA,NA,"c"
"11",2009,1,1,2,"i","95-105",95,105,NA,NA,NA,NA,NA,NA,NA,NA,NA,NA,NA,NA,NA,NA,NA,NA,NA,NA,NA,NA,NA,NA,NA,NA,NA,NA,NA,NA,NA,NA,NA,NA,NA,NA,NA,NA,NA,NA,NA,NA,NA,NA,NA,NA,NA,1,100,NA,NA,NA,NA,NA,NA,NA,NA,NA,NA,NA,NA,NA,NA,NA,NA,NA,NA,NA,"c"
"12",2009,1,1,2,"i","105-115",105,115,NA,NA,NA,NA,NA,NA,NA,NA,NA,NA,NA,NA,NA,NA,NA,NA,NA,NA,NA,NA,NA,NA,NA,NA,NA,NA,NA,NA,NA,NA,NA,NA,NA,NA,NA,NA,NA,NA,NA,NA,NA,NA,NA,NA,NA,1,110,NA,NA,NA,NA,NA,NA,NA,NA,NA,NA,NA,NA,NA,NA,NA,NA,NA,NA,NA,"c"
"13",2009,1,1,5,"i","0-5",0,5,633.333333333333,0.03696,55.8802045288524,483.888555431131,12.88,37.5689872229139,-27.9934456289139,-3.22857499162858,1.848,0.103266617969319,0.89422605043673,0.02380224,1.848,0.103266617969319,0.89422605043673,0.02380224,1.13841356116674,0.145561716423151,130.317844173319,1.65709431962823,NA,NA,NA,NA,NA,NA,NA,NA,NA,NA,NA,NA,NA,NA,NA,NA,NA,NA,NA,1077.029626,28.35547,7330.9,7330.9,4865.099629,4865.099629,2,2.5,48.3888555431131,5.58802045288524,0.0135475032,0.008990704114392,131.189569934642,NA,0.0518836280635909,6.80659085231143,NA,NA,1.97070281426661,258.535654672626,NA,NA,-1041.36341906363,NA,NA,NA,NA,"w"
"14",2009,1,1,5,"i","05-15",5,15,774.744027303754,0.0473262798634812,63.15987933635,457.160089585666,11.16,40.9641657334827,-27.2221555400556,0.271339149680579,4.73262798634812,0.298912212561581,2.16356863421454,0.052816128327645,6.58062798634812,0.4021788305309,3.05779468465127,0.076618368327645,1.12385951956987,0.146189728244072,115.867302223583,1.64296717750433,NA,NA,NA,NA,NA,NA,NA,NA,NA,NA,NA,NA,NA,NA,NA,NA,NA,NA,NA,519.16859,40.54861,20620.3,20620.3,17882.37581,17882.37581,2,10,45.7160089585666,6.315987933635,0.0975882088668941,0.0846306322208006,326.477824477612,NA,0.121655817691802,39.7179266950645,NA,NA,1.55763364851101,508.532844898999,NA,NA,-938.003457686886,NA,NA,NA,NA,"w"
"15",2009,1,1,5,"i","15-25",15,25,753.820033955857,0.199159802000239,243.74051593323,362.091914893617,15.97,22.6732570377969,-25.8397788224627,1.66537433752345,19.9159802000239,4.85433128926981,7.21141540761001,0.318058203794381,26.496608186372,5.25651011980071,10.2692100922613,0.394676572122026,0.979887150718932,0.160197334553223,-27.0812211700886,1.56975309708125,NA,NA,NA,NA,NA,NA,NA,NA,NA,NA,NA,NA,NA,NA,NA,NA,NA,NA,NA,5014.49983,213.393275,6674.9,6674.9,4222.528154,4222.528154,2,20,36.2091914893617,24.374051593323,0.13293717623714,0.0840957871091075,27.3852706614788,NA,0.048607144121337,1.33111979784432,NA,NA,1.14221273342953,31.2798048579553,NA,NA,163.213419792523,NA,NA,NA,NA,"w"
"16",2009,1,1,5,"i","25-35",25,35,437.402913754544,0.517658728453559,590.646987036499,215.632003620874,10.2156487909949,21.1080087063048,-26.104422198987,1.15373457815122,51.7658728453559,30.575356827424,11.1623788808275,0.528821976347457,78.2624810317279,35.8318669472247,21.4315889730887,0.923498548469483,0.800801427203799,0.151195517651456,-204.893394031401,1.19571785583809,6.11752255101727,1.3980621565606,4.73433387490485,20.8480334512668,337.103740311722,1.35760356162548,19.2294096015386,NA,NA,NA,NA,0.795286207618841,0.159340141377641,0.662010528801283,0.155369740914634,-210.369392670265,1.25910290481736,-342.697294498318,1.02856404342615,5080.877854,233.78423,9433,9433,6924.238529,6924.238529,2,30,21.5632003620874,59.0646987036499,0.488307478550242,0.358439251243128,15.9706223971936,0.0352969437055276,0.116249003422018,1.8565689377031,0.00410323452961064,0.066347538751858,2.52646205878172,40.3491715416391,0.0891763890629697,1.44194388266361,1784.46884495059,1839.98451250263,3313.40218511861,55.5156675520407,1528.93334016802,"w"
"17",2009,1,1,5,"i","35-45",35,45,348.698173887166,0.945479149995048,813.760138796529,107.043650842623,4.83694384591679,22.1304307539121,-26.3821006461932,0.56610308927076,94.5479149995048,76.9393244329194,10.120754001105,0.457322955601118,172.810396031233,112.771191380144,31.5523429741937,1.3808215040706,0.664227540717076,0.164962620490468,-340.496048646505,1.0950681875236,8.02623885406719,0.671338254622771,7.3350520045143,35.9214675821825,325.435210337208,2.36932060074658,17.6867967271464,NA,NA,NA,NA,0.759072531404888,0.164121986822632,0.676371592380092,0.158186188405033,-246.325538858294,1.24437689591862,-328.438358222297,1.07108632933726,5243.710778,213.274895,27216.9,27216.9,8218.914184,8218.914184,2,40,10.7043650842623,81.3760138796529,2.57330114775002,0.777081199657056,33.4458505675286,0.0441425745371441,0.155187838011711,5.19038924003753,0.00685039070669021,0.0620620061088365,3.81554584188884,127.614176061369,0.168428016725468,1.52589553654315,3286.54535795037,2214.36026699547,3141.00470657611,-1072.1850909549,-145.54065137426,"w"
"18",2009,1,1,5,"i","45-55",45,55,426.073661056641,0.724047181387466,882.287910095481,69.1589009898824,3.21423368124501,21.5164508397206,-26.8153212554964,0.721688464488753,72.4047181387466,63.8818074476871,5.00743073295792,0.232725683722611,245.215114169979,176.652998827831,36.5597737071516,1.61354718779321,0.667518804218176,0.30798340982746,-337.228190644746,1.70755473752679,8.06773001748454,1.28341132467842,6.65528771337286,35.1071806069466,322.592510883118,2.43181460407618,15.629236990269,NA,NA,NA,NA,0.6763498717255,0.175449031824614,0.653773596985906,0.178310812432682,-328.459924412572,1.14051867221907,-350.875650176562,1.13380965453879,4556.035302,205.631493,39303.8,39303.8,13759.6603586,13759.6603586,2,50,6.91589009898824,88.2287910095481,2.84578056078167,0.996264329949318,44.5475899083175,0.0397910706983929,0.193652562285498,8.62675492938926,0.00770564279682717,0.0708055336492908,4.29062638812568,191.137064788028,0.170728617950299,1.5687894211959,3246.83993862298,3141.26267840991,3413.97816309938,-105.577260213071,167.138224476407,"w"
"19",2009,1,1,5,"i","55-65",55,65,314.70098212006,0.790796165877922,838.894320310677,35.0387191655872,1.24565877733297,28.1286655729327,-27.8365503560812,0.906848658650486,79.0796165877922,66.3394412078449,2.77084847734197,0.0985062185107091,324.294730757772,242.992440035676,39.3306221844936,1.71205340630392,0.414295857634061,0.798179359578421,-588.650366944919,3.40819027287288,8.04337871120872,0.25738491654698,7.70772276847707,18.1340577325359,363.300264057723,1.32759904552743,8.84133651490855,NA,NA,NA,NA,0.403984103185582,0.213560881508836,0.37283520698165,0.235160024584627,-598.8887903575,0.855737730963704,-629.816174224504,0.872412074999655,5267.126404,234.721405,31681.8,31681.8,10265.673626,10265.673626,2,60,3.50387191655872,83.8894320310677,2.50538459681112,0.81180553435949,37.7661395874834,0.0216166176042533,0.159269828738797,6.01500658422399,0.0034428749837415,0.0689750418334033,3.57400008026825,134.976185917088,0.0772577930527295,1.54779349611393,7078.47819998442,7280.94853452702,7925.50850953377,202.4703345426,847.030309549353,"w"
"20",2009,1,1,5,"i","65-75",65,75,414.880495730274,0.642668057474044,940.052303770123,22.7379238705106,0.970438563059534,23.4305650414633,-27.5547281953748,1.6547811985723,64.2668057474044,60.4141587987945,1.46129373648537,0.0623669866219373,388.561536505176,303.406598834471,40.791915920979,1.77442039292586,0.31121000982896,0.245318666381152,-691.003129798886,0.763114333637824,8.0601417734065,0.138960502439856,7.36165106358817,14.4455225425215,375.090351624107,1.13070886703249,9.53858226593502,NA,NA,NA,NA,0.328576404032397,0.246610977674832,0.302452905373413,0.265217827512886,-673.760235013818,0.810028994930558,-699.697958960312,0.801757284467348,5157.434268,258.555245,NA,NA,NA,NA,2,70,2.27379238705106,94.0052303770123,NA,NA,NA,0.0153667221329995,0.182271310679189,NA,0.00280091258402472,0.0727280915534699,3.63578895400139,NA,0.0558701585903682,1.45071646728384,9376.81905710415,8940.61560237692,9606.0999668243,-436.203454727234,229.280909720144,"w"
"21",2009,1,1,5,"i","75-85",75,85,467.966313907205,0.711435152245234,946.705667430729,19.0936306017739,0.901994307789036,21.168238465469,-27.5466551072078,1.84930099244228,71.1435152245234,67.3519690640007,1.35838799940873,0.0641710457686228,459.705051729699,370.758567898471,42.1503039203877,1.83859143869448,0.294465067192268,0.358822528896786,-707.628992409407,1.05877757592299,NA,NA,NA,NA,NA,NA,NA,NA,NA,NA,NA,NA,NA,NA,NA,NA,NA,NA,NA,NA,NA,NA,NA,NA,NA,2,80,1.90936306017739,94.6705667430729,NA,NA,NA,NA,NA,NA,NA,NA,NA,NA,NA,NA,9821.10483386755,NA,NA,NA,NA,"w"
"22",2009,1,1,5,"i","85-95",85,95,NA,NA,NA,NA,NA,NA,NA,NA,NA,NA,NA,NA,NA,NA,NA,NA,NA,NA,NA,NA,NA,NA,NA,NA,NA,NA,NA,NA,NA,NA,NA,NA,NA,NA,NA,NA,NA,NA,NA,NA,NA,NA,NA,NA,NA,2,90,NA,NA,NA,NA,NA,NA,NA,NA,NA,NA,NA,NA,NA,NA,NA,NA,NA,NA,NA,"w"
"23",2009,1,1,5,"i","95-105",95,105,NA,NA,NA,NA,NA,NA,NA,NA,NA,NA,NA,NA,NA,NA,NA,NA,NA,NA,NA,NA,NA,NA,NA,NA,NA,NA,NA,NA,NA,NA,NA,NA,NA,NA,NA,NA,NA,NA,NA,NA,NA,NA,NA,NA,NA,2,100,NA,NA,NA,NA,NA,NA,NA,NA,NA,NA,NA,NA,NA,NA,NA,NA,NA,NA,NA,"w"
"24",2009,1,1,5,"i","105-115",105,115,NA,NA,NA,NA,NA,NA,NA,NA,NA,NA,NA,NA,NA,NA,NA,NA,NA,NA,NA,NA,NA,NA,NA,NA,NA,NA,NA,NA,NA,NA,NA,NA,NA,NA,NA,NA,NA,NA,NA,NA,NA,NA,NA,NA,NA,2,110,NA,NA,NA,NA,NA,NA,NA,NA,NA,NA,NA,NA,NA,NA,NA,NA,NA,NA,NA,"w"
"25",2009,1,2,1,"i","0-5",0,5,769.968051118211,0.0593301128139436,75.9937646141882,461.720940649496,10.67,43.272815431068,-26.7749731999226,-1.93747854841642,2.96650564069718,0.225435931385803,1.36969777486474,0.0316526151862389,2.96650564069718,0.225435931385803,1.36969777486474,0.0316526151862389,1.1964120800804,0.785006863850641,187.9039122772,9.39191694856936,NA,NA,NA,NA,NA,NA,NA,NA,NA,NA,NA,NA,NA,NA,NA,NA,NA,NA,NA,1365.957348,31.86741,6259.4,6259.4,3815.554405,3815.554405,3,2.5,46.1720940649496,7.59937646141882,0.0185685454073799,0.0113188636648195,82.3672841025612,NA,0.0556340684615492,4.58242712275376,NA,NA,2.38468594134849,196.420104426434,NA,NA,-1440.53495375604,NA,NA,NA,NA,"c"
"26",2009,1,2,1,"i","05-15",5,15,788.461538461538,0.112778494337953,226.698406885185,400.509518477043,12.79,31.3142704047727,-25.908694913657,1.7644114095395,11.2778494337953,2.55667049973237,4.51688604618594,0.144243694258241,14.2443550744924,2.78210643111817,5.88658382105068,0.17589630944448,0.994594338011369,0.843162403181217,-12.4786226054652,8.38604552228098,NA,NA,NA,NA,NA,NA,NA,NA,NA,NA,NA,NA,NA,NA,NA,NA,NA,NA,NA,2875.929498,81.27133,22544.8,22544.8,19767.508332,19767.508332,3,10,40.0509518477043,22.6698406885185,0.254256859915028,0.22293498264959,99.4484271405497,NA,0.0788261350088162,7.83913514419539,NA,NA,2.78940195620257,277.401637207118,NA,NA,43.5414743163305,NA,NA,NA,NA,"c"
"27",2009,1,2,1,"i","15-25",15,25,725.709372312983,0.275653476857529,250.000000000002,439.889516889659,17.8561874370171,24.6351310122192,-25.9936662110661,1.09561017684729,27.5653476857529,6.89133692143828,12.1257074763813,0.49221201504335,41.8097027602454,9.67344335255645,18.012291297432,0.668108324487831,0.882780888243881,1.02189082834333,-123.496921931801,9.02105693133197,NA,NA,NA,NA,NA,NA,NA,NA,NA,NA,NA,NA,NA,NA,NA,NA,NA,NA,NA,3023.37227,120.1197,4649.9,4649.9,2239.009162,2239.009162,3,20,43.9889516889659,25.0000000000002,0.128176110203982,0.0617190660221162,18.5995999999998,NA,0.0826891225009489,1.53798460286864,NA,NA,2.08125727919735,38.7105528901587,NA,NA,1001.54041321986,NA,NA,NA,NA,"c"
"28",2009,1,2,1,"i","25-35",25,35,342.592025586532,0.875984988348225,797.208540293086,104.341311775514,4.80811073064729,21.7011041593602,-26.694814490948,0.618015441957617,87.5984988348225,69.8342713879745,9.14014227799125,0.421183282236304,129.408201595068,79.5077147405309,27.1524335754233,1.08929160672413,0.820366921601848,0.985813356567302,-185.467037738243,8.08731832693126,5.24233202411386,3.92694636218963,1.01187074415233,41.5750490957305,352.33400212203,2.38856855558228,15.3608352061736,NA,NA,NA,NA,0.824545248365731,NA,0.782647730092898,NA,-181.323855428178,NA,-222.917496412833,NA,4290.043596,164.600985,21718.2,21718.2,5698.27297,5698.27297,3,30,10.4341311775514,79.7208540293086,1.90248171739444,0.499160158123046,27.2428090045492,0.0521507823792829,0.185827608147478,5.06246603653396,0.00969105515256179,0.0821283034164369,4.84327928106315,131.944532409694,0.252580803788814,2.14053398357264,1590.5627054315,1549.75253732943,1968.66805069103,-40.8101681020694,378.105345259524,"c"
"29",2009,1,2,1,"i","35-45",35,45,415.18578352181,0.790373101763884,535.369492715467,248.415050391937,11.28,22.0226108503491,-26.0092032255431,0.239309485265497,79.0373101763883,42.314164654728,19.6340573903107,0.89154085878966,208.445511771456,121.821879395259,46.7864909657339,1.9808324655138,0.733089259421134,1.0831520792777,-272.124033337879,7.94047155638152,4.963,4.167,0.581,49.8,246.6,2.4,9.20000000000001,NA,NA,NA,NA,0.717139225583889,1.03378731629705,0.674271512853637,1.06139109381692,-287.96064006534,7.41369435427713,-330.523503238052,7.15665778557312,5225.645468,256.90779,8628.4,8628.4,6136.113282,6136.113282,3,40,24.8415050391937,53.5369492715467,0.68196552712595,0.484981888746891,16.1167196065573,0.0930198688524585,0.102450404642619,1.65116444520342,0.00952992320373771,0.0471903426112795,2.0838974665403,33.5855911570451,0.193843869039549,0.959877471991021,2494.14859191211,2670.85424854738,3165.98532857132,176.705656635262,671.836736659204,"c"
"30",2009,1,2,1,"i","45-55",45,55,604.23197492163,0.428879701636357,322.742186150926,378.769809630459,16.08,23.5553364198047,-26.3509989291814,1.08033236484845,42.8879701636357,13.8417572501875,16.2446682943171,0.689638560231262,251.333481935092,135.663636645446,63.031159260051,2.67047102574506,0.644703221465391,1.18702984284086,-359.881522606337,7.6528196365506,5.534,4.469,0.822000000000001,31.3,251.8,1.8,9.8,NA,NA,NA,NA,0.652673811100163,1.09078313914798,0.620313300602303,1.15198535061871,-351.967615042259,7.11925588511513,-384.097996926327,7.1459183508779,3327.881988,146.646685,11661.3,11661.3,9106.888453,9106.888453,3,50,37.8769809630459,32.2742186150926,0.500129486469205,0.390575960255823,36.1319359550559,0.0969814339218827,0.0969812593459447,3.50412065152834,0.0094053815949197,0.0756637407540186,2.20081474157378,79.5196972914867,0.213438169434243,1.7170521106563,3526.2073699361,3427.50275207613,3836.00335015658,-98.7046178599626,309.79598022048,"c"
"31",2009,1,2,1,"i","55-65",55,65,566.823899371069,0.488037599871809,516.992790937181,263.276954087346,10.18,25.862176236478,-26.7833334819768,1.33532298062825,48.8037599871809,25.231192084001,12.8489052774349,0.496822276669501,300.137241922273,160.894828729447,75.8800645374859,3.16729330241456,0.54589081090991,1.40060354665128,-457.991238342831,7.64576605844762,5.483,0.327,5.049,44.24713,231.6,0,7,NA,NA,NA,NA,0.690532333567072,1.02346408052284,0.570412785901083,1.13719733310454,-314.378319764955,7.06735039845513,-433.643648984806,6.48671898895444,4477.272682,191.40419,NA,NA,NA,NA,3,60,26.3276954087346,51.6992790937181,NA,NA,NA,0.0855855841235055,0.115470472239864,NA,0.00988260781566576,0.0517279193047818,2.70105263075579,NA,0.231171167151565,1.21000485935026,4862.66652404245,2974.55949922299,4509.68599048246,-1888.10702481946,-352.980533559989,"c"
"32",2009,1,2,1,"i","65-75",65,75,603.345280764636,0.445179538782864,578.849091835003,240.326584546473,9.48,25.3509055428769,-26.4919258006306,0.783956065448351,44.5179538782864,25.7691771727986,10.698847806566,0.422030202766155,344.655195800559,186.664005902246,86.5789123440519,3.58932350518071,0.820214575288807,0.993130002105288,-185.61830065534,8.14579702883362,NA,NA,NA,NA,NA,NA,NA,NA,NA,NA,NA,NA,NA,NA,NA,NA,NA,NA,NA,4456.542872,235.20479,NA,NA,NA,NA,3,70,24.0326584546473,57.8849091835003,NA,NA,NA,NA,0.129887472971898,NA,NA,NA,2.46104295679949,NA,NA,NA,1592.05461295148,NA,NA,NA,NA,"c"
"33",2009,1,2,1,"i","75-85",75,85,NA,NA,NA,NA,NA,NA,NA,NA,NA,NA,NA,NA,NA,NA,NA,NA,NA,NA,NA,NA,NA,NA,NA,NA,NA,NA,NA,NA,NA,NA,NA,NA,NA,NA,NA,NA,NA,NA,NA,NA,NA,NA,NA,NA,NA,3,80,NA,NA,NA,NA,NA,NA,NA,NA,NA,NA,NA,NA,NA,NA,NA,NA,NA,NA,NA,"c"
"34",2009,1,2,1,"i","85-95",85,95,NA,NA,NA,NA,NA,NA,NA,NA,NA,NA,NA,NA,NA,NA,NA,NA,NA,NA,NA,NA,NA,NA,NA,NA,NA,NA,NA,NA,NA,NA,NA,NA,NA,NA,NA,NA,NA,NA,NA,NA,NA,NA,NA,NA,NA,3,90,NA,NA,NA,NA,NA,NA,NA,NA,NA,NA,NA,NA,NA,NA,NA,NA,NA,NA,NA,"c"
"35",2009,1,2,1,"i","95-105",95,105,NA,NA,NA,NA,NA,NA,NA,NA,NA,NA,NA,NA,NA,NA,NA,NA,NA,NA,NA,NA,NA,NA,NA,NA,NA,NA,NA,NA,NA,NA,NA,NA,NA,NA,NA,NA,NA,NA,NA,NA,NA,NA,NA,NA,NA,3,100,NA,NA,NA,NA,NA,NA,NA,NA,NA,NA,NA,NA,NA,NA,NA,NA,NA,NA,NA,"c"
"36",2009,1,2,1,"i","105-115",105,115,NA,NA,NA,NA,NA,NA,NA,NA,NA,NA,NA,NA,NA,NA,NA,NA,NA,NA,NA,NA,NA,NA,NA,NA,NA,NA,NA,NA,NA,NA,NA,NA,NA,NA,NA,NA,NA,NA,NA,NA,NA,NA,NA,NA,NA,3,110,NA,NA,NA,NA,NA,NA,NA,NA,NA,NA,NA,NA,NA,NA,NA,NA,NA,NA,NA,"c"
"37",2009,1,2,6,"i","0-5",0,5,772.334293948127,0.0636672096228543,103.128823632234,460.489406494961,13.52,34.0598673443018,-27.8807928250129,-4.13592695443797,3.18336048114271,0.328296221617591,1.46590377862092,0.0430390337050495,3.18336048114271,0.328296221617591,1.46590377862092,0.0430390337050495,1.25657466917914,0.790703927861403,247.638660992139,9.9357852657109,NA,NA,NA,NA,NA,NA,NA,NA,NA,NA,NA,NA,NA,NA,NA,NA,NA,NA,NA,2737.919056,66.29626,9204,9204,6699.886037,6699.886037,4,2.5,46.0489406494961,10.3128823632234,0.0292996498684376,0.0213281524383457,89.2475999999984,NA,0.0376668636007455,3.36167717589384,NA,NA,1.5555752863319,138.831360924432,NA,NA,-1834.65287408256,NA,NA,NA,NA,"w"
"38",2009,1,2,6,"i","05-15",5,15,805.425631431244,0.0967708058685876,107.602751808079,458.056550293754,11.7212638230648,39.0791093186047,-26.4711832885028,-0.848107893179303,9.67708058685876,1.04128050061454,4.43265015053118,0.11342761459563,12.8604410680015,1.36957672223213,5.8985539291521,0.15646664830068,1.05877319881601,0.940385178408368,51.2438364909098,9.95654623462597,NA,NA,NA,NA,NA,NA,NA,NA,NA,NA,NA,NA,NA,NA,NA,NA,NA,NA,NA,1836.166992,68.811835,40257.8,40257.8,37117.766439,37117.766439,4,10,45.8056550293754,10.7602751808079,0.389577974849643,0.359191617034405,374.13355442623,NA,0.0586018332084683,21.9249121541773,NA,NA,1.56372449314975,585.041802765469,NA,NA,-458.771685051372,NA,NA,NA,NA,"w"
"39",2009,1,2,6,"i","15-25",15,25,703.826955074875,0.271725577427855,222.263728053791,403.164024127081,19.4985535197686,20.6766119198706,-26.2206359487007,1.06346367836662,27.1725577427855,6.03947398466843,10.9549977254069,0.529825571416705,40.032998810787,7.40905070690057,16.853551654559,0.686292219717385,0.929913936992527,0.930515464954189,-76.6990552617263,8.65299299447983,NA,NA,NA,NA,NA,NA,NA,NA,NA,NA,NA,NA,NA,NA,NA,NA,NA,NA,NA,4633.966598,159.372535,17342,17342,14671.257081,14671.257081,4,20,40.3164024127081,22.2263728053791,0.471226496375386,0.398655580192723,78.0244268907565,NA,0.0479640332646591,3.7423662068442,NA,NA,1.39461751081384,108.814232013063,NA,NA,583.703790735564,NA,NA,NA,NA,"w"
"40",2009,1,2,6,"i","25-35",25,35,507.246376811594,0.336181177342711,617.505168849068,214.78790593505,9.58,22.4204494712996,-26.3088916452932,0.754265097012627,33.6181177342711,20.7593614678889,7.22076510962208,0.322061567894318,73.6511165450582,28.1684121747895,24.0743167641811,1.0083537876117,0.822990809976431,0.965415345217176,-182.861808889889,7.9452795692396,5.08,3.715,1.138,83.9379397486201,284.530815407704,5.6,17.8,NA,NA,NA,NA,0.865406837343685,0.14713983697281,0.804876743233036,0.159099520143528,-140.747418963776,1.27335820961905,-200.847059214579,1.28055503623062,5080.47285,245.22763,19458.5,19458.5,16744.372307,16744.372307,4,30,21.478790593505,61.7505168849068,0.654158143932314,0.562914279603195,31.5114771205358,0.135930748409875,0.121544822122033,3.83005688141804,0.0165216786363931,0.0560047900674647,2.51808969833076,79.3487259164067,0.342285817257297,1.16027225564959,1564.91069696204,1161.21473662461,1743.69220046391,-403.695960337429,178.781503501874,"w"
"41",2009,1,2,6,"i","35-45",35,45,542.087542087542,0.547299292135574,852.751423149905,76.779030816991,2.99233096085409,25.6586025481206,-26.8934011071735,1.08197326044706,54.7299292135574,46.6710250257546,4.20211092169946,0.163770061671081,128.381045758616,74.8394372005441,28.2764276858806,1.17212384928278,0.648825368230619,1.19834478196498,-355.788690085733,7.77516494425666,8.039,0.358,7.462,32.6915541663896,352.514761544284,2,16.8,NA,NA,NA,NA,0.672104435004047,0.17533239515427,0.608682445513312,0.179742089606226,-332.675170124903,1.17841680383067,-395.646140323887,1.0940585466319,4934.809964,217.714145,23500.1,23500.1,6515.085876,6515.085876,4,40,7.6779030816991,85.2751423149905,1.28615880951152,0.356570188813728,27.5579721851357,0.0383365577340617,0.172803295237471,4.76210840365402,0.00662468350450741,0.0714343134013101,3.91683977699246,107.940161627992,0.150158154245741,1.61916333706422,3475.00893903696,3191.84460127526,3988.05179889355,-283.164337761701,513.042859856588,"w"
"42",2009,1,2,6,"i","45-55",45,55,706.06372045221,0.293258532254952,397.522317361996,301.798924972005,13.82,21.8378382758325,-26.3658522250646,0.428462530070944,29.3258532254952,11.6576811328166,8.85051097734124,0.405283291576343,157.706898984111,86.4971183333607,37.1269386632218,1.57740714085913,0.680793787309993,1.12511142052236,-324.047611300276,7.65968865123142,5.037,4.334,0.679,139.622636865562,327.276833498513,8.9,19.4,NA,NA,NA,NA,0.738785844244773,0.169942359671881,0.733932301794545,0.154990234830029,-266.467959221539,1.25551009663139,-271.286986178072,1.1375233980448,4009.791486,176.76453,12149.8,12149.8,9585.363086,9585.363086,4,50,30.1798924972005,39.7522317361996,0.356303251519122,0.281098950973116,30.5638186067828,0.351232196954661,0.0991379024944131,3.03003286889617,0.0348204232945897,0.081619414535939,2.2488805721487,68.7343778754708,0.789879264044444,1.85148476053716,3088.65498100195,2431.96818779808,2484.91606212506,-656.686793203868,-603.738918876886,"w"
"43",2009,1,2,6,"i","55-65",55,65,651.813471502591,0.354598467011289,624.158492017697,220.933552101314,8.77755042546486,25.170297109357,-26.7746408848108,-0.0305626735982289,35.4598467011289,22.1325644441553,7.83426988864846,0.311250592498413,193.16674568524,108.629682777516,44.9612085518703,1.88865773335754,0.661372977464823,1.1863321095216,-343.330311950639,7.84607999536422,5.049,1.77,3.398,60.132103443691,325.719111442045,3.9,16.4,NA,NA,NA,NA,0.682725134735441,0.164639113590715,0.630828797464549,0.184385269121166,-322.129998463649,1.12403261008944,-373.65727999428,1.16315537589882,2846.66263,97.341415,13114.6,13114.6,10530.36569,10530.36569,4,60,22.0933552101314,62.4158492017697,0.465041705546625,0.373405153074228,21.0116503543913,0.096341080370955,0.219259734342913,4.60700887481001,0.0211237196884448,0.114421395780941,6.4120548485729,134.727854531393,0.617744291509333,3.34615139344384,3321.14211879278,3065.89838555843,3700.96996665938,-255.243733234354,379.827847866599,"w"
"44",2009,1,2,6,"i","65-75",65,75,588.191330343797,0.41685045411208,647.512533744696,182.204434490482,8.12,22.4389697648376,-26.8104815419672,0.499420786908789,41.685045411208,26.991589373474,7.59520012585919,0.338482568739009,234.851791096448,135.62127215099,52.5564086777295,2.22714030209655,0.646261660678175,1.18226625479368,-358.334166081995,7.64053353186731,8.04,2.833,4.428,96.2195756605284,275.021080139373,5.8,14.5,NA,NA,NA,NA,0.659582953794175,0.167165026013639,0.638304992834798,0.17298626166961,-345.107606042561,1.10259201629156,-366.234250858139,1.10417994515539,4852.71139,168.8528,39793.2,39793.2,13983.999419,13983.999419,4,70,18.2204434490482,64.7512533744696,1.65878134905728,0.582923650811321,61.4554899344849,0.148598784805093,0.133433143186514,8.20019918802548,0.0198280029302399,0.0566736939489354,3.83477522282542,235.66799010736,0.569842938112536,1.62876233109177,3506.81265447827,3342.91312357431,3606.3275064856,-163.899530903959,99.5148520073335,"w"
"45",2009,1,2,6,"i","75-85",75,85,534.391534391534,0.565187528884626,716.824196597355,138.380604703247,6.24,22.1763789588538,-26.9123521020319,-0.104575077071477,56.5187528884626,40.5140096319566,7.82109920177887,0.352677018024006,291.37054398491,176.135281782947,60.3775078795083,2.57981732012055,NA,NA,NA,NA,NA,NA,NA,NA,NA,NA,NA,NA,NA,NA,NA,NA,NA,NA,NA,NA,NA,NA,NA,NA,NA,NA,NA,NA,NA,4,80,13.8380604703247,71.6824196597355,NA,NA,NA,NA,NA,NA,NA,NA,NA,NA,NA,NA,NA,NA,NA,NA,NA,"w"
"46",2009,1,2,6,"i","85-95",85,95,NA,NA,NA,NA,NA,NA,NA,NA,NA,NA,NA,NA,NA,NA,NA,NA,NA,NA,NA,NA,NA,NA,NA,NA,NA,NA,NA,NA,NA,NA,NA,NA,NA,NA,NA,NA,NA,NA,NA,NA,NA,NA,NA,NA,NA,4,90,NA,NA,NA,NA,NA,NA,NA,NA,NA,NA,NA,NA,NA,NA,NA,NA,NA,NA,NA,"w"
"47",2009,1,2,6,"i","95-105",95,105,NA,NA,NA,NA,NA,NA,NA,NA,NA,NA,NA,NA,NA,NA,NA,NA,NA,NA,NA,NA,NA,NA,NA,NA,NA,NA,NA,NA,NA,NA,NA,NA,NA,NA,NA,NA,NA,NA,NA,NA,NA,NA,NA,NA,NA,4,100,NA,NA,NA,NA,NA,NA,NA,NA,NA,NA,NA,NA,NA,NA,NA,NA,NA,NA,NA,"w"
"48",2009,1,2,6,"i","105-115",105,115,NA,NA,NA,NA,NA,NA,NA,NA,NA,NA,NA,NA,NA,NA,NA,NA,NA,NA,NA,NA,NA,NA,NA,NA,NA,NA,NA,NA,NA,NA,NA,NA,NA,NA,NA,NA,NA,NA,NA,NA,NA,NA,NA,NA,NA,4,110,NA,NA,NA,NA,NA,NA,NA,NA,NA,NA,NA,NA,NA,NA,NA,NA,NA,NA,NA,"w"
"49",2009,2,3,2,"i","0-5",0,5,737.142857142857,0.0568472380952381,120.159453302964,454.603090705487,13.61,33.4021374508073,-26.7984378724156,-1.75724659328879,2.8423619047619,0.341536652565362,1.2921465068083,0.0386845455238095,2.8423619047619,0.341536652565362,1.2921465068083,0.0386845455238095,1.19748494161943,0.126925593885481,188.969144266044,1.51991487383966,NA,NA,NA,NA,NA,NA,NA,NA,NA,NA,NA,NA,NA,NA,NA,NA,NA,NA,NA,1289.134484,44.29731,7195.6,7195.6,4732.611819,4732.611819,5,2.5,45.4603090705487,12.0159453302964,0.0204524993219048,0.0134517955443515,59.8837611374394,NA,0.093209401186854,5.58172951643733,NA,NA,2.71256772257647,162.438757567897,NA,NA,-1447.73517769375,NA,NA,NA,NA,"c"
"50",2009,2,3,2,"i","05-15",5,15,776.536312849162,0.175823524805037,160.668124875721,427.279731243001,11.24,38.0142109646798,-25.9117520884553,0.301084173935836,17.5823524805037,2.8249236039465,7.51258284248933,0.197625641880861,20.4247143852656,3.16646025651186,8.80472934929762,0.236310187404671,1.00482496871226,0.128044203838328,-2.32074603685428,1.28662013115634,NA,NA,NA,NA,NA,NA,NA,NA,NA,NA,NA,NA,NA,NA,NA,NA,NA,NA,NA,838.311742,63.741225,40351.5,40351.5,37209.537846,37209.537846,5,10,42.7279731243001,16.0668124875721,0.709474296117045,0.654231210045014,251.148135519802,NA,0.191656774951532,48.1342416888156,NA,NA,2.52063126925661,633.051843606708,NA,NA,-38.6657679375319,NA,NA,NA,NA,"c"
"51",2009,2,3,2,"i","15-25",15,25,744.773519163763,0.251093536363624,286.295313881519,409.151131019037,17.39,23.5279546301919,-26.1617041640743,1.18360898839009,25.1093536363624,7.18869028068444,10.2735204394746,0.436651659736342,45.534068021628,10.3551505371963,19.0782497887723,0.672961847141013,0.889501165540337,0.150290689805539,-116.824435231807,1.33683743751888,NA,NA,NA,NA,NA,NA,NA,NA,NA,NA,NA,NA,NA,NA,NA,NA,NA,NA,NA,2930.00819,130.606195,22334.6,22334.6,19561.568325,19561.568325,5,20,40.9151131019037,28.6295313881519,0.5608073697267,0.49117833675429,78.0124539839412,NA,0.0977114380972154,7.62270906826373,NA,NA,2.19205003163532,171.007202223447,NA,NA,940.619809591627,NA,NA,NA,NA,"c"
"52",2009,2,3,2,"i","25-35",25,35,616.345351267839,0.285064054943335,362.090152015976,349.796565709923,14.9681551243205,23.3693840559929,-26.9906321908457,1.2989061235298,28.5064054943335,10.3218886988723,9.97144274265233,0.426688299475965,74.0404735159615,20.6770392360686,29.0496925314246,1.09965014661698,0.77000313993971,0.1670276750821,-235.472662279838,1.28580683290443,3.04566873786693,2.29978744337899,0.668556245955642,74.8146422772424,380.81285968328,5.01874865188082,22.0503106800391,NA,NA,NA,NA,0.776288083547864,0.16374084546891,0.757535222788685,0.163446917556954,-229.232413435086,1.27108829569396,-247.851915054228,1.23814760045987,3999.05888,181.8746,6097.9,6097.9,3657.397315,3657.397315,5,30,34.9796565709923,36.2090152015976,0.173829210063896,0.104259250915277,16.8408336046956,0.206618826446132,0.0905438411589419,1.52483376288773,0.0187080622021855,0.0952256196046006,1.9908780666238,33.5280462472495,0.411352889723152,2.0938210155969,2099.51039303941,2034.20933039159,2230.64556463997,-65.3010626478192,131.135171600566,"c"
"53",2009,2,3,2,"i","35-45",35,45,647.18146433236,0.285533517164938,342.759056796543,366.527706909348,13.6580076682476,26.8361034648896,-25.8696336583815,0.954449289982522,28.5533517164938,9.78691990272537,10.4655945292226,0.389981896698044,102.593825232455,30.4639591387939,39.5152870606472,1.48963204331502,0.813712965247998,0.150689272499179,-192.073675130544,1.22565358688321,3.06979309857715,2.70967350216696,0.286908860863535,109.496184950147,318.821540588821,5.51563192411473,15.6327974977514,NA,NA,NA,NA,0.806074387339296,0.166266515568827,0.791758168597975,0.15927329663153,-199.657932037556,1.3404356371942,-213.872342385777,1.26098620510382,4585.35546,155.031935,7670.6,7670.6,5197.874981,5197.874981,5,40,36.6527706909348,34.2759056796543,0.219021339676537,0.148416752510857,22.3789856107381,0.319455263920692,0.0747508148030345,1.67284740886806,0.0238795412711901,0.0695303872011748,2.21089323819988,49.4775479645532,0.706281482909615,2.05648946192164,1655.98365241249,1731.74810520806,1875.69968791245,75.7644527955708,219.716035499969,"c"
"54",2009,2,3,2,"i","45-55",45,55,640.273704789834,0.381995765350671,494.146426699281,277.116058230683,11.09,24.9879222931184,-26.5940870895065,0.316111262721962,38.1995765350671,18.8761842462291,10.5857160754791,0.423633303773893,140.793401767522,49.340143385023,50.1010031361263,1.91326534708892,0.631442776382959,0.168998865362305,-373.047667327058,1.06713112749944,5.015,2.89,1.945,60.7765528260435,335.93615,3.9,18.4,NA,NA,NA,NA,0.626477532216346,0.178039064049539,0.601073970646723,0.185092511207123,-377.977601644116,1.11537473483863,-403.200508263633,1.11254290648239,4618.736316,168.112925,6491.8,6491.8,4043.212563,4043.212563,5,50,27.7116058230683,49.4146426699281,0.247984010950349,0.154449007747863,13.1374014851486,0.122993002766425,0.106987364701354,1.4055359639197,0.0131586972426861,0.0727333467460064,2.93937201258785,38.6157102435759,0.361522190075769,1.99827675355717,3693.15533604781,3756.57113951889,4089.09641193238,63.4158034710822,395.941075884576,"c"
"55",2009,2,3,2,"i","55-65",55,65,NA,NA,NA,NA,NA,NA,NA,NA,NA,NA,NA,NA,NA,NA,NA,NA,NA,NA,NA,NA,NA,NA,NA,NA,NA,NA,NA,NA,NA,NA,NA,NA,NA,NA,NA,NA,NA,NA,NA,NA,NA,NA,NA,NA,NA,5,60,NA,NA,NA,NA,NA,NA,NA,NA,NA,NA,NA,NA,NA,NA,NA,NA,NA,NA,NA,"c"
"56",2009,2,3,2,"i","65-75",65,75,NA,NA,NA,NA,NA,NA,NA,NA,NA,NA,NA,NA,NA,NA,NA,NA,NA,NA,NA,NA,NA,NA,NA,NA,NA,NA,NA,NA,NA,NA,NA,NA,NA,NA,NA,NA,NA,NA,NA,NA,NA,NA,NA,NA,NA,5,70,NA,NA,NA,NA,NA,NA,NA,NA,NA,NA,NA,NA,NA,NA,NA,NA,NA,NA,NA,"c"
"57",2009,2,3,2,"i","75-85",75,85,NA,NA,NA,NA,NA,NA,NA,NA,NA,NA,NA,NA,NA,NA,NA,NA,NA,NA,NA,NA,NA,NA,NA,NA,NA,NA,NA,NA,NA,NA,NA,NA,NA,NA,NA,NA,NA,NA,NA,NA,NA,NA,NA,NA,NA,5,80,NA,NA,NA,NA,NA,NA,NA,NA,NA,NA,NA,NA,NA,NA,NA,NA,NA,NA,NA,"c"
"58",2009,2,3,2,"i","85-95",85,95,NA,NA,NA,NA,NA,NA,NA,NA,NA,NA,NA,NA,NA,NA,NA,NA,NA,NA,NA,NA,NA,NA,NA,NA,NA,NA,NA,NA,NA,NA,NA,NA,NA,NA,NA,NA,NA,NA,NA,NA,NA,NA,NA,NA,NA,5,90,NA,NA,NA,NA,NA,NA,NA,NA,NA,NA,NA,NA,NA,NA,NA,NA,NA,NA,NA,"c"
"59",2009,2,3,2,"i","95-105",95,105,NA,NA,NA,NA,NA,NA,NA,NA,NA,NA,NA,NA,NA,NA,NA,NA,NA,NA,NA,NA,NA,NA,NA,NA,NA,NA,NA,NA,NA,NA,NA,NA,NA,NA,NA,NA,NA,NA,NA,NA,NA,NA,NA,NA,NA,5,100,NA,NA,NA,NA,NA,NA,NA,NA,NA,NA,NA,NA,NA,NA,NA,NA,NA,NA,NA,"c"
"60",2009,2,3,2,"i","105-115",105,115,NA,NA,NA,NA,NA,NA,NA,NA,NA,NA,NA,NA,NA,NA,NA,NA,NA,NA,NA,NA,NA,NA,NA,NA,NA,NA,NA,NA,NA,NA,NA,NA,NA,NA,NA,NA,NA,NA,NA,NA,NA,NA,NA,NA,NA,5,110,NA,NA,NA,NA,NA,NA,NA,NA,NA,NA,NA,NA,NA,NA,NA,NA,NA,NA,NA,"c"
"61",2009,2,3,6,"i","0-5",0,5,853.846153846154,0.0548562548562549,52.1878763548771,467.701187010078,9.4,49.7554454266041,-27.5283430678169,-3.37447463335915,2.74281274281274,0.143141572286493,1.28281677555989,0.0257824397824398,2.74281274281274,0.143141572286493,1.28281677555989,0.0257824397824398,1.2114470909692,0.142454239068545,202.832003152659,1.7257577351582,NA,NA,NA,NA,NA,NA,NA,NA,NA,NA,NA,NA,NA,NA,NA,NA,NA,NA,NA,917.500682,36.70126,4302.2,4302.2,1898.458406,1898.458406,6,2.5,46.7701187010078,5.21878763548771,0.011800128982129,0.00520711590767677,82.4367707692315,NA,0.0568804769072391,4.68904283604663,NA,NA,1.42196416021894,117.222133518032,NA,NA,-1540.85461831,NA,NA,NA,NA,"w"
"62",2009,2,3,6,"i","05-15",5,15,846.038863976084,0.0614422600745804,85.8353938537629,450.699753639418,9.63,46.8016358919437,-26.3888211416819,-0.247057547973905,6.14422600745804,0.527392059276694,2.76920114786624,0.059168896451821,8.88703875027078,0.670533631563187,4.05201792342613,0.0849513362342607,1.11444880834621,0.143545438770992,106.523514354824,1.59974043181866,NA,NA,NA,NA,NA,NA,NA,NA,NA,NA,NA,NA,NA,NA,NA,NA,NA,NA,NA,1878.084906,31.7293,21668.6,21668.6,18909.281326,18909.281326,6,10,45.0699753639418,8.58353938537629,0.133136775665205,0.11618289810555,252.443648559668,NA,0.0457036812231123,11.5376040405705,NA,NA,2.70524070350631,682.920833425257,NA,NA,-870.455401187045,NA,NA,NA,NA,"w"
"63",2009,2,3,6,"i","15-25",15,25,770.783847980997,0.204232305908309,184.621240959264,444.792564389697,21.35,20.8333753812505,-25.9519864811722,0.845163491024619,20.4232305908309,3.77056217607641,9.08410110761779,0.43603597311424,29.3102693411017,4.4410958076396,13.1361190310439,0.5209873093485,0.938614542673867,0.641352532270753,-68.0603230889871,6.01982813770038,NA,NA,NA,NA,NA,NA,NA,NA,NA,NA,NA,NA,NA,NA,NA,NA,NA,NA,NA,2120.064138,72.1758,23043,23043,20255.511939,20255.511939,6,20,44.4792564389697,18.4621240959264,0.470612502504516,0.413682991065525,124.812290721653,NA,0.0870828564334991,10.8690107940499,NA,NA,2.55793826960372,319.262134953821,NA,NA,508.893616485497,NA,NA,NA,NA,"w"
"64",2009,2,3,6,"i","25-35",25,35,445.300462249615,0.541647085122036,759.415698697644,134.32071668533,5.57,24.115029925553,-26.8387106824956,0.791120255963329,54.1647085122035,41.1335299595493,7.2754424664112,0.301697426412974,83.4749778533052,45.5746257671889,20.4115614974551,0.822684735761474,0.661932576015662,0.180418278433454,-342.774692930308,1.19424735803767,8.008,3.037,4.789,58.52721263798,279.967461500248,3.6,16,NA,NA,NA,NA,0.776685772915676,1.05616272248877,0.654031641919689,1.11508769363645,-228.837552196422,8.20306560440913,-350.619440304156,7.29302635153486,5049.799126,183.975845,19195.2,19195.2,4541.70028,4541.70028,6,30,13.432071668533,75.9415698697644,1.03970241283345,0.245999871815993,25.2762749478562,0.0770687421110084,0.150385328158426,3.80118090265597,0.0115900080731211,0.0554413065776763,4.12780111811767,104.335435991611,0.318124439857743,1.52176206338527,3314.34813925416,2030.09510947516,3410.80815747727,-1284.253029779,96.4600182231143,"w"
"65",2009,2,3,6,"i","35-45",35,45,601.659751037345,0.428154784554897,614.958448753461,224.921970884658,9.41,23.9024411142039,-27.0384056450397,0.65252443186776,42.8154784554897,26.3297402136252,9.63014179857838,0.402893652266158,126.290456308795,71.9043659808141,30.0417032960335,1.22557838802763,0.666455825277661,0.198384290123034,-338.283610314214,1.3221436579607,5.199,3.406,1.524,60.5419157292152,278.966009654063,4,14.6,NA,NA,NA,NA,0.66404466669029,1.16001837744942,0.623029985096693,1.10725689377164,-340.677622182487,7.7030401680801,-381.400631868719,6.89854246024755,5070.901966,201.34811,6205,6205,3762.279456,3762.279456,6,40,22.4921970884658,61.4958448753461,0.265670043816314,0.1610837949919,10.0901126126126,0.0984487908930034,0.121272005035142,1.2236481875619,0.0119390822648799,0.0550130946179808,3.05420522076647,30.8172746195631,0.300682811123557,1.38549107639532,3259.64214857161,3288.75729471794,3800.89935028217,29.1151461463328,541.257201710556,"w"
"66",2009,2,3,6,"i","45-55",45,55,676.320272572402,0.320935578395783,347.679174817711,365.619529675252,16.92,21.6087192479463,-26.8105308995557,0.531661058387161,32.0935578395783,11.1582617066291,11.7340315229121,0.543022998645666,158.384014148373,83.0626276874432,41.7757348189456,1.7686013866733,0.725577408689066,0.164362744165466,-279.582464276212,1.19257893996603,3.041,2.7,0.223,90.7943841059604,341.342479421302,6.3,21.2,NA,NA,NA,NA,0.724341385300068,1.10719850411349,0.721336862647393,1.03783730661666,-280.809697805446,8.01989698271728,-283.792854088354,7.48630306693281,4995.283456,165.06464,6654.4,6654.4,4202.47776,4202.47776,6,50,36.5619529675252,34.7679174817711,0.21356337128769,0.134872463060101,19.1394839897699,0.261144154387631,0.0696014906621769,1.33213661619286,0.0181760224230928,0.0683329549620061,2.10632134670218,40.3139036925171,0.550053506953157,2.06793217142873,2576.88611063112,2590.58202012643,2623.97169760423,13.6959094953081,47.0855869731058,"w"
"67",2009,2,3,6,"i","55-65",55,65,670.807453416149,0.325458302603477,625.201360300699,207.315207166853,8.38999999999999,24.7097982320445,-27.0220554033376,0.873428377695287,32.5458302603477,20.3476973508851,6.74724554284123,0.273059515884317,190.929844408721,103.410325038328,48.5229803617869,2.04166090255762,0.546090868767357,0.186365649621967,-457.792603177322,1.01772579510453,8.063,4.345,3.648,63.5325576756864,371.524368907773,4.1,18.9,NA,NA,NA,NA,0.567579076979396,1.2250305567134,0.555408471069343,1.21648778693437,-436.457206261912,6.95301712650949,-448.54126209522,6.75647621815747,5205.821588,146.607225,20388.7,20388.7,5088.788003,5088.788003,6,60,20.7315207166853,62.5201360300699,0.663567169429151,0.165618830576532,32.6114133695963,0.101619352915562,0.120096578365624,3.91651916135548,0.0122041365808878,0.0713670959765848,4.26446486727171,139.070226586718,0.433352160343301,2.53414774686427,4859.72313256115,4549.69195460028,4723.81731415955,-310.031177960863,-135.905818401591,"w"
"68",2009,2,3,6,"i","65-75",65,75,710.377358490566,0.272930168557164,382.907662082515,339.047614781635,13.76,24.640088283549,-27.0367452095746,0.697347158630314,27.2930168557163,10.450705275401,9.25363226512559,0.375551911934657,218.222861264437,113.861030313729,57.7766126269125,2.41721281449227,0.550467382737936,0.187438803359656,-453.447212358937,1.03178947508921,3.075,2.888,0.181,69.877194612169,326.620599250936,4.6,17.3,NA,NA,NA,NA,0.554865742292806,1.15595275674501,0.539753000592297,1.20029102400247,-449.080131309003,6.41398584426734,-464.085400221085,6.47860681789332,4149.741684,157.6067,8106.3,8106.3,5624.701381,5624.701381,6,70,33.9047614781635,38.2907662082515,0.221245382537494,0.153515069600004,21.1703781426372,0.182490980285244,0.092272650020332,1.95344689315365,0.0168389263557276,0.0787086580618438,2.42951386002318,51.4337271194689,0.443364365932216,2.07237762893923,4795.60118855917,4731.67076253601,4953.49844347487,-63.9304260231638,157.897254915696,"w"
"69",2009,2,3,6,"i","75-85",75,85,778.378378378378,0.169521394882139,331.834687878265,335.582620380739,13.55,24.766245046549,-26.888893911799,0.173218942920458,16.9521394882139,5.62530791594026,5.68884339051461,0.229701490065298,235.175000752651,119.48633822967,63.4654560174271,2.64691430455757,0.570844164902023,0.178018449212123,-433.215337693552,1.01620792977647,NA,NA,NA,NA,NA,NA,NA,NA,NA,NA,NA,NA,NA,NA,NA,NA,NA,NA,NA,NA,NA,NA,NA,NA,NA,6,80,33.5582620380739,33.1834687878265,NA,NA,NA,NA,NA,NA,NA,NA,NA,NA,NA,NA,4503.61326921291,NA,NA,NA,NA,"w"
"70",2009,2,3,6,"i","85-95",85,95,NA,NA,NA,NA,NA,NA,NA,NA,NA,NA,NA,NA,NA,NA,NA,NA,NA,NA,NA,NA,NA,NA,NA,NA,NA,NA,NA,NA,NA,NA,NA,NA,NA,NA,NA,NA,NA,NA,NA,NA,NA,NA,NA,NA,NA,6,90,NA,NA,NA,NA,NA,NA,NA,NA,NA,NA,NA,NA,NA,NA,NA,NA,NA,NA,NA,"w"
"71",2009,2,3,6,"i","95-105",95,105,NA,NA,NA,NA,NA,NA,NA,NA,NA,NA,NA,NA,NA,NA,NA,NA,NA,NA,NA,NA,NA,NA,NA,NA,NA,NA,NA,NA,NA,NA,NA,NA,NA,NA,NA,NA,NA,NA,NA,NA,NA,NA,NA,NA,NA,6,100,NA,NA,NA,NA,NA,NA,NA,NA,NA,NA,NA,NA,NA,NA,NA,NA,NA,NA,NA,"w"
"72",2009,2,3,6,"i","105-115",105,115,NA,NA,NA,NA,NA,NA,NA,NA,NA,NA,NA,NA,NA,NA,NA,NA,NA,NA,NA,NA,NA,NA,NA,NA,NA,NA,NA,NA,NA,NA,NA,NA,NA,NA,NA,NA,NA,NA,NA,NA,NA,NA,NA,NA,NA,6,110,NA,NA,NA,NA,NA,NA,NA,NA,NA,NA,NA,NA,NA,NA,NA,NA,NA,NA,NA,"w"
"73",2009,2,4,1,"i","0-5",0,5,788.968825,0.053,100.019845207382,454.957939529675,11.58,39.2882503911637,-27.4468597212107,-2.06094943177248,2.65,0.265052589799561,1.20563853975364,0.030687,2.65,0.265052589799561,1.20563853975364,0.030687,1.16137947594045,0.576921111277922,153.120439084323,6.70024337874932,NA,NA,NA,NA,NA,NA,NA,NA,NA,NA,NA,NA,NA,NA,NA,NA,NA,NA,NA,837.15002,20.81861,5917.4,5917.4,3480.540453,3480.540453,7,2.5,45.4957939529675,10.0019845207382,0.01568111,0.00922343220045,59.1622591269844,NA,0.119476608514424,7.0685060725436,NA,NA,4.80434789870131,284.23607531915,NA,NA,-1201.80509634868,NA,NA,NA,NA,"c"
"74",2009,2,4,1,"i","05-15",5,15,883.534136546184,0.053956980041153,106.093050418534,423.04241881299,9.07,46.6419425372646,-26.3226230703401,0.258273767374957,5.3956980041153,0.572446060393787,2.28260913484536,0.0489389808973257,8.0456980041153,0.837498650193348,3.488247674599,0.0796259808973257,1.02789573856254,0.972790757483211,20.5859582840771,9.99927474130016,NA,NA,NA,NA,NA,NA,NA,NA,NA,NA,NA,NA,NA,NA,NA,NA,NA,NA,NA,627.56045,19.072505,19134.1,19134.1,16426.6459435,16426.6459435,7,10,42.304241881299,10.6093050418534,0.103241825180543,0.0886332207316516,180.352058165135,NA,0.169056304326594,30.4896524310925,NA,NA,5.5626175176535,1003.22951809424,NA,NA,-221.017875489955,NA,NA,NA,NA,"c"
"75",2009,2,4,1,"i","15-25",15,25,842.298288508558,0.140234611162995,164.668415136751,443.68627099664,17.57,25.2524912348685,-26.1334449836528,0.0266138572435002,14.0234611162995,2.30922111675289,6.22201716915729,0.246392211813382,22.0691591204148,3.14671976694624,9.71026484375629,0.326018192710707,0.988330581526699,0.898613127873201,-18.6978349968941,8.88126835238446,NA,NA,NA,NA,NA,NA,NA,NA,NA,NA,NA,NA,NA,NA,NA,NA,NA,NA,NA,1032.212736,43.439055,31724.3,31724.3,28759.050437,28759.050437,7,20,44.368627099664,16.4668415136751,0.44488448749182,0.403301425544966,192.655646643919,NA,0.159529532424555,30.7342652280547,NA,NA,3.79079183782315,730.317452808308,NA,NA,94.2916794354263,NA,NA,NA,NA,"c"
"76",2009,2,4,1,"i","25-35",25,35,676.24521072797,0.253571031724894,230.740533482559,426.152564389698,18.7,22.7889071866149,-26.1567507810109,0.973849603544719,25.3571031724894,5.85091151359249,10.8059945424505,0.474177829325551,47.4262622929041,8.99763128053873,20.5162593862068,0.800196022036258,0.890300514770811,0.949407960393363,-116.030770495413,8.45258395865717,3.004,3.031,0.191,62.9132402921397,362.537199504337,4.4,21.3,NA,NA,NA,NA,0.890249540393279,0.138861653667387,0.825765841457336,0.15628008253634,-116.081382373632,1.23621523355642,-180.106511774669,1.29050753858643,4501.42371,131.93797,8664.4,8664.4,6171.28915,6171.28915,7,30,42.6152564389698,23.0740533482559,0.219704084727717,0.156486015683814,37.5504029102668,0.272657947620179,0.0512594566403435,1.92481324980625,0.0139762982436816,0.0805383413916254,1.74885617447774,65.6702539837471,0.476839535215978,2.74778518651103,933.404204761974,933.8641493433,1537.86989756145,0.459944581326226,604.465692799473,"c"
"77",2009,2,4,1,"i","35-45",35,45,539.976800555322,0.512465588209517,668.905207704601,187.266639090288,6.72041838496441,27.8653245026024,-27.3566581195596,0.76138358960968,51.2465588209517,34.2790900722747,9.59677083534238,0.344398316066484,98.6728211138558,43.2767213528135,30.1130302215492,1.14459433810274,0.606559873934411,1.17514346135915,-397.753617442051,6.95184106834324,7.78750063407179,3.97159157039229,3.64137872327957,43.6086949840656,222.062306090034,2.45586388009469,9.91291701198317,NA,NA,NA,NA,0.567359017597222,0.186861641121403,0.526993317161768,0.19761772197364,-436.675700713255,1.03126454034061,-476.754344407543,1.02139456256342,5179.411064,247.06252,19919.6,19919.6,4873.7574145,4873.7574145,7,40,18.7266639090288,66.8905207704601,1.02081095308983,0.249763296021224,29.7794063651494,0.0651941328633277,0.129146962741361,3.8459198842998,0.00841962424785553,0.0428740455905305,2.70743295140275,80.6257460662184,0.176508743552302,0.898810171976041,4016.11309096547,4552.80707964121,5145.67801600626,536.693988675736,1129.56492504079,"c"
"78",2009,2,4,1,"i","45-55",45,55,264.082687338501,1.16016214265869,827.511703276916,101.465890257559,3.56,28.50165456673,-27.6144068041353,0.882611377989128,116.016214265869,96.004775074889,11.7716884647981,0.413017722786494,214.689035379725,139.281496427702,41.8847186863472,1.55761206088924,0.475980334895099,1.24758989708862,-527.404552826896,5.93828257027986,8.026,2.079,6.394,47.8621769251265,211.076749938165,2.6,8.9,NA,NA,NA,NA,0.489307740202603,0.203550986359764,0.482146898805931,0.202521757444265,-514.171924062212,0.99599073151707,-521.281841833798,0.976452372924793,5128.124768,233.655985,20917.9,20917.9,5331.3794885,5331.3794885,7,50,10.1465890257559,82.7511703276916,2.42681556839202,0.618526465070475,25.2780714969539,0.0578386707228357,0.161367310803487,4.07905441976173,0.00933327075499238,0.0411606112345988,3.54158145479097,89.5243492264921,0.204840363601756,0.903365475265549,5963.52840917982,5741.696495897,5860.12524904675,-221.831913282824,-103.403160133074,"c"
"79",2009,2,4,1,"i","55-65",55,65,568.435754189944,0.400538687267471,590.323183261724,245.033549832027,8.84,27.7187273565641,-27.3560711799686,0.717778685324196,40.0538687267471,23.6447272887205,9.81454163862084,0.354076199544444,254.742904106472,162.926223716423,51.6992603249681,1.91168826043368,0.526911647752968,1.21427972712652,-476.835433032309,6.39818131853262,5.031,2.847,2.194,61.0106682689098,282.427158986878,3.6,12.5,NA,NA,NA,NA,0.540162162087409,0.178843440709449,0.503425477608999,0.201436003641101,-463.679148438033,0.966044596087671,-500.154583568265,1.01408016340669,4580.29291,177.050615,8981.2,8981.2,6481.6729055,6481.6729055,7,60,24.5033549832027,59.0323183261724,0.359731805808661,0.25961607568661,15.214039113924,0.103351299760593,0.128883282109075,1.96083529513836,0.013320254723384,0.0616613750553516,3.33420577647654,50.7267370971855,0.344594500668127,1.5951775089111,5146.92300560977,4947.41130892746,5513.20523834524,-199.511696682313,366.282232735467,"c"
"80",2009,2,4,1,"i","65-75",65,75,535.046728971963,0.360322208349348,705.570776255706,169.315072788354,6.48,26.128869257462,-27.5567563536907,0.822187245890778,36.0322208349348,25.4232820247219,6.10079809339302,0.233488791010377,290.775124941407,188.349505741145,57.8000584183611,2.14517705144406,0.48620738260468,1.20491923552785,-517.250233769502,5.85840627756028,8.001,3.017,4.792,59.9344,298.0637,3.657808,13.448493,NA,NA,NA,NA,0.493012205670336,0.184895725399259,0.410149602464191,0.221466073197917,-510.493802539299,0.911558493981054,-592.767136425596,0.908342218814311,4924.791444,216.234395,25795.6,25795.6,7567.358461,7567.358461,7,70,16.9315072788354,70.5570776255706,0.929472755769644,0.272668731203864,36.5599042195186,0.0849445612218485,0.143269168710752,5.23790708567516,0.0121699366727539,0.0605231111589788,3.2629904981384,119.294620081139,0.277173296135427,1.37842871852094,5792.75722444208,5681.10908281206,7159.27711318894,-111.648141630017,1366.51988874686,"c"
"81",2009,2,4,1,"i","75-85",75,85,219.769673704415,0.648493000059865,857.043357130419,71.5542217245241,3.05,23.4604005654177,-27.7345040703105,0.686741165445417,64.8493000059865,55.5786617846884,4.64024119130854,0.197790365018259,355.624424947393,243.928167525833,62.4402996096697,2.34296741646232,0.380395054304195,1.39292435877718,-622.310088018766,5.29861537098683,NA,NA,NA,NA,NA,NA,NA,NA,NA,NA,NA,NA,NA,NA,NA,NA,NA,NA,NA,4600.287318,186.09682,28567.4,28567.4,8838.006476,8838.006476,7,80,7.15542217245241,85.7043357130419,1.85257589299102,0.573138533416976,33.3325026818367,NA,0.186302136776758,6.20991647374317,NA,NA,4.60536271995631,153.508265213774,NA,NA,7764.25558093044,NA,NA,NA,NA,"c"
"82",2009,2,4,1,"i","85-95",85,95,NA,NA,NA,NA,NA,NA,NA,NA,NA,NA,NA,NA,NA,NA,NA,NA,NA,NA,NA,NA,NA,NA,NA,NA,NA,NA,NA,NA,NA,NA,NA,NA,NA,NA,NA,NA,NA,NA,NA,NA,NA,NA,NA,NA,NA,7,90,NA,NA,NA,NA,NA,NA,NA,NA,NA,NA,NA,NA,NA,NA,NA,NA,NA,NA,NA,"c"
"83",2009,2,4,1,"i","95-105",95,105,NA,NA,NA,NA,NA,NA,NA,NA,NA,NA,NA,NA,NA,NA,NA,NA,NA,NA,NA,NA,NA,NA,NA,NA,NA,NA,NA,NA,NA,NA,NA,NA,NA,NA,NA,NA,NA,NA,NA,NA,NA,NA,NA,NA,NA,7,100,NA,NA,NA,NA,NA,NA,NA,NA,NA,NA,NA,NA,NA,NA,NA,NA,NA,NA,NA,"c"
"84",2009,2,4,1,"i","105-115",105,115,NA,NA,NA,NA,NA,NA,NA,NA,NA,NA,NA,NA,NA,NA,NA,NA,NA,NA,NA,NA,NA,NA,NA,NA,NA,NA,NA,NA,NA,NA,NA,NA,NA,NA,NA,NA,NA,NA,NA,NA,NA,NA,NA,NA,NA,7,110,NA,NA,NA,NA,NA,NA,NA,NA,NA,NA,NA,NA,NA,NA,NA,NA,NA,NA,NA,"c"
"85",2009,2,4,5,"i","0-5",0,5,801.556420233463,0.0490505060951175,62.9828686597212,472.272474804031,8.12,58.1616348280827,-27.4428484226937,-2.81264642958687,2.45252530475587,0.154467079154082,1.15826019519657,0.0199145054746177,2.45252530475587,0.154467079154082,1.15826019519657,0.0199145054746177,1.2583396364782,0.824847909866625,249.391076898415,10.3793881905137,NA,NA,NA,NA,NA,NA,NA,NA,NA,NA,NA,NA,NA,NA,NA,NA,NA,NA,NA,1455.271388,39.650895,4381.3,4381.3,1975.9662,1975.9662,8,2.5,47.2272474804031,6.29828686597212,0.0107452491177269,0.00484610710684231,69.563360533337,NA,0.0432791224915646,3.01064120144716,NA,NA,1.58843498134711,110.496875291213,NA,NA,-1845.92799754034,NA,NA,NA,NA,"w"
"86",2009,2,4,5,"i","05-15",5,15,797.993311036789,0.108059037693011,118.36174799138,429.053975363941,9.31,46.0852819939787,-26.0045484322774,-1.0177205696954,10.8059037693011,1.27900565876112,4.63631596961885,0.100602964092194,13.258429074057,1.43347273791521,5.79457616481542,0.120517469566811,1.12025102417889,0.84623195515859,112.284468295584,9.47992214459314,NA,NA,NA,NA,NA,NA,NA,NA,NA,NA,NA,NA,NA,NA,NA,NA,NA,NA,NA,1856.05482,55.119215,13552.9,13552.9,10959.732901,10959.732901,8,10,42.9053975363941,11.836174799138,0.146451333194961,0.118429819065449,114.504054139071,NA,0.0637706099604213,7.30199337538963,NA,NA,2.14737724387729,245.883400189934,NA,NA,-912.169553435034,NA,NA,NA,NA,"w"
"87",2009,2,4,5,"i","15-25",15,25,778.145695364238,0.167303046022436,177.199999999999,417.458768197088,15.04,27.7565670343809,-25.6853052558023,0.454682769652382,16.7303046022436,2.96460997551755,6.98421235081469,0.251623781217744,29.9887336763006,4.39808271343276,12.7787885156301,0.372141250784555,0.959664399113761,0.90330550546353,-47.1601606498514,8.66870135116811,NA,NA,NA,NA,NA,NA,NA,NA,NA,NA,NA,NA,NA,NA,NA,NA,NA,NA,NA,4075.892402,164.048545,22286.1,22286.1,19514.05404,19514.05404,8,20,41.7458768197088,17.7199999999999,0.372853241396061,0.326476068113842,125.768058690746,NA,0.0434751417660213,5.46778418121745,NA,NA,1.08016806854336,135.850641040431,NA,NA,330.731783281153,NA,NA,NA,NA,"w"
"88",2009,2,4,5,"i","25-35",25,35,625.433577829239,0.339521817432335,330.506359735678,369.954745395144,15.1497671311253,24.4198304959467,-26.6063233116095,1.32981334591178,33.9521817432335,11.2214119930403,12.5607707524276,0.514367647003631,63.9409154195341,15.619494706473,25.3395592680577,0.886508897788186,0.83305939508329,1.05784621965244,-172.864825543875,8.82188357840339,3.33526295603161,2.91334198123574,0.510330159874271,55.2750724883012,382.193268762207,3.86377445320162,22.8684674142434,NA,NA,NA,NA,0.84014604704647,0.954534009572596,0.765577957115456,1.02170552998917,-165.828569614863,8.00714739204664,-239.866375848093,7.8073325927139,4129.630038,165.626945,9779.3,9779.3,7263.393891,7263.393891,8,30,36.9954745395144,33.0506359735678,0.332028570921603,0.246608069459924,29.5888406135996,0.167243597165596,0.080032922245922,2.3680813801752,0.0133849938080824,0.0925490335079278,1.99548666272676,59.0441368099858,0.333732367570393,2.30755490154218,1467.23015500197,1399.18421852097,2145.80894685471,-68.0459364810001,678.578791852745,"w"
"89",2009,2,4,5,"i","35-45",35,45,470.431669534833,0.548769237894327,692.266118100563,175.869794932248,6.92516287294781,25.3957629818728,-27.0837386943032,0.772775975152311,54.8769237894327,37.989435005011,9.65119333336014,0.380031635208166,118.817839208967,53.608929711484,34.9907526014179,1.26654053299635,0.577707072975993,1.08228102092372,-426.401234520906,6.22831635411038,7.64806526973166,4.48681124353946,3.37151407702793,58.0840178755853,239.277091628529,3.39651247291811,12.1018194483117,NA,NA,NA,NA,0.597238888742828,1.12022465190878,0.541648207566116,1.22089704655829,-407.008317356661,6.68744148792802,-462.203670826792,6.60354134686003,4447.003962,217.34914,20645.8,20645.8,5206.646562,5206.646562,8,40,17.5869794932248,69.2266118100563,1.13297799317187,0.285724746581386,29.8235020610973,0.0839041755141159,0.155670227419636,4.64263134830101,0.0130613820837395,0.0538063589943186,3.18504190124959,94.9891037065985,0.267238314702259,1.10088814535235,4407.61337844682,4140.51423303794,4925.34198666215,-267.099145408881,517.72860821533,"w"
"90",2009,2,4,5,"i","45-55",45,55,617.704280155642,0.350486480390588,606.971844474237,239.364066944785,9.11096059716103,26.2720998946446,-27.4467243792522,0.980312398908314,35.0486480390588,21.2735425465958,8.38938693554548,0.31932685126763,153.866487248026,74.8824722580799,43.3801395369633,1.58586738426398,0.542256632207269,1.11111311218597,-461.599572938125,6.025084542153,5.103,4.343,1.056,81.5617831893165,372.956634544107,5.4,22,NA,NA,NA,NA,0.648404750179477,1.07351659234888,0.637032084596431,1.13015733016902,-356.206316952634,6.96073257875501,-367.498106933736,7.19946479959504,4511.943156,194.46234,7730.4,7730.4,5256.436757,5256.436757,8,50,23.9364066944785,60.6971844474237,0.27094006880114,0.184231001835665,12.7360108551594,0.134374903765043,0.134525596508698,1.71331945743157,0.0180768640847913,0.0826598699604953,3.12128222088779,39.7526842472429,0.419421998055338,1.9178861806564,4916.32371222261,3480.21823055013,3622.36291462234,-1436.10548167248,-1293.96079760028,"w"
"91",2009,2,4,5,"i","55-65",55,65,758.762886597938,0.21547479389329,378.811916093778,372.38764877424,14.9710466253668,24.8738553885251,-26.9073414057604,0.477933907379913,21.547479389329,8.16244195446291,8.02401518680362,0.322588318596775,175.413966637355,83.0449142125428,51.404154723767,1.90845570286076,0.561897715550001,1.06872859100485,-442.098165243691,6.00516153828594,3.066,2.422,0.81,54.0418732404037,389.877528361091,3.9,20.3,NA,NA,NA,NA,0.544712399233078,1.20715148900179,0.524159042489041,1.21295821661533,-459.161269859972,6.5755038381195,-479.568463412406,6.35783017400308,4624.672822,186.994535,9096,9096,6594.127111,6594.127111,8,60,37.238764877424,37.8811916093778,0.195995872525337,0.142086818014888,24.0119162401117,0.142661492272131,0.0819110736421687,1.96684183943337,0.0116855559994042,0.084303807721577,2.02579137456492,48.6431328059935,0.289002420527443,2.08496750111489,4630.50594135945,4880.02606341646,5188.99768020778,249.520122057006,558.491738848328,"w"
"92",2009,2,4,5,"i","65-75",65,75,657.221206581353,0.339797162105178,419.743922805714,336.417558790593,13.37,25.1621210763346,-27.3167531204655,1.1459987442787,33.9797162105178,14.2627793780277,11.4313731759396,0.454308805734623,209.393682847872,97.3076935905705,62.8355278997065,2.36276450859538,0.540808561642387,1.09519286091706,-463.037345690437,5.92289675833563,3.031,2.135,1.006,63.8118891417861,355.203232553717,4.2,19.8,NA,NA,NA,NA,0.538793070722031,1.22899568084383,0.454215209276637,1.32792266533828,-465.038503643715,6.62174356785961,-549.014897877606,6.03162671339819,4489.710568,218.15807,10507.2,10507.2,7976.410377,7976.410377,8,70,33.6417558790593,41.9743922805714,0.357031674167153,0.271036160989089,25.0324053050399,0.152025760647695,0.0934901964053987,2.34028448846772,0.0142129182216331,0.0791149512143156,1.92403573613259,48.1632423682516,0.292502996298904,1.62819203779038,4937.80415097199,4967.7975427698,6339.51638952016,29.9933917978105,1401.71223854817,"w"
"93",2009,2,4,5,"i","75-85",75,85,570.239334027055,0.460597986104985,689.530062197648,181.359059350504,6.61,27.4370740318463,-27.9543569712589,1.36720770424505,46.0597986104985,31.7596158007082,8.35336174987365,0.304455268815395,255.453481458371,129.067309391279,71.1888896495802,2.66721977741077,0.37378168420629,1.34446389836475,-628.876427780322,5.02535980285331,8.099,1.968,6.173,53.9035011221545,326.323156182213,3.3,14.5,NA,NA,NA,NA,0.384873001238308,1.44164405869073,0.360285385163449,1.50158650551525,-617.863985567474,5.54849875585678,-642.27674920902,5.40999672495799,5562.32103,207.868875,NA,NA,NA,NA,8,80,18.1359059350504,68.9530062197648,NA,NA,NA,0.0781742582047184,0.123964449099344,NA,0.00969082885209783,0.0586667246320756,3.31713952941559,NA,0.259314922073613,1.56985097543927,7905.14182426839,7670.24470978603,8200.55894135766,-234.897114482364,295.417117089272,"w"
"94",2009,2,4,5,"i","85-95",85,95,570.239334027055,0.460597986104985,689.530062197648,181.359059350504,6.61,27.4370740318463,-27.9543569712589,1.36720770424505,46.0597986104985,31.7596158007082,8.35336174987365,0.304455268815395,301.513280068869,160.826925191987,79.5422513994538,2.97167504622617,0.37378168420629,1.34446389836475,-628.876427780322,5.02535980285331,8.099,1.968,6.173,53.9035011221545,326.323156182213,3.3,14.5,NA,NA,NA,NA,0.384873001238308,1.44164405869073,0.360285385163449,1.50158650551525,-617.863985567474,5.54849875585678,-642.27674920902,5.40999672495799,NA,NA,NA,NA,NA,NA,8,90,18.1359059350504,68.9530062197648,NA,NA,NA,0.0781742582047184,NA,NA,NA,NA,NA,NA,NA,NA,7905.14182426839,7670.24470978603,8200.55894135766,-234.897114482364,295.417117089272,"w"
"95",2009,2,4,5,"i","95-105",95,105,NA,NA,NA,NA,NA,NA,NA,NA,NA,NA,NA,NA,NA,NA,NA,NA,NA,NA,NA,NA,NA,NA,NA,NA,NA,NA,NA,NA,NA,NA,NA,NA,NA,NA,NA,NA,NA,NA,NA,NA,NA,NA,NA,NA,NA,8,100,NA,NA,NA,NA,NA,NA,NA,NA,NA,NA,NA,NA,NA,NA,NA,NA,NA,NA,NA,"w"
"96",2009,2,4,5,"i","105-115",105,115,NA,NA,NA,NA,NA,NA,NA,NA,NA,NA,NA,NA,NA,NA,NA,NA,NA,NA,NA,NA,NA,NA,NA,NA,NA,NA,NA,NA,NA,NA,NA,NA,NA,NA,NA,NA,NA,NA,NA,NA,NA,NA,NA,NA,NA,8,110,NA,NA,NA,NA,NA,NA,NA,NA,NA,NA,NA,NA,NA,NA,NA,NA,NA,NA,NA,"w"
"97",2009,3,5,2,"i","0-5",0,5,872.611464968153,0.0586928298204188,95.0825970034547,447.09908174692,8.81,50.7490444661657,-27.233855370998,-2.47264701883501,2.93464149102094,0.279033334240361,1.31207551589187,0.0258541915358945,2.93464149102094,0.279033334240361,1.31207551589187,0.0258541915358945,1.20251664330405,0.76890523866193,193.965063494954,9.24621346614643,NA,NA,NA,NA,NA,NA,NA,NA,NA,NA,NA,NA,NA,NA,NA,NA,NA,NA,NA,1867.320326,41.16024,5250.7,5250.7,2827.555757,2827.555757,9,2.5,44.709908174692,9.50825970034547,0.0154089220769037,0.00829786244266732,55.2225135353552,NA,0.0509192748986628,2.81189034730188,NA,NA,2.31005934376123,127.567283378328,NA,NA,-1481.41825449499,NA,NA,NA,NA,"c"
"98",2009,3,5,2,"i","05-15",5,15,924.823805794831,0.0431654645431591,48.2815057283109,459.472291359499,6.72805818673883,68.2919616041862,-26.8891753704605,-0.516263759478923,4.31654645431591,0.208409362360574,1.98333349012425,0.0290419757103987,7.25118794533685,0.487442696600935,3.29540900601613,0.0548961672462931,1.02374551123319,0.897832627667106,16.4652448915483,9.19152122412901,NA,NA,NA,NA,NA,NA,NA,NA,NA,NA,NA,NA,NA,NA,NA,NA,NA,NA,NA,1357.068576,28.819125,16878.5,16878.5,14217.2671355,14217.2671355,9,10,45.9472291359499,4.82815057283109,0.0728568293291711,0.0613694940438047,349.585203389855,NA,0.0355777936223548,12.4374702196332,NA,NA,1.67532864819147,585.670106222864,NA,NA,-188.518215410742,NA,NA,NA,NA,"c"
"99",2009,3,5,2,"i","15-25",15,25,846.774193548387,0.112104251247207,134.474327628365,419.107771556551,11.2,37.4203367461206,-26.0028353376927,-0.0326676789567105,11.2104251247207,1.50751438107494,4.69837629222325,0.125556761396872,18.4616130700575,1.99495707767587,7.99378529823938,0.180452928643165,0.981989230789324,0.899604692621085,-24.9940898370693,8.83402120121446,NA,NA,NA,NA,NA,NA,NA,NA,NA,NA,NA,NA,NA,NA,NA,NA,NA,NA,NA,1790.699964,69.90685,55676,55676,52220.1996485,52220.1996485,9,20,41.9107771556551,13.4474327628365,0.62415162924395,0.585410638157475,414.026981818172,NA,0.0750959570736692,31.0917524539583,NA,NA,1.92362161402445,796.431251014743,NA,NA,145.999271310453,NA,NA,NA,NA,"c"
"100",2009,3,5,2,"i","25-35",25,35,479.255977268654,0.303234611992776,511.396388985335,251.490545965034,8.81630555208273,28.5256159146642,-26.3017653808503,0.589293917726757,30.3234611992776,15.5073085588475,7.62606381255583,0.267340899329556,48.7850742693351,17.5022656365233,15.6198491107952,0.447793827972721,0.873137329255515,0.997022833100744,-133.071901691104,8.50934358222557,5.68807794676905,2.19222059360836,3.31925007013004,158.921058858581,210.03721320116,6.10576524099745,8.14768548810975,NA,NA,NA,NA,0.922628854549941,0.911101115360791,0.87048936911039,1.00749837323823,-83.9323305511471,8.33886498920106,-135.701031125953,8.56807024800712,2389.679564,81.94215,11994.1,11994.1,9432.8528645,9432.8528645,9,30,25.1490545965034,51.1396388985335,0.363702625970255,0.28603674783516,23.4536266941532,0.310759055561376,0.214002076550099,5.01912481517961,0.0665030831968821,0.0878934633602449,6.24094423914109,146.372776403841,1.9394299375667,2.56323776226472,1089.77628600325,646.883296434675,1114.17494910956,-442.892989568579,24.3986631063108,"c"
"101",2009,3,5,2,"i","35-45",35,45,294.060325786325,0.964706355410936,847.575540511017,95.532401179606,3.06744940370295,31.1439207650113,-28.0867025282721,0.465007220429973,96.4706355410936,81.7661510621838,9.21607145656331,0.295918793465372,145.255709810429,99.2684166987071,24.8359205673585,0.743712621438093,0.486427915638786,1.16650296227469,-517.031269034557,5.67344538069615,8.02789797614812,2.11181066824809,5.86691309534155,49.7012219249347,40.7302404542593,2.52127060683934,1.85611311853507,NA,NA,NA,NA,0.643356115171452,1.12729080362009,0.519087618249829,1.2409677134583,-361.21904908527,7.17818605991697,-484.603822712834,6.41560398387945,4889.396226,192.80502,21523.6,21523.6,5609.042374,5609.042374,9,40,9.5532401179606,84.7575540511017,2.07639537113228,0.541107882596705,25.3943146908452,0.0586392829304265,0.173349735086701,4.40209772436635,0.0101651041616636,0.00833032108088744,4.39602423479958,111.634022807083,0.257779708873424,0.211250933478077,5789.11445742235,3543.00987040609,5267.09823562431,-2246.10458701626,-522.016221798041,"c"
"102",2009,3,5,2,"i","45-55",45,55,515.801884987468,0.511780700616267,839.926907976388,79.117042431845,2.51913524124591,31.4064291334813,-28.0255611826327,0.362576934193754,51.1780700616267,42.9858381430611,4.04905754064566,0.128924479871196,196.433779872055,142.254254841768,28.8849781080042,0.872637101309289,0.495053579953714,1.15619077527391,-508.466945290011,5.69771128614885,8.02691835363402,4.21199813952097,3.70419183868043,64.5267423603756,298.746304832363,3.66808808822722,14.2087711245399,NA,NA,NA,NA,0.675993243096044,1.09461094287057,0.639504645015453,1.13007060154246,-328.814016912317,7.31371622898825,-365.043129886947,7.14543791970935,5345.505336,204.771265,25704.3,25704.3,7525.511565,7525.511565,9,50,7.9117042431845,83.9926907976388,1.31549646628507,0.385141158123152,30.6030200436472,0.0768242352371328,0.157127690495376,4.80858186164198,0.0120712146568841,0.055887383147935,4.10178111648814,125.52688972254,0.315116197384314,1.45892689011988,5647.91618576195,3145.49946982095,3591.24418184463,-2502.416715941,-2056.67200391733,"c"
"103",2009,3,5,2,"i","55-65",55,65,533.998186763373,0.465443296816985,835.555555555551,92.7690824566218,2.83017947279865,32.7785157613648,-28.2231520426,0.314452865533914,46.5443296816985,38.8903732451523,4.31787475812968,0.131728806440316,242.978109553754,181.14462808692,33.2028528661339,1.00436590774961,0.40279381798728,1.29100583439649,-600.070610958721,5.20009169080417,8.172,2.047,5.997,37.9282182835821,302.756587631386,2.2,9.2,NA,NA,NA,NA,0.469301597705323,1.32978284124909,0.394265539794145,1.47627378000415,-534.035794828626,6.2406921199932,-608.538241133378,5.8204387875728,4939.265008,219.963365,29060.6,29060.6,9064.0957485,9064.0957485,9,60,9.27690824566218,83.5555555555551,1.35260614714797,0.421882260784666,34.7799734042555,0.0453928144351384,0.169165969876535,5.88358793321097,0.00767891947934576,0.0612958784639049,3.7986123532687,132.115636619762,0.17242970566295,1.37639550854928,7304.65163220611,6077.04203246023,7476.55921364102,-1227.60959974588,171.907581434908,"c"
"104",2009,3,5,2,"i","65-75",65,75,NA,NA,NA,NA,NA,NA,NA,NA,NA,NA,NA,NA,NA,NA,NA,NA,NA,NA,NA,NA,NA,NA,NA,NA,NA,NA,NA,NA,NA,NA,NA,NA,NA,NA,NA,NA,NA,NA,NA,NA,NA,NA,NA,NA,NA,9,70,NA,NA,NA,NA,NA,NA,NA,NA,NA,NA,NA,NA,NA,NA,NA,NA,NA,NA,NA,"c"
"105",2009,3,5,2,"i","75-85",75,85,NA,NA,NA,NA,NA,NA,NA,NA,NA,NA,NA,NA,NA,NA,NA,NA,NA,NA,NA,NA,NA,NA,NA,NA,NA,NA,NA,NA,NA,NA,NA,NA,NA,NA,NA,NA,NA,NA,NA,NA,NA,NA,NA,NA,NA,9,80,NA,NA,NA,NA,NA,NA,NA,NA,NA,NA,NA,NA,NA,NA,NA,NA,NA,NA,NA,"c"
"106",2009,3,5,2,"i","85-95",85,95,NA,NA,NA,NA,NA,NA,NA,NA,NA,NA,NA,NA,NA,NA,NA,NA,NA,NA,NA,NA,NA,NA,NA,NA,NA,NA,NA,NA,NA,NA,NA,NA,NA,NA,NA,NA,NA,NA,NA,NA,NA,NA,NA,NA,NA,9,90,NA,NA,NA,NA,NA,NA,NA,NA,NA,NA,NA,NA,NA,NA,NA,NA,NA,NA,NA,"c"
"107",2009,3,5,2,"i","95-105",95,105,NA,NA,NA,NA,NA,NA,NA,NA,NA,NA,NA,NA,NA,NA,NA,NA,NA,NA,NA,NA,NA,NA,NA,NA,NA,NA,NA,NA,NA,NA,NA,NA,NA,NA,NA,NA,NA,NA,NA,NA,NA,NA,NA,NA,NA,9,100,NA,NA,NA,NA,NA,NA,NA,NA,NA,NA,NA,NA,NA,NA,NA,NA,NA,NA,NA,"c"
"108",2009,3,5,2,"i","105-115",105,115,NA,NA,NA,NA,NA,NA,NA,NA,NA,NA,NA,NA,NA,NA,NA,NA,NA,NA,NA,NA,NA,NA,NA,NA,NA,NA,NA,NA,NA,NA,NA,NA,NA,NA,NA,NA,NA,NA,NA,NA,NA,NA,NA,NA,NA,9,110,NA,NA,NA,NA,NA,NA,NA,NA,NA,NA,NA,NA,NA,NA,NA,NA,NA,NA,NA,"c"
"109",2009,3,5,5,"i","0-5",0,5,876.033057851239,0.0484335960023064,52.9840456962728,449.760447928331,7.56,59.4921227418428,-26.5215900936098,-1.25006447683259,2.42167980011532,0.128310393191051,1.08917579163886,0.0183078992888718,2.42167980011532,0.128310393191051,1.08917579163886,0.0183078992888718,1.28387520515696,0.744326938278693,274.745051871393,9.55622900586413,NA,NA,NA,NA,NA,NA,NA,NA,NA,NA,NA,NA,NA,NA,NA,NA,NA,NA,NA,930.24765,30.07198,4454.6,4454.6,2047.71333,2047.71333,10,2.5,44.9760447928331,5.29840456962728,0.0107876148375937,0.00495890600768788,84.0743650557693,NA,0.0569569250685802,4.78861731066991,NA,NA,1.76190745325957,148.131250419826,NA,NA,-2007.31020566538,NA,NA,NA,NA,"w"
"110",2009,3,5,5,"i","05-15",5,15,850.90909090909,0.0374600978068209,61.2509252405646,449.864815229563,8.66,51.9474382482175,-26.5529856950828,-1.67516308985516,3.74600978068209,0.229446565026982,1.68519799783468,0.0324404447007069,6.16768958079741,0.357756958218033,2.77437378947354,0.0507483439895787,1.24788385717464,0.735031432079757,239.009652849459,9.17233858608286,NA,NA,NA,NA,NA,NA,NA,NA,NA,NA,NA,NA,NA,NA,NA,NA,NA,NA,NA,1118.020294,33.24851,10134,10134,7610.861921,7610.861921,10,10,44.9864815229563,6.12509252405646,0.0379620631174323,0.0285103631954869,165.450561933529,NA,0.0547851640701654,9.06423618102947,NA,NA,1.84221564336461,304.795613397412,NA,NA,-1778.90144332298,NA,NA,NA,NA,"w"
"111",2009,3,5,5,"i","15-25",15,25,848.020434227331,0.110754050141112,129.838406614059,432.602463605823,13.42,32.2356530257692,-25.6262995427294,0.154369472003547,11.0754050141112,1.43801293963756,4.79124749453677,0.148631935289372,17.2430945949086,1.79576989785559,7.56562128401031,0.19938027927895,0.998341482487441,1.06281117767396,-8.75812558181787,10.6104848672324,NA,NA,NA,NA,NA,NA,NA,NA,NA,NA,NA,NA,NA,NA,NA,NA,NA,NA,NA,1502.091982,53.915685,47898.9,47898.9,44602.443457,44602.443457,10,20,43.2602463605823,12.9838406614059,0.530499717230411,0.493990125905269,368.911643704764,NA,0.0864383860442303,31.8881270747639,NA,NA,2.4081750350396,888.403810505236,NA,NA,13.333931516838,NA,NA,NA,NA,"w"
"112",2009,3,5,5,"i","25-35",25,35,739.612188365651,0.239927399917905,178.717598908593,463.693482642777,20.83,22.2608489026777,-26.1203764488786,0.30463059997938,23.9927399917905,4.28792488257098,11.125277164936,0.499768774028996,41.2358345866991,6.08369478042657,18.6908984489463,0.699149053307947,0.965059175321689,0.898615600505471,-41.803748866693,8.67217230355012,3.004,2.767,0.329,137.03667619871,406.470828247603,7.9,24,NA,NA,NA,NA,0.988990979,NA,0.899459,NA,-18.04213387,NA,-106.9374149,NA,1502.26251,53.146215,27841.6,27841.6,24955.79216,24955.79216,10,30,46.3693482642777,17.8717598908593,0.667996269755434,0.598757832584044,155.785441221376,0.766777737814164,0.118965625327755,18.5331124318612,0.0912201930664635,0.270572436935541,3.36275309367926,523.867974417369,2.57848420999896,7.64816136478586,285.700536883129,88.9258621539268,851.191199717024,-196.774674729203,565.490662833894,"w"
"113",2009,3,5,5,"i","35-45",35,45,389.575971731449,0.781521881860249,686.610663466483,157.124972004479,6.05,25.9710697528065,-27.0121518631502,0.786309620615575,78.1521881860249,53.660125781764,12.279660380818,0.472820738525451,119.388022772724,59.7438205621905,30.9705588297642,1.1719697918334,0.762922876722289,0.91370231969556,-242.502574896033,6.97084402209966,8.037,3.716,4.241,79.642328639745,248.872467001301,3.8,12.3,NA,NA,NA,NA,0.78512324151167,1.00231292568912,0.712080226941847,1.04963275920695,-220.460085835313,7.86939173226092,-292.983662132021,7.47422733381682,3681.152056,188.05009,57900,57900,22284.336464,22284.336464,10,40,15.7124972004479,68.6610663466483,4.52501169597084,1.74156965693522,84.3272659176031,0.115993433946475,0.186520592744154,15.7287716234453,0.0216351640541265,0.067607222743124,3.65121156531477,307.896688589726,0.423516567525945,1.32343710657783,2173.71639940915,1943.29980480067,2727.72319998592,-230.416594608486,554.006800576772,"w"
"114",2009,3,5,5,"i","45-55",45,55,452.380952380952,0.48390795103775,854.007979688066,74.5704367301231,2.05,36.375822795182,-28.2723108558077,0.413535928039994,48.390795103775,41.3261251620741,3.60852272460641,0.0992011299627388,167.778817876499,101.069945724265,34.5790815543707,1.27117092179614,0.520264600545482,1.29534942774135,-483.435210411967,6.73924452590671,8.109,1.724,6.561,50.9173614810868,183.80531154239,2.2,5.3,NA,NA,NA,NA,0.508529095694264,1.24615400360517,0.484084207594887,1.25371447332584,-495.087259365179,6.33705568549123,-519.358310027319,6.06903377370181,5341.828326,216.61913,27730.6,27730.6,8454.388787,8454.388787,10,50,7.45704367301231,85.4007979688066,1.34190578270474,0.40911459551937,32.4711251645785,0.0596216460409244,0.159871850529415,5.19121886883341,0.00953182288417234,0.0344086893709714,3.94244026226154,128.015471209768,0.235054777854046,0.848518372049551,5248.90478271876,5432.17845560779,5827.91261947455,183.273672889037,579.007836755794,"w"
"115",2009,3,5,5,"i","55-65",55,65,391.542483240777,0.63365133928131,893.334474097182,58.1730197538889,1.80326203834643,32.259881546241,-27.9566630070323,0.803299274148494,63.365133928131,56.6062585937844,3.68614118770898,0.114263940567336,231.14395180463,157.676204318049,38.2652227420796,1.38543486236347,0.396460201104386,1.31807105732055,-606.359186942967,5.205044330922,8.17704413149073,0.8234317756061,7.23421771224507,33.3058567757563,210.19178915556,1.6,5.37707212958756,NA,NA,NA,NA,0.403358137342209,1.42830340893337,0.400852258661449,1.44199045001041,-599.510304705838,5.73752782616714,-601.998363074796,5.76713437979858,5368.729118,220.870945,31111.2,31111.2,10004.104409,10004.104409,10,60,5.81730197538889,89.3334474097182,1.97136535466487,0.633911415707291,34.8259256774362,0.0372826278862861,0.166395892670773,5.79489099118299,0.00620367614825083,0.0391511258131538,4.04459932064483,140.856915335786,0.150793291420727,0.951649793301514,7431.96787517009,7293.40517156397,7343.46617224335,-138.562703606121,-88.501702926741,"w"
"116",2009,3,5,5,"i","65-75",65,75,NA,NA,NA,NA,NA,NA,NA,NA,NA,NA,NA,NA,NA,NA,NA,NA,NA,NA,NA,NA,NA,NA,NA,NA,NA,NA,NA,NA,NA,NA,NA,NA,NA,NA,NA,NA,NA,NA,NA,NA,NA,NA,NA,NA,NA,10,70,NA,NA,NA,NA,NA,NA,NA,NA,NA,NA,NA,NA,NA,NA,NA,NA,NA,NA,NA,"w"
"117",2009,3,5,5,"i","75-85",75,85,NA,NA,NA,NA,NA,NA,NA,NA,NA,NA,NA,NA,NA,NA,NA,NA,NA,NA,NA,NA,NA,NA,NA,NA,NA,NA,NA,NA,NA,NA,NA,NA,NA,NA,NA,NA,NA,NA,NA,NA,NA,NA,NA,NA,NA,10,80,NA,NA,NA,NA,NA,NA,NA,NA,NA,NA,NA,NA,NA,NA,NA,NA,NA,NA,NA,"w"
"118",2009,3,5,5,"i","85-95",85,95,NA,NA,NA,NA,NA,NA,NA,NA,NA,NA,NA,NA,NA,NA,NA,NA,NA,NA,NA,NA,NA,NA,NA,NA,NA,NA,NA,NA,NA,NA,NA,NA,NA,NA,NA,NA,NA,NA,NA,NA,NA,NA,NA,NA,NA,10,90,NA,NA,NA,NA,NA,NA,NA,NA,NA,NA,NA,NA,NA,NA,NA,NA,NA,NA,NA,"w"
"119",2009,3,5,5,"i","95-105",95,105,NA,NA,NA,NA,NA,NA,NA,NA,NA,NA,NA,NA,NA,NA,NA,NA,NA,NA,NA,NA,NA,NA,NA,NA,NA,NA,NA,NA,NA,NA,NA,NA,NA,NA,NA,NA,NA,NA,NA,NA,NA,NA,NA,NA,NA,10,100,NA,NA,NA,NA,NA,NA,NA,NA,NA,NA,NA,NA,NA,NA,NA,NA,NA,NA,NA,"w"
"120",2009,3,5,5,"i","105-115",105,115,NA,NA,NA,NA,NA,NA,NA,NA,NA,NA,NA,NA,NA,NA,NA,NA,NA,NA,NA,NA,NA,NA,NA,NA,NA,NA,NA,NA,NA,NA,NA,NA,NA,NA,NA,NA,NA,NA,NA,NA,NA,NA,NA,NA,NA,10,110,NA,NA,NA,NA,NA,NA,NA,NA,NA,NA,NA,NA,NA,NA,NA,NA,NA,NA,NA,"w"
"121",2009,3,6,2,"i","0-5",0,5,881.987577639751,0.0371499267787709,57.0734669095361,441.202329227324,10.77,40.9658615809957,-28.2166568789348,-1.8354988608749,1.85749633893854,0.106013755834993,0.819531711270911,0.0200052355703681,1.85749633893854,0.106013755834993,0.819531711270911,0.0200052355703681,1.14580178668069,0.856622320966045,137.653529042205,9.8151938587345,NA,NA,NA,NA,NA,NA,NA,NA,NA,NA,NA,NA,NA,NA,NA,NA,NA,NA,NA,1753.801968,23.64,5338.2,5338.2,2913.212055,2913.212055,11,2.5,44.1202329227324,5.70734669095361,0.00991568695652174,0.00541128072671414,93.5320787233983,NA,0.0325427088980984,3.04378721052958,NA,NA,2.41427524998038,225.812182741117,NA,NA,-1093.32859176823,NA,NA,NA,NA,"c"
"122",2009,3,6,2,"i","05-15",5,15,850.350740452065,0.0770876185768873,106.063284426378,443.991142950045,10.0460440644525,44.1956196988115,-26.4395452698641,-0.101666595045522,7.70876185768873,0.817616601487252,3.42262198792493,0.0774425613047116,9.56625819662727,0.923630357322246,4.24215369919584,0.0974477968750797,1.18051343156442,0.797790763978051,172.118325449298,9.41802712454125,NA,NA,NA,NA,NA,NA,NA,NA,NA,NA,NA,NA,NA,NA,NA,NA,NA,NA,NA,1583.252652,39.137915,17983.5,17983.5,15299.647025,15299.647025,11,10,44.3991142950045,10.6063284426378,0.138630518867745,0.117941335422421,169.554432499994,NA,0.0669907511554751,11.3585787949149,NA,NA,2.70998811322417,459.490496619455,NA,NA,-1333.0719747405,NA,NA,NA,NA,"c"
"123",2009,3,6,2,"i","15-25",15,25,790.566037735849,0.17294093249836,244.031346819757,390.865979843225,17.69,22.0953069442185,-25.581236978166,1.874630272829,17.294093249836,4.22030086778394,6.75967270359724,0.305932509589599,26.8603514464633,5.14393122510619,11.0018264027931,0.403380306464678,0.97089130879239,0.894680157133975,-36.0130900442708,8.68637188710387,NA,NA,NA,NA,NA,NA,NA,NA,NA,NA,NA,NA,NA,NA,NA,NA,NA,NA,NA,2329.32331,106.86114,18279.2,18279.2,15589.236052,15589.236052,11,20,39.0865979843225,24.4031346819757,0.316122189332402,0.269601701976993,74.9051309932782,NA,0.104764909951361,7.84742930340572,NA,NA,2.28363039005346,171.055633507185,NA,NA,237.300879679467,NA,NA,NA,NA,"c"
"124",2009,3,6,2,"i","25-35",25,35,541.774971011535,0.429994838082434,540.735301115969,259.317320255056,11.0976572788633,23.3668524571356,-26.8059577455979,2.17787221679831,42.9994838082434,23.2513388248818,11.1505109135043,0.477193534471917,69.8598352547067,28.3952700499879,22.1523373162974,0.880573840936596,0.774435721166942,1.071551919268,-231.071602921627,8.23920874014139,4.62416318623987,2.2584774565085,2.22006110420485,60.9126493133884,287.198977763698,3.8531530855113,15.7644783006489,NA,NA,NA,NA,0.769266130302286,1.04073184198928,0.684818085156452,1.11972418204774,-236.204430745117,7.89263440565056,-320.0519318554,7.5764684863961,3860.13185,162.12487,5222.6,5222.6,2799.99486,2799.99486,11,30,25.9317320255056,54.0735301115969,0.224569104136932,0.120398333645735,9.65833003545654,0.112647813426786,0.14008208064602,1.3529589669327,0.0157799400850488,0.0744013388464174,3.33530137057917,32.2134414047641,0.375714406515104,1.77146774436086,2053.40041269519,2107.20287282096,3041.31022832286,53.8024601257735,987.909815627671,"c"
"125",2009,3,6,2,"i","35-45",35,45,320.986963647328,0.895327666274828,816.968230800973,102.056752343967,2.93519476066018,34.7700103965205,-28.2144690159002,0.363135922916304,89.5327666274828,73.145425950371,9.13742339037122,0.262796107512398,159.39260188219,101.540696000359,31.2897607066687,1.14336994844899,0.481242475401164,1.19551393848266,-522.179833519743,5.75319972341057,8.16612542243645,1.95322106657543,6.14509573783411,48.9384840838006,163.366374855762,2.41617161097722,6.04257416465829,NA,NA,NA,NA,0.536073780429941,1.25682449547536,0.518653357933719,1.27549560385724,-467.738455968146,6.73726412243808,-485.034994829066,6.6141525219124,5028.110096,211.518925,23646.9,23646.9,6582.389385,6582.389385,11,40,10.2056752343967,81.6968230800973,2.11717237916342,0.589339532658425,28.9446995715073,0.0599025546388998,0.162480179471586,4.70293998112964,0.00973297782853492,0.0324906121259605,3.86238834563372,111.795670292859,0.231366928910974,0.772348738325717,5875.2079052175,5008.44277337883,5273.82132626638,-866.765131838662,-601.386578951119,"c"
"126",2009,3,6,2,"i","45-55",45,55,319.81981981982,0.965259381075865,811.59420289855,108.149224903379,2.80661244093268,38.5337224784192,-28.4044707059256,-0.0191495014144621,96.5259381075865,78.3398917974615,10.439205389407,0.27091089876545,255.918539989776,179.88058779782,41.7289660960756,1.41428084721444,0.487446827868381,1.17834741151412,-516.019602699892,5.74381707869475,8.032,2.706,5.762,56.2131633540788,217.926881310726,2.5,7.3,NA,NA,NA,NA,0.503164233013081,1.26169449647971,0.47985591746719,1.30113765469481,-500.413970348721,6.3483954361804,-523.556531082222,6.24358603044686,5199.6527376,226.164504,28729.3,28729.3,8912.2190508,8912.2190508,11,50,10.8149224903379,81.159420289855,2.77312263367428,0.860260304498774,35.3986017857143,0.0692626477041329,0.156086231880392,5.52523436656667,0.0108109456901972,0.0419118145592381,3.58851273539613,127.028333323252,0.248549893373537,0.963576854265009,5772.30546841962,5517.37491714084,5898.38602661214,-254.930551278771,126.080558192521,"c"
"127",2009,3,6,2,"i","55-65",55,65,NA,NA,NA,NA,NA,NA,NA,NA,NA,NA,NA,NA,NA,NA,NA,NA,NA,NA,NA,NA,NA,NA,NA,NA,NA,NA,NA,NA,NA,NA,NA,NA,NA,NA,NA,NA,NA,NA,NA,NA,NA,NA,NA,NA,NA,11,60,NA,NA,NA,NA,NA,NA,NA,NA,NA,NA,NA,NA,NA,NA,NA,NA,NA,NA,NA,"c"
"128",2009,3,6,2,"i","65-75",65,75,NA,NA,NA,NA,NA,NA,NA,NA,NA,NA,NA,NA,NA,NA,NA,NA,NA,NA,NA,NA,NA,NA,NA,NA,NA,NA,NA,NA,NA,NA,NA,NA,NA,NA,NA,NA,NA,NA,NA,NA,NA,NA,NA,NA,NA,11,70,NA,NA,NA,NA,NA,NA,NA,NA,NA,NA,NA,NA,NA,NA,NA,NA,NA,NA,NA,"c"
"129",2009,3,6,2,"i","75-85",75,85,NA,NA,NA,NA,NA,NA,NA,NA,NA,NA,NA,NA,NA,NA,NA,NA,NA,NA,NA,NA,NA,NA,NA,NA,NA,NA,NA,NA,NA,NA,NA,NA,NA,NA,NA,NA,NA,NA,NA,NA,NA,NA,NA,NA,NA,11,80,NA,NA,NA,NA,NA,NA,NA,NA,NA,NA,NA,NA,NA,NA,NA,NA,NA,NA,NA,"c"
"130",2009,3,6,2,"i","85-95",85,95,NA,NA,NA,NA,NA,NA,NA,NA,NA,NA,NA,NA,NA,NA,NA,NA,NA,NA,NA,NA,NA,NA,NA,NA,NA,NA,NA,NA,NA,NA,NA,NA,NA,NA,NA,NA,NA,NA,NA,NA,NA,NA,NA,NA,NA,11,90,NA,NA,NA,NA,NA,NA,NA,NA,NA,NA,NA,NA,NA,NA,NA,NA,NA,NA,NA,"c"
"131",2009,3,6,2,"i","95-105",95,105,NA,NA,NA,NA,NA,NA,NA,NA,NA,NA,NA,NA,NA,NA,NA,NA,NA,NA,NA,NA,NA,NA,NA,NA,NA,NA,NA,NA,NA,NA,NA,NA,NA,NA,NA,NA,NA,NA,NA,NA,NA,NA,NA,NA,NA,11,100,NA,NA,NA,NA,NA,NA,NA,NA,NA,NA,NA,NA,NA,NA,NA,NA,NA,NA,NA,"c"
"132",2009,3,6,2,"i","105-115",105,115,NA,NA,NA,NA,NA,NA,NA,NA,NA,NA,NA,NA,NA,NA,NA,NA,NA,NA,NA,NA,NA,NA,NA,NA,NA,NA,NA,NA,NA,NA,NA,NA,NA,NA,NA,NA,NA,NA,NA,NA,NA,NA,NA,NA,NA,11,110,NA,NA,NA,NA,NA,NA,NA,NA,NA,NA,NA,NA,NA,NA,NA,NA,NA,NA,NA,"c"
"133",2009,3,6,6,"i","0-5",0,5,881.99233716475,0.089258748403576,104.296731546093,429.14790593505,12.06,35.5844034772015,-25.9620613686659,-0.31064418772225,4.4629374201788,0.465469786019402,1.91526024818891,0.0538230252873563,4.4629374201788,0.465469786019402,1.91526024818891,0.0538230252873563,1.04400835351534,0.130708366741181,36.5839899473464,1.3646062675214,NA,NA,NA,NA,NA,NA,NA,NA,NA,NA,NA,NA,NA,NA,NA,NA,NA,NA,NA,1628.623758,43.70541,8258.3,8258.3,5773.504854,5773.504854,12,2.5,42.914790593505,10.4296731546093,0.0368562760970626,0.0257667908585005,79.1808130281659,NA,0.0640397949703083,5.07072303190606,NA,NA,2.38635746801353,188.953724493146,NA,NA,-345.961154238322,NA,NA,NA,NA,"w"
"134",2009,3,6,6,"i","05-15",5,15,890.951276102089,0.0672051706993702,56.8549153831553,451.179843225084,8.45,53.3940642869922,-26.3018831484093,-0.605501537802267,6.72051706993702,0.38209442934232,3.03216183800569,0.0567883692409678,11.1834544901158,0.847564215361722,4.9474220861946,0.110611394528324,1.25343617815486,0.119087357030785,244.522489040628,1.4926840166323,NA,NA,NA,NA,NA,NA,NA,NA,NA,NA,NA,NA,NA,NA,NA,NA,NA,NA,NA,491.862794,35.487865,53252.1,53252.1,49845.942354,49845.942354,12,10,45.1179843225084,5.68549153831553,0.357881647059993,0.334990506457154,936.63141772571,NA,0.115591006428421,108.266168227394,NA,NA,1.60209455776377,1500.57209696892,NA,NA,-1814.56410708459,NA,NA,NA,NA,"w"
"135",2009,3,6,6,"i","15-25",15,25,850.618458610847,0.092172218623999,116.888118621216,450.069759260252,14.9754042690815,30.0539305098744,-26.7142594431086,-0.243032047428064,9.2172218623999,1.07738372241026,4.14839282465865,0.138031623627255,20.4006763525157,1.92494793777198,9.09581491085325,0.248643018155579,1.04978073968875,0.148529963994102,42.3153263595626,1.55923895467672,NA,NA,NA,NA,NA,NA,NA,NA,NA,NA,NA,NA,NA,NA,NA,NA,NA,NA,NA,2140.772632,85.37517,42834.1,42834.1,39641.284254,39641.284254,12,20,45.0069759260252,11.6888118621216,0.394811402976224,0.365382511879578,366.453840691943,NA,0.0546009029048611,20.0087105747342,NA,NA,1.36911140113942,501.716131282667,NA,NA,-390.253767816362,NA,NA,NA,NA,"w"
"136",2009,3,6,6,"i","25-35",25,35,439.622782865394,0.610192718053365,695.780469917193,191.79243315141,7.59103993335962,25.2656335410064,-26.8850820668997,0.723762322727215,61.0192718053365,42.4560176107219,11.7030346086727,0.463199728978834,81.4199481578522,44.3809655484939,20.7988495195259,0.711842747134413,0.788788328524708,0.211628052929477,-216.821062731057,1.69795503875785,6.40253655815044,2.60795871565733,3.58393164544257,53.019824669106,237.545371904298,2.99341521179785,12.5173831032312,NA,NA,NA,NA,0.820379461564928,0.996017803505053,0.64588107019952,1.14217879971653,-185.454586951888,8.0582975277505,-358.712050028587,7.21746638048111,5307.722726,233.794095,21788.1,21788.1,5730.303605,5730.303605,12,30,19.179243315141,69.5780469917193,1.32949399602185,0.349658953200595,31.3146185356325,0.0762019443796921,0.131088322777092,4.10498082224049,0.00998918508108707,0.044754668653032,2.97603953563153,93.193542805262,0.226779999165958,1.01604521664372,1905.88766837165,1590.43991555434,3511.54476855575,-315.447752817312,1605.6571001841,"w"
"137",2009,3,6,6,"i","35-45",35,45,311.851157029255,1.02263592775066,829.72557992753,111.707468220821,3.62513116884113,30.8147382861547,-27.5375179746334,0.588779522017299,102.263592775066,84.8507188207642,11.4236070400677,0.370718937606567,183.683540932918,129.231684369258,32.2224565595936,1.08256168474098,0.600068213933628,0.181365404666532,-404.199112635969,1.0882847650898,8.08515432600786,2.36954476626709,5.33439913093265,44.908306426719,140.339695277943,2.1378982028738,5.22685227556147,NA,NA,NA,NA,0.610296739049259,1.13887101544034,0.515669957341101,1.25635255064714,-394.043326678955,6.95077554876532,-487.997179259385,6.45873662677962,5179.261852,212.14042,23608.3,23608.3,6564.704445,6564.704445,12,40,11.1707468220821,82.972557992753,2.41426957731159,0.671330262052146,28.4531423052692,0.0541242882142327,0.160201512037305,4.55823641951672,0.00867079280986294,0.0270964665020267,3.9112092826418,111.286194304697,0.211691418479887,0.661541517066587,4102.54901674171,3966.77559053949,5320.16220067132,-135.773426202225,1217.61318392961,"w"
"138",2009,3,6,6,"i","45-55",45,55,391.84642724127,0.74527995624083,774.718668512994,91.6864485121423,3.26693655570452,28.0649614551116,-27.2548415187123,0.768763529442723,74.527995624083,57.7382295368318,6.83320723350065,0.243478233327703,258.211536557001,186.96991390609,39.0556637930943,1.32603991806868,0.609544632052983,0.177146874124343,-394.79008513969,1.07971763935224,8.0434566906825,2.68778343010492,5.16899227522016,54.9089565665522,230.143486607414,2.43498491458196,7.95640184104853,NA,NA,NA,NA,0.618523307560308,1.14427837371943,0.581867677504341,1.17822242048872,-385.875260607409,7.0776340283918,-422.270217725814,6.8545488919758,4022.037528,139.04077,32268.7,32268.7,10534.708574,10534.708574,12,50,9.16864485121423,77.4718668512994,2.40492153239485,0.785130714504062,41.6521523380055,0.0708759951169697,0.192618458460339,8.02297337490184,0.0136520249212732,0.0572206213903368,5.57188131591183,232.080849379646,0.394912632938901,1.65522304434458,3976.6812658343,3859.21710412239,4349.96762582996,-117.464161711913,373.28635999566,"w"
"139",2009,3,6,6,"i","55-65",55,65,612.195599155385,0.42326888228212,742.454997781498,143.5389118919,5.50626303442757,26.068299133992,-26.8115592108191,0.965821386071577,42.326888228212,31.4258097055748,6.07555548004763,0.233062980013351,300.538424785213,218.395723611665,45.1312192731419,1.55910289808203,0.589202374007623,0.18068616631862,-414.987681201252,1.05473038120981,8.05454899514758,3.27004615099654,4.6001420402691,53.8165002842854,248.742996171433,3.09997314025979,11.2089663775681,NA,NA,NA,NA,0.563482078453513,1.20361030294685,0.515359203869719,1.26213224969873,-440.52506938242,6.69671277722006,-488.305722837769,6.42561244715141,5016.89788,193.544895,32006.4,32006.4,10414.447251,10414.447251,12,60,14.35389118919,74.2454997781498,1.35473131538744,0.440811144751687,43.1088754141828,0.0724845282812998,0.147990853220536,6.3797192539227,0.0107270471856376,0.0495810363537703,3.83608670113205,165.369383677105,0.278056934977724,1.28519533502257,4249.34104522522,4607.88745170767,5325.00451319771,358.546406482451,1075.66346797248,"w"
"140",2009,3,6,6,"i","65-75",65,75,602.012264220305,0.396306190031773,845.790763684536,89.094185601525,2.92604731154954,30.4486483351985,-27.8126980053442,0.28316326921594,39.6306190031773,33.5192115119882,3.5308577249724,0.115961066189291,340.16904378839,251.914935123653,48.6620769981143,1.67506396427133,0.396190001954073,0.209511110553061,-606.627464598379,0.830049726151419,8.14474493190985,1.98768212704331,6.08101704401636,47.8445436959553,229.034995190569,2.58997236865574,8.18080469162653,NA,NA,NA,NA,0.418577722141387,1.40394636734177,0.387816813307209,1.47691858057406,-584.398952499361,5.87556618439642,-614.941108130945,5.72758638169391,4677.451238,200.53918,38904.8,38904.8,13576.775693,13576.775693,12,70,8.9094185601525,84.5790763684536,1.54182130619481,0.538056024780881,45.9981376842166,0.0565678247508037,0.180822999674109,8.31752123548273,0.0102287637564797,0.0489657686497873,4.21758363470189,194.000992723716,0.238579531919674,1.1420959993482,7437.44446459165,6995.88098123379,7609.03578398272,-441.56348335786,171.591319391064,"w"
"141",2009,3,6,6,"i","75-85",75,85,628.424657534247,0.199857121106863,703.954214360042,162.061545352744,5.81,27.8935534169955,-27.1298483379024,0.48645178162901,19.9857121106863,14.0690262673041,3.23891538963286,0.116116987363087,360.154755899076,265.983961390957,51.9009923877472,1.79118095163441,0.404409113674402,0.208501461299578,-598.466802289313,0.843198911639801,8.039,2.339,5.79,77.6365704229942,326.492842149454,4.6,12.9,NA,NA,NA,NA,0.403855159292011,1.468462155839,0.395694605972134,1.46189570762167,-599.01681727915,5.9304601786065,-607.119337620116,5.7846424599971,NA,NA,NA,NA,NA,NA,12,80,16.2061545352744,70.3954214360042,NA,NA,NA,0.110286391982997,NA,NA,NA,NA,NA,NA,NA,NA,7272.50187886477,7283.51292166184,7447.49521290077,11.0110427970731,174.993334035995,"w"
"142",2009,3,6,6,"i","85-95",85,95,NA,NA,NA,NA,NA,NA,NA,NA,NA,NA,NA,NA,NA,NA,NA,NA,NA,NA,NA,NA,NA,NA,NA,NA,NA,NA,NA,NA,NA,NA,NA,NA,NA,NA,NA,NA,NA,NA,NA,NA,NA,NA,NA,NA,NA,12,90,NA,NA,NA,NA,NA,NA,NA,NA,NA,NA,NA,NA,NA,NA,NA,NA,NA,NA,NA,"w"
"143",2009,3,6,6,"i","95-105",95,105,NA,NA,NA,NA,NA,NA,NA,NA,NA,NA,NA,NA,NA,NA,NA,NA,NA,NA,NA,NA,NA,NA,NA,NA,NA,NA,NA,NA,NA,NA,NA,NA,NA,NA,NA,NA,NA,NA,NA,NA,NA,NA,NA,NA,NA,12,100,NA,NA,NA,NA,NA,NA,NA,NA,NA,NA,NA,NA,NA,NA,NA,NA,NA,NA,NA,"w"
"144",2009,3,6,6,"i","105-115",105,115,NA,NA,NA,NA,NA,NA,NA,NA,NA,NA,NA,NA,NA,NA,NA,NA,NA,NA,NA,NA,NA,NA,NA,NA,NA,NA,NA,NA,NA,NA,NA,NA,NA,NA,NA,NA,NA,NA,NA,NA,NA,NA,NA,NA,NA,12,110,NA,NA,NA,NA,NA,NA,NA,NA,NA,NA,NA,NA,NA,NA,NA,NA,NA,NA,NA,"w"
"145",2022,1,1,2,"c","0-5",0,5,722.488038277512,0.142835406698565,65.8536585365835,471.435692205172,10.7,44.0594104864647,NA,NA,7.14177033492823,0.470311704983066,3.36688544141726,0.0764169425837321,7.14177033492823,0.470311704983066,3.36688544141726,0.0764169425837321,NA,NA,NA,NA,NA,NA,NA,NA,NA,NA,NA,NA,NA,NA,NA,NA,NA,NA,NA,NA,NA,NA,NA,410.3436,33.5421,NA,6222.816,NA,2865.271,14,2.5,47.1435692205172,6.58536585365835,NA,NA,NA,NA,0.160484185781339,NA,NA,NA,1.96331352349983,NA,NA,NA,NA,NA,NA,NA,NA,"c"
"146",2022,1,1,2,"c","5-15",5,15,796.650717703349,0.132714892344498,99.9999999999996,436.645275283234,13.3,32.8304718258071,NA,NA,13.2714892344498,1.32714892344497,5.79493307019479,0.176510806818182,20.413259569378,1.79746062842804,9.16181851161205,0.252927749401914,NA,NA,NA,NA,NA,NA,NA,NA,NA,NA,NA,NA,NA,NA,NA,NA,NA,NA,NA,NA,NA,NA,NA,422.92834626215,42.3978517915018,NA,15352.804,NA,13020.101,14,10,43.6645275283234,9.99999999999996,NA,NA,NA,NA,0.23644667207531,NA,NA,NA,2.35861006571195,NA,NA,NA,NA,NA,NA,NA,NA,"c"
"147",2022,1,1,2,"c","15-25",15,25,743.060095970172,0.248718226101465,378.368350362508,316.674288644608,17.3312721700528,18.271843263289,NA,NA,24.8718226101465,9.41071049151006,7.87626673236303,0.431060327021723,45.2850821795245,11.2081711199381,17.0380852439751,0.683988076423637,NA,NA,NA,NA,NA,NA,NA,NA,NA,NA,NA,NA,NA,NA,NA,NA,NA,NA,NA,NA,NA,NA,NA,2554.33331238879,113.38854032771,9669.65536405315,9669.65536405315,6488.61732542614,6488.61732542614,14,20,31.6674288644608,37.8368350362508,0.240501952915981,0.161383739103122,25.5561950538115,NA,0.148128025628989,3.78558871591044,NA,NA,3.33691878622801,85.278947379571,NA,NA,NA,NA,NA,NA,NA,"c"
"148",2022,1,1,2,"c","25-35",25,35,416.71714112659,0.742083410966638,915.384615384617,37.3270003191073,1.5,24.8846668794048,NA,NA,74.2083410966638,67.9291737731001,2.76997477179559,0.111312511644996,119.493423276188,79.1373448930382,19.8080600157707,0.795300588068633,NA,NA,NA,NA,5.018,0.044,4.802,10.2024147703786,219.119417267776,0.500080891118855,7,NA,NA,NA,NA,NA,NA,NA,NA,NA,NA,NA,NA,5493.07634872371,256.06741482013,21731.550640106,21731.550640106,5825.783626,5825.783626,14,30,3.73270003191073,91.5384615384617,1.61266232246041,0.432321738473567,23.7403494387712,0.0111454951273043,0.166643344689229,3.9561712345679,0.0018573225862315,0.0398901095410202,3.57477977441063,84.8665210111601,0.0398426905568797,0.855709881796919,NA,NA,NA,NA,NA,"c"
"149",2022,1,1,2,"c","35-45",35,45,254.786589037907,0.943771075065561,909.231974758334,40.5215983884565,1.91623334357127,21.1464843383514,NA,NA,94.3771075065561,85.8106838301656,3.82431124744485,0.180848560273873,213.870530782744,164.948028723204,23.6323712632155,0.976149148342506,NA,NA,NA,NA,5.168,0.249,4.887,20.5244526604193,181.502664959161,1.04051836862652,6.3,NA,NA,NA,NA,NA,NA,NA,NA,NA,NA,NA,NA,5076.87864617938,220.037576630092,22331.6763580323,22331.6763580323,6095.08009870977,6095.08009870977,14,40,4.05215983884565,90.9231974758334,2.10759902044363,0.575236029737003,24.561032803502,0.0225733951623012,0.179092713875006,4.39870202035222,0.00404273060098946,0.0357508377900172,4.13216682660915,101.49028497789,0.0932770346536002,0.824871223083353,NA,NA,NA,NA,NA,"c"
"150",2022,1,1,2,"c","45-55",45,55,222.741433021807,1.47332889466652,888.095238095232,58.7256108272635,3,19.5752036090878,NA,NA,147.332889466652,130.845637550145,8.65221392887485,0.441998668399957,361.203420249397,295.793666273349,32.2845851920904,1.41814781674246,NA,NA,NA,NA,5.099,0.6,4.471,35.2120563023466,242.876180208332,1.9,11.7,NA,NA,NA,NA,NA,NA,NA,NA,NA,NA,NA,NA,5273.6665571808,218.170769903446,25259.9556262568,25259.9556262568,7409.096903,7409.096903,14,50,5.87256108272635,88.8095238095232,3.72162225021583,1.09160365505741,28.4428454772867,0.039648964201034,0.168401856368028,4.78982797876404,0.0066769591745236,0.0460545196733426,4.07064263690443,115.780659514727,0.161396764185826,1.11323886474719,NA,NA,NA,NA,NA,"c"
"151",2022,1,1,2,"c","55-65",55,65,277.467484147003,1.59296755464149,837.465816640757,82.2413841699033,3.46465301976311,23.7372642226454,NA,NA,159.296755464149,133.405587403007,13.1007856631462,0.55190798485733,520.500175713546,429.199253676355,45.3853708552366,1.97005580159979,NA,NA,NA,NA,8.02,0.705,7.247,59.7033111224277,257.190239996735,2.8,8.1,NA,NA,NA,NA,NA,NA,NA,NA,NA,NA,NA,NA,4283.05214230491,188.745076744218,34285.2926457875,34285.2926457875,11459.067353816,11459.067353816,14,60,8.22413841699033,83.7465816640757,5.4615358786128,1.82539225010804,40.9393338384994,0.0712904454559228,0.195530147384589,8.00487397926867,0.0139394313071096,0.0600483560441384,4.43702072174135,181.648672575709,0.316317183750101,1.36263284019467,NA,NA,NA,NA,NA,"c"
"152",2022,1,1,2,"c","65-75",65,75,268.623853211009,1.62207280855866,900,41.9604164816725,1.7,24.6825979303956,NA,NA,162.207280855866,145.986552770279,6.80628506107176,0.275752377454972,682.707456569412,575.185806446635,52.1916559163083,2.24580817905476,NA,NA,NA,NA,5.097,0.119,4.94,31.0991139075009,359.447762828452,1.36735664468625,8.10000000000001,NA,NA,NA,NA,NA,NA,NA,NA,NA,NA,NA,NA,5016.23143803357,239.905471703137,44271.0981732475,44271.0981732475,15940.032134,15940.032134,14,70,4.19604164816725,90,7.18109445518557,2.58558926921127,49.1901090813861,0.0345545710083343,0.179417559001786,8.82556929841386,0.00619969678266922,0.0716569335503707,3.75147758661243,184.53559170184,0.129630698652774,1.49828913978769,NA,NA,NA,NA,NA,"c"
"153",2022,1,1,2,"c","75-85",75,85,307.91229742612,1.0759625567614,925.581395348837,29.8745202193393,1.5,19.9163468128929,NA,NA,107.59625567614,99.5890924630319,3.21438651572205,0.16139438351421,790.303712245552,674.774898909667,55.4060424320304,2.40720256256897,NA,NA,NA,NA,8.1,0.823000000000001,7.735,18.8097962025353,317.382036528365,1.4,9.30000000000001,NA,NA,NA,NA,NA,NA,NA,NA,NA,NA,NA,NA,4830.12119263962,197.463869620531,40609.478058003,40609.478058003,14296.940775,14296.940775,14,80,2.98745202193393,92.5581395348837,4.36942778400349,1.53829729501353,43.874561720958,0.0203221416258547,0.191626950636204,8.40754847308713,0.00389427003015962,0.0657089178242582,4.68734557429437,205.655232706838,0.0952569006101336,1.60729168904814,NA,NA,NA,NA,NA,"c"
"154",2022,1,1,2,"c","85-95",85,95,297.941131615068,0.745827641052152,904.255319148934,44.4352357673512,2.8,15.8697270597683,NA,NA,74.5827641052152,67.441861158971,3.31410270719598,0.208831739494602,864.886476350767,742.216760068638,58.7201451392264,2.61603430206358,NA,NA,NA,NA,NA,NA,NA,NA,NA,NA,NA,NA,NA,NA,NA,NA,NA,NA,NA,NA,NA,NA,NA,4892.23444382098,227.07209680102,32240.247134381,32240.247134381,10541.387064,10541.387064,14,90,4.44352357673512,90.4255319148934,2.40456674671738,0.786205784736079,35.6539203603744,NA,0.184834829469596,6.59008628973235,NA,NA,3.98223882144938,141.982425795947,NA,NA,NA,NA,NA,NA,NA,"c"
"155",2022,1,1,2,"c","95-105",95,105,382.086167800453,0.917328274437003,932.758620689656,23.8248092727405,1.8,13.2360051515225,NA,NA,91.7328274437003,85.5645855983481,2.18551711789537,0.165119089398661,956.619303794467,827.781345666986,60.9056622571217,2.78115339146224,NA,NA,NA,NA,NA,NA,NA,NA,NA,NA,NA,NA,NA,NA,NA,NA,NA,NA,NA,NA,NA,NA,NA,4698.96771701782,209.495747926997,33084.6108845279,33084.6108845279,10920.281307,10920.281307,14,100,2.38248092727405,93.2758620689656,3.03494490131237,1.0017482807717,35.4696382865548,NA,0.198502879113549,7.04082532099729,NA,NA,4.45239881916216,157.924975623166,NA,NA,NA,NA,NA,NA,NA,"c"
"156",2022,1,1,2,"c","105-115",105,115,NA,NA,NA,NA,NA,NA,NA,NA,NA,NA,NA,NA,NA,NA,NA,NA,NA,NA,NA,NA,NA,NA,NA,NA,NA,NA,NA,NA,NA,NA,NA,NA,NA,NA,NA,NA,NA,NA,NA,NA,NA,NA,NA,NA,NA,14,110,NA,NA,NA,NA,NA,NA,NA,NA,NA,NA,NA,NA,NA,NA,NA,NA,NA,NA,NA,"c"
"157",2022,1,1,4,"c","0-5",0,5,752.947015758779,0.0772864085701286,87.7551020408184,444.433637492933,16.7,26.6127926642475,NA,NA,3.86432042850643,0.339113833522001,1.71743398447936,0.0645341511560574,3.86432042850643,0.339113833522001,1.71743398447936,0.0645341511560574,NA,NA,NA,NA,NA,NA,NA,NA,NA,NA,NA,NA,NA,NA,NA,NA,NA,NA,NA,NA,NA,NA,NA,169.28011159239,32.4215765185853,3679.88809503699,3679.88809503699,2120.51806111484,2120.51806111484,16,2.5,44.4433637492933,8.77551020408184,0.014220266740269,0.00819436126258292,41.9336085248391,NA,0.518401726081822,21.738455040116,NA,NA,2.70668830648978,113.501207843102,NA,NA,NA,NA,NA,NA,NA,"c"
"158",2022,1,1,4,"c","5-15",5,15,792.525504892775,0.177044902491498,206.818181818184,385.255962767117,19.2,20.065414727454,NA,NA,17.7044902491498,3.66161048334694,6.82076043623725,0.339926212783677,21.5688106776563,4.00072431686894,8.53819442071661,0.404460363939734,NA,NA,NA,NA,NA,NA,NA,NA,NA,NA,NA,NA,NA,NA,NA,NA,NA,NA,NA,NA,NA,NA,NA,1426.81785939331,68.2720477734328,24857.5010808474,24857.5010808474,22462.7118390717,22462.7118390717,16,10,38.5255962767117,20.6818181818184,0.440089385504093,0.397690862724307,120.190115116184,NA,0.144950653972136,17.4216357870772,NA,NA,3.02932442431681,364.094851282905,NA,NA,NA,NA,NA,NA,NA,"c"
"159",2022,1,1,4,"c","15-25",15,25,745.189094368141,0.282589172795263,293.323286269909,371.004205293468,22.3833907918942,16.5749777923648,NA,NA,28.2589172795263,8.28899848286019,10.4841771477445,0.632530388823449,49.8277279571826,12.2897227997291,19.0223715684611,1.03699075276318,NA,NA,NA,NA,NA,NA,NA,NA,NA,NA,NA,NA,NA,NA,NA,NA,NA,NA,NA,NA,NA,NA,NA,2522.72952645,104.943842652224,9866.98344256168,9866.98344256168,10133.1616863722,10133.1616863722,16,20,37.1004205293468,29.3323286269909,0.278830268901806,0.286352177875257,33.63859572159,NA,0.116272189782737,3.91123318576548,NA,NA,2.79504998918288,94.0215566077575,NA,NA,NA,NA,NA,NA,NA,"c"
"160",2022,1,1,4,"c","25-35",25,35,507.799631818622,0.570159358747082,757.407407407409,122.677598373476,6.8,18.040823290217,NA,NA,57.0159358747082,43.1842921717698,6.99457808212531,0.387708363948016,106.843663831891,55.4740149714989,26.0169496505864,1.4246991167112,NA,NA,NA,NA,5.402,0.804,4.413,33,301.435393724931,1.7,16,NA,NA,NA,NA,NA,NA,NA,NA,NA,NA,NA,NA,4170.65038756234,173.598129813582,19863.7985644298,19863.7985644298,6115.03220114962,6115.03220114962,16,30,12.2677598373476,75.7407407407409,1.13255306517765,0.348654283852523,26.226042114406,0.0435696821515891,0.181604147321036,4.7627580157923,0.00791243497618793,0.0722753924960643,4.36299289756606,114.424035476422,0.190094213776594,1.73639770225997,NA,NA,NA,NA,NA,"c"
"161",2022,1,1,4,"c","35-45",35,45,595.945945945945,0.387915544102544,402.083333333332,283.658443681095,16.4,17.2962465659205,NA,NA,38.7915544102544,15.5974375024564,11.0035519519833,0.636181492328173,145.635218242145,71.0714524739554,37.0205016025697,2.06088060903937,NA,NA,NA,NA,6.593,4.278,2.22,82.8999999999999,388.782281967323,4.6,21.5,NA,NA,NA,NA,NA,NA,NA,NA,NA,NA,NA,NA,2687.96514446477,119.812993559597,9649.50094104217,9649.50094104217,12890.5346959614,12890.5346959614,16,40,28.3658443681095,40.2083333333332,0.374319140786238,0.500043878035659,23.9987588170998,0.206176165803109,0.149586513114327,3.58989065052166,0.0308411737297684,0.144638141148492,3.35592427321607,80.5380172413633,0.691911599377275,3.24490917401155,NA,NA,NA,NA,NA,"c"
"162",2022,1,1,4,"c","45-55",45,55,389.329813956854,1.04215267180377,769.227310763024,119.780518470205,5.04338520088353,23.750023783474,NA,NA,104.215267180377,80.1652297136113,12.4829587353764,0.525597736203636,249.850485422522,151.236682187567,49.5034603379462,2.58647834524301,NA,NA,NA,NA,8.068,1.729,6.204,49.2,377.425647109892,2.5,16.3,NA,NA,NA,NA,NA,NA,NA,NA,NA,NA,NA,NA,4491.23664994653,194.426063291443,30694.0570518836,30694.0570518836,10790.1784303697,10790.1784303697,16,50,11.9780518470205,76.9227310763024,3.19878935651178,1.12450132804492,39.9024535692019,0.063960287565969,0.171272941222588,6.83421058479495,0.010954666572866,0.0840360187019727,3.95640017465127,157.870074270205,0.253052492896745,1.94122969277084,NA,NA,NA,NA,NA,"c"
"163",2022,1,1,4,"c","55-65",55,65,373.496046751461,0.97151454961369,806,102.173692858285,3.7,27.6145115833203,NA,NA,97.151454961369,78.3040726988634,9.92632291995844,0.359460383357065,347.001940383891,229.54075488643,59.4297832579046,2.94593872860007,NA,NA,NA,NA,8.127,0.794,7.192,31.4112237199608,384.826653022969,1.7,11.1,NA,NA,NA,NA,NA,NA,NA,NA,NA,NA,NA,NA,4540.89919469668,204.988508247929,34931.729859621,34931.729859621,11749.145343,11749.145343,16,60,10.2173692858285,80.6,3.39366838017968,1.14144656462504,43.3396152104479,0.0389717415880407,0.177497884326815,7.69269000739276,0.00691740168040858,0.0847467949679236,3.93192773043239,170.408234872229,0.153234071453262,1.87730842237034,NA,NA,NA,NA,NA,"c"
"164",2022,1,1,4,"c","65-75",65,75,373.496046751461,1.90799582176048,873.999999999999,66.2857825238453,2.8,23.6734937585162,NA,NA,190.799582176048,166.758834821866,12.6472996097621,0.534238830092934,537.801522559939,396.299589708296,72.0770828676667,3.48017755869301,NA,NA,NA,NA,8.021,0.708999999999999,7.185,27,368.628025771533,1.5,12.1,NA,NA,NA,NA,NA,NA,NA,NA,NA,NA,NA,NA,4804.69794891624,214.908207290564,32260.0190465633,32260.0190465633,10550.259382,10550.259382,16,70,6.62857825238453,87.3999999999999,6.15519815507563,2.01298508193453,36.910776941148,0.0308924485125858,0.181905295461318,6.71426578518634,0.00561949997420549,0.0767224141227612,4.06685259264351,150.110688899594,0.125635034326516,1.71528128413046,NA,NA,NA,NA,NA,"c"
"165",2022,1,1,4,"c","75-85",75,85,369.509043927649,0.807538715205258,841.304347826084,77.6362692543908,3.5,22.1817912155402,NA,NA,80.7538715205258,67.9385832140073,6.26942931270202,0.28263855032184,618.555394080465,464.238172922303,78.3465121803687,3.76281610901485,NA,NA,NA,NA,8.097,1.377,6.51,50.8,310.758763432552,2.5,12.5,NA,NA,NA,NA,NA,NA,NA,NA,NA,NA,NA,NA,3705.34347751153,171.542526780032,31670.5034378377,31670.5034378377,10285.72402,10285.72402,16,80,7.76362692543908,84.1304347826084,2.55751576560952,0.830612036006666,37.6445260501431,0.0603824289405687,0.227051649309201,8.54725172714819,0.0137099300802518,0.0838677346158619,4.90434858118234,184.621877923301,0.296136479703022,1.81155524094055,NA,NA,NA,NA,NA,"c"
"166",2022,1,1,4,"c","85-95",85,95,576.059850374065,0.530151268645798,868.75,61.2609628405754,2.7,22.6892454965094,NA,NA,53.0151268645798,46.0568914636037,3.24775771683941,0.143140842534365,671.570520945045,510.295064385907,81.5942698972081,3.90595695154921,NA,NA,NA,NA,NA,NA,NA,NA,NA,NA,NA,NA,NA,NA,NA,NA,NA,NA,NA,NA,NA,NA,NA,4649.32093126503,215.059077237981,39164.8147756231,39164.8147756231,13648.672063,13648.672063,16,90,6.12609628405754,86.875,2.07632762395743,0.723586080952991,45.0818011805734,NA,0.186855244635397,8.42377098820037,NA,NA,4.03958768519524,182.111888875464,NA,NA,NA,NA,NA,NA,NA,"c"
"167",2022,1,1,4,"c","95-105",95,105,NA,NA,NA,NA,NA,NA,NA,NA,NA,NA,NA,NA,NA,NA,NA,NA,NA,NA,NA,NA,NA,NA,NA,NA,NA,NA,NA,NA,NA,NA,NA,NA,NA,NA,NA,NA,NA,NA,NA,NA,NA,NA,NA,NA,NA,16,100,NA,NA,NA,NA,NA,NA,NA,NA,NA,NA,NA,NA,NA,NA,NA,NA,NA,NA,NA,"c"
"168",2022,1,1,4,"c","105-115",105,115,NA,NA,NA,NA,NA,NA,NA,NA,NA,NA,NA,NA,NA,NA,NA,NA,NA,NA,NA,NA,NA,NA,NA,NA,NA,NA,NA,NA,NA,NA,NA,NA,NA,NA,NA,NA,NA,NA,NA,NA,NA,NA,NA,NA,NA,16,110,NA,NA,NA,NA,NA,NA,NA,NA,NA,NA,NA,NA,NA,NA,NA,NA,NA,NA,NA,"c"
"169",2022,1,2,2,"c","0-5",0,5,806.408544726302,0.0200947930574099,52.4999999999976,457.030551748431,13.4,34.1067575931665,NA,NA,1.00473965287049,0.0527488317756985,0.459196717914929,0.0134635113484646,1.00473965287049,0.0527488317756985,0.459196717914929,0.0134635113484646,NA,NA,NA,NA,NA,NA,NA,NA,NA,NA,NA,NA,NA,NA,NA,NA,NA,NA,NA,NA,NA,NA,NA,410.3436,33.5421,NA,6222.816,NA,2865.271,22,2.5,45.7030551748431,5.24999999999976,NA,NA,NA,NA,0.127941559220121,NA,NA,NA,1.56519717012344,NA,NA,NA,NA,NA,NA,NA,NA,"c"
"170",2022,1,2,2,"c","5-15",5,15,840.145457917569,0.0797681334396644,256.504786324923,379.223089187689,12.7317265734567,29.7856765144721,NA,NA,7.97681334396644,2.0460908023479,3.02499179817253,0.101558606422881,8.98155299683693,2.0988396341236,3.48418851608746,0.115022117771346,NA,NA,NA,NA,NA,NA,NA,NA,NA,NA,NA,NA,NA,NA,NA,NA,NA,NA,NA,NA,NA,NA,NA,1174.5954,63.1189,NA,15352.804,NA,13020.101,22,10,37.9223089187689,25.6504786324923,NA,NA,NA,NA,0.218377141886409,NA,NA,NA,4.06383486285285,NA,NA,NA,NA,NA,NA,NA,NA,"c"
"171",2022,1,2,2,"c","15-25",15,25,838.688695199688,0.152674091874475,177.083333333332,397.99467913714,20.3,19.6056492185783,NA,NA,15.2674091874475,2.70360371027713,6.07634762081359,0.309928406505184,24.2489621842844,4.80244334440074,9.56053613690105,0.42495052427653,NA,NA,NA,NA,NA,NA,NA,NA,NA,NA,NA,NA,NA,NA,NA,NA,NA,NA,NA,NA,NA,NA,NA,967.613779698753,50.4222471197173,17116.3773245275,17116.3773245275,14800.916793,14800.916793,22,20,39.799467913714,17.7083333333332,0.261322736420309,0.225971653028094,96.6571895973325,NA,0.18301034674027,17.6892657831478,NA,NA,3.51200796174125,339.460819425365,NA,NA,NA,NA,NA,NA,NA,"c"
"172",2022,1,2,2,"c","25-35",25,35,404.001643385374,0.835668977854915,770.370370370371,121.192299707793,6.2,19.5471451141602,NA,NA,83.5668977854915,64.377461997712,10.1276645220698,0.518114766270047,107.815859969776,69.1799053421128,19.6882006589709,0.943065290546577,NA,NA,NA,NA,8.012,2.929,4.966,71.8,358.866983321553,3.6,17.3,NA,NA,NA,NA,NA,NA,NA,NA,NA,NA,NA,NA,3966.26294766557,158.247112663952,27971.6010457953,27971.6010457953,8625.902857,8625.902857,22,30,12.1192299707793,77.0370370370371,2.33749992549052,0.720839942358498,36.3092898190612,0.093201923076923,0.194230786141849,7.05238190580849,0.0181026827891629,0.0904798769160708,4.86814803380522,176.758997841527,0.453720758573788,2.26776322980142,NA,NA,NA,NA,NA,"c"
"173",2022,1,2,2,"c","35-45",35,45,752.880744134389,0.196099053220353,257.5,339.491571186242,22.8,14.889981192379,NA,NA,19.6099053220353,5.04955062042408,6.65739756859121,0.447105841342405,127.425765291811,74.2294559625368,26.3455982275621,1.39017113188898,NA,NA,NA,NA,5.009,4.674,0,137.685758899021,388.274614420699,7.9,24.7,NA,NA,NA,NA,NA,NA,NA,NA,NA,NA,NA,NA,1971.12773403876,89.1109592603379,13090.7509678966,13090.7509678966,10307.367551,10307.367551,22,40,33.9491571186242,25.75,0.256708387074794,0.202126501794529,50.8378678364916,0.534701976306878,0.130635876890836,6.64124944408051,0.069851261550112,0.196980950405046,2.88965579696783,146.903939499203,1.54510466548533,4.35720384612126,NA,NA,NA,NA,NA,"c"
"174",2022,1,2,2,"c","45-55",45,55,305.169538632574,0.963116607779581,851.612903225805,71.9211515317674,2.7,26.6374635302842,NA,NA,96.311660777958,82.0202530496157,6.9268455490877,0.260041484100487,223.737426069769,156.249709012153,33.2724437766498,1.65021261598947,NA,NA,NA,NA,8.065,1.466,6.408,34.6,358.382527050205,1.7,12.4,NA,NA,NA,NA,NA,NA,NA,NA,NA,NA,NA,NA,4303.90073310141,194.305030096498,35258.0828138125,35258.0828138125,11895.590824,11895.590824,22,50,7.19211515317674,85.1612903225805,3.39576451164506,1.14568410819448,41.4015366374314,0.040628787878788,0.197870015141388,8.19212268132527,0.008039218872752,0.0832692362753341,4.38286596493599,181.457385824249,0.178070531590544,1.84443257527724,NA,NA,NA,NA,NA,"c"
"175",2022,1,2,2,"c","55-65",55,65,459.38242280285,0.772250606065613,840.47619047619,86.9292489042957,3.9,22.2895510011015,NA,NA,77.2250606065613,64.9058247478955,6.71311651511709,0.301177736365589,300.962486676331,221.155533760048,39.9855602917669,1.95139035235506,NA,NA,NA,NA,8.073,1.034,6.777,36.5214955353599,357.865050096389,2.2,13.8,NA,NA,NA,NA,NA,NA,NA,NA,NA,NA,NA,NA,4667.79633735207,197.473298992244,54111.0168052923,54111.0168052923,20355.532587,20355.532587,22,60,8.69292489042957,84.047619047619,4.17872655227136,1.57195723770991,64.3813797683365,0.0434533374641676,0.180058453654165,11.5924116852082,0.00782414074991063,0.0766668089678046,4.25615105822079,274.01687763072,0.184943968231342,1.8122199402282,NA,NA,NA,NA,NA,"c"
"176",2022,1,2,2,"c","65-75",65,75,372.49824895267,0.711173224697119,932.548043959873,18.2295911824435,1.08850621369575,16.7473469173405,NA,NA,71.1173224697119,66.3203199607933,1.29643971461285,0.0774116474096857,372.079809146043,287.475853720841,41.2820000063797,2.02880199976474,NA,NA,NA,NA,8.05114897871447,0.0697587773234412,7.65444733605936,5.77823420675008,322.528617793409,0.594326524763093,11.324816455212,NA,NA,NA,NA,NA,NA,NA,NA,NA,NA,NA,NA,4845.81732242215,255.461638894863,37598.8102104229,37598.8102104229,12945.9534607828,12945.9534607828,22,70,1.82295911824435,93.2548043959873,2.67392671021214,0.920681546948373,40.3183626344518,0.00619617857136239,0.192443912329271,7.75902344408422,0.00119241684576377,0.0665581461977595,3.65044257914461,147.179867682196,0.0226187940848847,1.26253248506774,NA,NA,NA,NA,NA,"c"
"177",2022,1,2,2,"c","75-85",75,85,594.989561586639,0.403482367947042,906.896551724138,60.877,2.56,23.780078125,NA,NA,40.3482367947042,36.5916768172662,2.45627961135121,0.103291486194443,412.428045940747,324.067530538108,43.7382796177309,2.13209348595919,NA,NA,NA,NA,8.037,0.0989999999999997,7.479,5.2379338064091,393.193980406159,0.5,13.4,NA,NA,NA,NA,NA,NA,NA,NA,NA,NA,NA,NA,4902.63533589821,218.425362939712,37358.8443259255,37358.8443259255,12838.272746,12838.272746,22,80,6.0877,90.6896551724138,1.50736349723893,0.518001668790605,41.1941629449369,0.00577566845573627,0.18498144152873,7.6201556441238,0.00106839147673411,0.0802005357255726,4.15197456704903,171.037116858251,0.0239804285359243,1.8001296878453,NA,NA,NA,NA,NA,"c"
"178",2022,1,2,2,"c","85-95",85,95,NA,NA,NA,NA,NA,NA,NA,NA,NA,NA,NA,NA,NA,NA,NA,NA,NA,NA,NA,NA,NA,NA,NA,NA,NA,NA,NA,NA,NA,NA,NA,NA,NA,NA,NA,NA,NA,NA,NA,NA,NA,NA,NA,NA,NA,22,90,NA,NA,NA,NA,NA,NA,NA,NA,NA,NA,NA,NA,NA,NA,NA,NA,NA,NA,NA,"c"
"179",2022,1,2,2,"c","95-105",95,105,NA,NA,NA,NA,NA,NA,NA,NA,NA,NA,NA,NA,NA,NA,NA,NA,NA,NA,NA,NA,NA,NA,NA,NA,NA,NA,NA,NA,NA,NA,NA,NA,NA,NA,NA,NA,NA,NA,NA,NA,NA,NA,NA,NA,NA,22,100,NA,NA,NA,NA,NA,NA,NA,NA,NA,NA,NA,NA,NA,NA,NA,NA,NA,NA,NA,"c"
"180",2022,1,2,2,"c","105-115",105,115,NA,NA,NA,NA,NA,NA,NA,NA,NA,NA,NA,NA,NA,NA,NA,NA,NA,NA,NA,NA,NA,NA,NA,NA,NA,NA,NA,NA,NA,NA,NA,NA,NA,NA,NA,NA,NA,NA,NA,NA,NA,NA,NA,NA,NA,22,110,NA,NA,NA,NA,NA,NA,NA,NA,NA,NA,NA,NA,NA,NA,NA,NA,NA,NA,NA,"c"
"181",2022,1,2,4,"c","0-5",0,5,810.580204778157,0.0912604634453027,94.4055944055918,411.180545564815,11.0603049323666,37.1762395412398,-27.1835700100673,0.0385701132828398,4.56302317226513,0.430774914864179,1.87622635739687,0.050468427698707,4.56302317226513,0.430774914864179,1.87622635739687,0.050468427698707,1.13583607036721,0.00128294360552805,125.986656615974,1.28294360552805,NA,NA,NA,NA,411.180545564815,NA,11.0603049323666,NA,0.45648566488514,NA,-27.1084673221698,NA,NA,NA,NA,NA,NA,NA,NA,353.449969898713,36.655364417961,4899.90613724017,4899.90613724017,1164.451314,1164.451314,24,2.5,41.1180545564815,9.44055944055918,0.022358385246151,0.00531341832875658,51.9027094537306,NA,0.267097474736369,13.8630826270669,NA,1.16333450440708,2.57549190697265,133.675008148036,NA,11.2174725880869,-1023.15522224091,NA,NA,NA,NA,"c"
"182",2022,1,2,4,"c","5-15",5,15,782.31897627965,0.20852696382811,248.091603053433,372.494913218676,15.3846566463772,24.2121044219983,-25.7855388949879,2.52067097678632,20.852696382811,5.1733788735981,7.76752332949056,0.320811574000699,25.4157195550761,5.60415378846227,9.64374968688743,0.371280001699406,0.995697810357017,0.00120108969512309,-12.9363930824273,1.20108969512309,NA,NA,NA,NA,372.494913218676,NA,15.3846566463772,NA,2.54237954057273,NA,-25.9208870449974,NA,NA,NA,NA,NA,NA,NA,NA,1376.54514232193,74.5802974497855,10900.5655868739,10900.5655868739,7862.603684,7862.603684,24,10,37.2494913218676,24.8091603053433,0.227306184583999,0.163956487400823,43.9376643655536,NA,0.180227727682767,7.91878540829183,NA,0.270601305955255,3.32650326610016,146.158784016827,NA,4.99454850618523,34.6340440497627,NA,NA,NA,NA,"c"
"183",2022,1,2,4,"c","15-25",15,25,726.828396005658,0.269811152811125,271.350306300599,364.91059971471,21.6311423165358,16.8696869714438,-25.7334042682819,2.4235792260614,26.9811152811125,7.32133389586166,9.8456949582025,0.583632344504604,52.3968348361886,12.9254876843239,19.4894446450899,0.95491234620401,0.850180707283794,0.00105397999347741,-157.191643152878,1.05397999347742,NA,NA,NA,NA,364.91059971471,NA,21.6311423165358,NA,2.68626634716501,NA,-25.8444398241284,NA,NA,NA,NA,NA,NA,NA,NA,2578.49342571929,109.30646712721,5930.72171636811,5930.72171636811,2315.0848189209,2315.0848189209,24,20,36.491059971471,27.1350306300599,0.160017486329525,0.0624635703848583,21.8563295439885,NA,0.105235989199741,2.30007245983716,NA,0.141520857131104,2.48247256939339,54.2577385605738,NA,3.33841728952807,1303.80695203501,NA,NA,NA,NA,"c"
"184",2022,1,2,4,"c","25-35",25,35,679.816892114814,0.345678350882484,436.893203883494,387.07859141773,15.1584765171596,25.5354547654939,-26.1181144490321,2.19870329257058,34.5678350882484,15.1024522230211,13.3804689143196,0.523995716434259,86.964669924437,28.0279399073451,32.8699135594095,1.47890806263827,0.877597680969519,0.0010363914450482,-130.012416026435,1.0363914450482,3.31,1.991,1.234,49.1040716547535,306.0451,2.9,17.6,2.04758165932854,2.66625838323501,-26.7009119445345,-26.0266997234579,0.86330530199483,0.00767278705417663,0.745595506185367,0.00649117991429521,-144.18085849507,7.67278705417663,-260.869932642536,6.49117991429521,3379.16023520589,130.204161187909,7119.40509414467,7119.40509414467,3641.936051,3641.936051,24,30,38.707859141773,43.6893203883494,0.246102421220829,0.125893844812915,16.2955272154867,0.112393764009769,0.129290466705813,2.10685631890756,0.0145314422036461,0.0905683893919736,3.3554473213262,54.6787831448031,0.37713135438035,2.35050168295558,1048.84481135828,1180.74562483825,2358.264219337,131.900813479961,1309.41940797872,"c"
"185",2022,1,2,4,"c","35-45",35,45,597.87681888899,0.401324290809186,501.960784313726,294.794162245228,11.0201893447545,26.7503717969734,-26.2263190012145,1.97678158630775,40.1324290809186,20.1449055778729,11.8308058097754,0.442266967336656,127.097099005356,48.172845485218,44.7007193691849,1.92117502997492,0.788564399179918,0.00223342197174163,-218.273644829822,2.23342197174163,3.489,3.017,0.418,40.3604563066457,321.8461,2.5,17.5,1.9679494771419,2.07573382647998,-26.5412150717121,-26.4701133353351,0.826554148208683,0.00793610061282642,0.748051709007475,0.00686281237245603,-180.613324286603,7.93610061282642,-258.435028807565,6.86281237245603,3594.75184570541,141.132803003892,11845.1479392816,11845.1479392816,8916.980553,8916.980553,24,40,29.4794162245228,50.1960784313726,0.475374559626208,0.357860089659203,23.5977556602875,0.0804055965483957,0.139637117069266,3.2951225697075,0.0112276056982525,0.0895322163571608,3.55665567203312,83.9290915164134,0.285975021027058,2.28044857857124,1908.16848281117,1530.20495535457,2331.84473439531,-377.963527456598,423.676251584141,"c"
"186",2022,1,2,4,"c","45-55",45,55,597.87681888899,0.835467362928774,727.580372250423,141.161919423017,5.97767725801387,23.6148445842858,-26.5870828070071,1.12607274937682,83.5467362928774,60.7869654922797,11.7936176566312,0.499415425519216,210.643835298233,108.959810977498,56.4943370258162,2.42059045549414,0.690297969901068,0.00195682354240616,-315.687955792415,1.95682354240616,7.001,3.083,3.736,32.8,267.4767,1.7,12.1,1.19827734980864,1.4596253087167,-27.0349503445476,-26.7920087391163,0.724105184213041,0.00650584656419242,0.647225957401485,0.00615825539437819,-282.173901074704,6.50584656419242,-358.38646890835,6.15825539437819,4668.90214934824,197.43558150539,24155.5055914276,24155.5055914276,6913.493249,6913.493249,24,50,14.1161919423017,72.7580372250423,2.01811365566813,0.577599797336791,33.1997762896133,0.0450809302325581,0.155835429609933,5.17370140104556,0.00702520613000612,0.0572889924534698,3.68515323683214,122.346263055771,0.166130135965915,1.3547542847169,2977.28632719361,2593.20193499087,3494.83542809416,-384.084392202747,517.549100900549,"c"
"187",2022,1,2,4,"c","55-65",55,65,403.514428502338,0.607470901492805,710.820895522389,155.070157243497,6.25712710792589,24.782964221243,-26.8533869901573,1.67250601064418,60.7470901492805,43.1803010202909,9.42006082153382,0.380102264500681,271.390925447514,152.140111997789,65.91439784735,2.80069271999482,0.636213683997505,0.00176543908125439,-369.303249274271,1.76543908125438,7.721,3.577,3.767,35.0467523664311,257.575,2.1,10.7,0.866848228410044,1.44446661161312,-27.27744518951,-27.2014711481906,0.647323679939615,0.00615697734216446,0.601622536528299,0.00579957673941775,-358.28959377218,6.15697734216446,-403.594439265066,5.79957673941776,4610.62794358756,198.425665535311,26791.4556835869,26791.4556835869,8096.332179,8096.332179,24,60,15.5070157243497,71.0820895522389,1.62750297364131,0.491828620756234,37.6908667884582,0.0493046175023807,0.154170083602386,5.81080408382297,0.00760129700232567,0.0558654923258846,3.58230319452246,135.020112500614,0.176624088783486,1.29809316403257,3632.68961364418,3493.622643157,4081.768495029,-139.066970487177,449.078881384823,"c"
"188",2022,1,2,4,"c","65-75",65,75,438.076266363119,0.611845895958141,680.851063829784,180.602667383428,7.10714476703746,25.4114237578293,-26.8186326083983,1.13772635425339,61.1845895958141,41.6575929162988,11.0501000837643,0.434847735769225,332.575515043328,193.797704914087,76.9644979311143,3.23554045576405,0.561371156439206,0.00249472891879374,-443.496779112439,2.49472891879374,7.689,4.601,2.517,34.9257284323036,288.5488,2.2,13.4,0.996199119993263,1.33662126048392,-27.2080777288576,-27.160691053901,0.540321581460102,0.00564941164217108,0.52980772605001,0.00529478087075124,-464.363822493309,5.64941164217108,-474.786506901919,5.29478087075124,4289.587770283,205.007366991356,26290.1903170409,26290.1903170409,7871.397651,7871.397651,24,70,18.0602667383428,68.0851063829784,1.60855450494399,0.48160823482189,38.613717028154,0.0512971636349462,0.158721793396214,6.12883841640252,0.0081419778082777,0.0672672563081658,3.32110535256273,128.240222304545,0.170363284719306,1.40750454110347,4638.03726311568,4945.04085988038,5102.8919112939,307.003596764705,464.85464817822,"c"
"189",2022,1,2,4,"c","75-85",75,85,476.401179941003,0.506246589280157,907.87269681742,34.8311984801701,2.30310079143452,15.1236101388663,-26.6631749695855,2.1588450809559,50.6246589280157,45.9607456264397,1.76331754311263,0.116593692043215,383.200173971343,239.758450540527,78.7278154742269,3.35213414780726,0.331497058054718,0.00189578728533264,-671.377521972525,1.89578728533264,8.21100000000001,0.213,7.908,17.9266230084714,388.385936171446,1.2015442377137,8.7711500022499,2.00458226888158,2.72666393727335,-26.2149035913201,-27.9160298050513,0.339034857629712,0.00364354879205701,0.318289235346881,0.00347899946682959,-663.905086501318,3.64354879205701,-684.470812914734,3.47899946682959,5007.91698368497,237.020083958796,37673.7897681262,37673.7897681262,12979.599295,12979.599295,24,80,3.48311984801701,90.787269681742,1.90722275753716,0.657087787331688,41.4967758147073,0.0197457452694787,0.181287489344398,7.52284630333563,0.00357965658513781,0.0775543878695969,3.83036189024069,158.947668648516,0.0756333501746113,1.63862036366068,8869.52725168939,8688.91334378786,9196.13634299955,-180.613907901536,326.609091310153,"c"
"190",2022,1,2,4,"c","85-95",85,95,476.401179941003,1.07636272783187,625.239005736138,242.292911410837,6.9201040811805,35.012899888278,-27.1882311914919,3.48361571559473,107.636272783187,67.2983961761038,26.0795059060495,0.744854210569992,490.836446754531,307.056846716631,104.807321380276,4.09698835837725,0.322096918473258,0.0014685559540452,-680.696148150359,1.4685559540452,8.139,3.106,3.667,79.9631171491502,428.967043647361,3.53589292001358,10.6796384986808,3.37121016093622,3.40920836126671,-26.8338547513693,-27.8437727109177,0.328587089969854,0.00352251825989573,0.318588640697698,0.00346598862453501,-674.262256240274,3.52251825989573,-684.174003860387,3.46598862453501,4385.21964357483,216.303754304167,12757.956648322,12757.956648322,9935.890536,9935.890536,24,90,24.2292911410837,62.5239005736138,1.37321890195486,1.06946222407678,20.404927605726,0.12789208033335,0.142578720464374,2.9093084691926,0.018234689171456,0.0978211078379798,2.89056011878982,58.9816699639051,0.369679746920647,1.98316966354706,9100.60810948707,8940.35435799441,9188.58348726138,-160.253751492659,87.9753777743153,"c"
"191",2022,1,2,4,"c","95-105",95,105,527.638190954774,0.57331696690854,893.004115226336,45.3536687715402,2.63527151425723,17.2102451402711,-26.9704031409711,2.59991521367313,57.331696690854,51.1974410778407,2.6002027818274,0.151084587153443,548.168143445385,358.254287794471,107.407524162104,4.2480729455307,0.311764042085503,0.00132807351094675,-690.93942289802,1.32807351094675,NA,NA,NA,NA,NA,NA,NA,NA,NA,NA,NA,NA,NA,NA,NA,NA,NA,NA,NA,4198.02445056199,199.208303387534,30983.9158885199,30983.9158885199,9977.629233,9977.629233,24,100,4.53536687715402,89.3004115226336,1.77636046801556,0.572034412880154,34.6962744742412,NA,0.212720084349864,7.38059443278661,NA,NA,4.48276552754486,155.535263147363,NA,NA,9362.5310068187,NA,NA,NA,NA,"c"
"192",2022,1,2,4,"c","105-115",105,115,NA,NA,NA,NA,NA,NA,NA,NA,NA,NA,NA,NA,NA,NA,NA,NA,NA,NA,NA,NA,NA,NA,NA,NA,NA,NA,NA,NA,NA,NA,NA,NA,NA,NA,NA,NA,NA,NA,NA,NA,NA,NA,NA,NA,NA,24,110,NA,NA,NA,NA,NA,NA,NA,NA,NA,NA,NA,NA,NA,NA,NA,NA,NA,NA,NA,"c"
"193",2022,2,3,4,"c","0-5",0,5,796.380090497737,0.137158371040724,80.2675585284252,428.299451956644,11.9236251773428,35.9202378124477,-27.9023577472171,-1.18012011167725,6.8579185520362,0.550468378758738,2.9372427574004,0.0817712503112253,6.8579185520362,0.550468378758738,2.9372427574004,0.0817712503112253,1.10366260141961,0.00261788389650248,94.092180223494,2.61788389650248,NA,NA,NA,NA,NA,NA,NA,NA,NA,NA,NA,NA,NA,NA,NA,NA,NA,NA,NA,389.096758492386,34.2508746310104,5511.29307211364,5511.29307211364,1846.903448,1846.903448,32,2.5,42.8299451956644,8.02675585284252,0.0377959990049567,0.0126659134198588,68.6615261900849,NA,0.20629202576612,14.1643253299461,NA,NA,2.34351850553188,160.909557244526,NA,NA,-792.329223366757,NA,NA,NA,NA,"c"
"194",2022,2,3,4,"c","5-15",5,15,875.745875745876,0.105379922779923,75.1445086705196,417.807933607584,8.51633697234212,49.059582184743,-26.8642098833677,-0.805331309389858,10.5379922779923,0.79187225210346,4.40285677804063,0.0897450932513214,17.3959108300285,1.3423406308622,7.34009953544103,0.171516343562547,1.03052077625856,0.00235796771511218,21.5846051248652,2.35796771511218,NA,NA,NA,NA,NA,NA,NA,NA,NA,NA,NA,NA,NA,NA,NA,NA,NA,NA,NA,116.169839210069,30.4414084587436,18372.9971770999,18372.9971770999,16203.601167,16203.601167,32,10,41.7807933607584,7.51445086705196,0.193614502375853,0.170753423973513,244.502193202947,NA,0.646850414715961,158.156345072288,NA,NA,2.4684964485911,603.552795594209,NA,NA,-241.506381185119,NA,NA,NA,NA,"c"
"195",2022,2,3,4,"c","15-25",15,25,771.192192115652,0.252272592706564,250.235848280937,361.697318766314,15.1545055055524,23.8673125054324,-26.0995024893303,0.776481985888282,25.2272592706564,6.31276462339582,9.12463203801904,0.382306639507159,42.6231701006848,7.65510525425802,16.4647315734601,0.553822983069705,0.945694428736646,0.00230415326322901,-62.5061698830639,2.30415326322902,NA,NA,NA,NA,NA,NA,NA,NA,NA,NA,NA,NA,NA,NA,NA,NA,NA,NA,NA,2103.33322746789,95.4823216912276,10784.3912563113,10784.3912563113,7732.92570875038,7732.92570875038,32,20,36.1697318766314,25.0235848280937,0.272060634299165,0.19508052177537,43.0969076988673,NA,0.118971090749222,5.1272861168528,NA,NA,2.62075579906984,112.946470773784,NA,NA,448.528789660188,NA,NA,NA,NA,"c"
"196",2022,2,3,4,"c","25-35",25,35,94.937975190076,1.21832915715265,818.965517241382,95.993448268404,3.92291099052818,24.4699531802223,-27.0944283984858,0.889259422491856,121.832915715265,99.7769568357777,11.6951616921021,0.477939684067506,164.45608581595,107.432062090036,28.1598932655622,1.03176266713721,0.583267938056529,0.000905103307557177,-421.789875654119,0.905103307557177,NA,NA,NA,NA,NA,NA,NA,NA,NA,NA,NA,NA,NA,NA,NA,NA,NA,NA,NA,5250.78876748635,240.103488509121,20289.456542278,20289.456542278,5178.667793,5178.667793,32,30,9.5993448268404,81.8965517241382,2.47192364882389,0.630932196741926,24.7744943042552,NA,0.155969998700488,3.86407784443992,NA,NA,3.41088554075828,84.5029644019822,NA,NA,4330.6594898827,NA,NA,NA,NA,"c"
"197",2022,2,3,4,"c","35-45",35,45,377.386394191987,0.777893106788835,711.39705882353,148.53877392119,5.54145133085275,26.8050308579237,-27.1058865120559,0.732711994863734,77.7893106788835,55.3390868248676,11.5547288324159,0.431065679187617,242.245396494833,162.771148914903,39.7146220979781,1.46282834632483,0.570226977233085,0.000846313502675014,-434.717751656421,0.846313502675015,NA,NA,NA,NA,NA,NA,NA,NA,NA,NA,NA,NA,NA,NA,NA,NA,NA,NA,NA,4442.17939356648,203.168639507218,19592.2679887413,19592.2679887413,4865.815981,4865.815981,32,40,14.853877392119,71.139705882353,1.52406902148014,0.378508471052285,27.5405524182823,NA,0.160145954450609,4.41050805312284,NA,NA,3.50151017671335,96.433524564923,NA,NA,4512.30312008196,NA,NA,NA,NA,"c"
"198",2022,2,3,4,"c","45-55",45,55,377.386394191987,0.803837495975747,680.769230769233,178.811970615911,6.46594595709977,27.6544177452598,-27.3269300905805,1.03620738498926,80.3837495975747,54.7227833798875,14.3735766710382,0.519756980726959,322.629146092408,217.493932294791,54.0881987690163,1.98258532705179,0.527052792979788,0.000925075325131153,-477.517550542694,0.925075325131153,NA,NA,NA,NA,NA,NA,NA,NA,NA,NA,NA,NA,NA,NA,NA,NA,NA,NA,NA,4870.87975366844,202.414289770135,22060.813673887,22060.813673887,5973.534957,5973.534957,32,50,17.8811970615911,68.0769230769233,1.77333092228048,0.480175138195847,32.4057150011898,NA,0.139763095210166,4.52912303106481,NA,NA,3.36324689102892,108.988420229321,NA,NA,5144.77147265476,NA,NA,NA,NA,"c"
"199",2022,2,3,4,"c","55-65",55,65,376.081424936387,0.958308069681027,716.535433070864,155.958577982224,5.9432223578352,26.2414172972373,-27.2190472457936,0.844387840928022,95.8308069681027,68.6661687724199,14.9456363816343,0.569543794542217,418.459953060511,286.160101067211,69.0338351506506,2.552129121594,0.50025718689635,0.000803653484211774,-504.080798262178,0.803653484211774,NA,NA,NA,NA,NA,NA,NA,NA,NA,NA,NA,NA,NA,NA,NA,NA,NA,NA,NA,4384.99013542468,192.456873240645,24228.864540622,24228.864540622,6946.411862,6946.411862,32,60,15.5958577982224,71.6535433070864,2.32187164084866,0.665680254268261,33.8139098533956,NA,0.163406395668315,5.52540913259671,NA,NA,3.72309609423468,125.892435705981,NA,NA,5563.92039908418,NA,NA,NA,NA,"c"
"200",2022,2,3,4,"c","65-75",65,75,376.081424936387,2.62891269156943,790.786948176581,103.704260229898,4.11678804474715,25.1905755415853,-27.1900937423495,1.08579399018492,262.891269156943,207.890984438887,27.2629445888199,1.08226763393371,681.351222217454,494.051085506098,96.2967797394706,3.63439675552771,0.42612277197675,0.00630435322043665,-577.572355867418,6.30435322043665,NA,NA,NA,NA,NA,NA,NA,NA,NA,NA,NA,NA,NA,NA,NA,NA,NA,NA,NA,4833.00047670513,214.747907971434,30883.5430862218,30883.5430862218,9932.588601,9932.588601,32,70,10.3704260229898,79.0786948176581,8.11901383799998,2.61119082333067,39.0541891939845,NA,0.163622360889088,6.39013863852885,NA,NA,3.68239651620621,143.813010231187,NA,NA,6852.37213348495,NA,NA,NA,NA,"c"
"201",2022,2,3,4,"c","75-85",75,85,260.750066495257,1.1205449240045,891.843971631207,55.3550923417214,2.29670165007159,24.1019952852805,-27.3460057409267,1.18844507209849,112.05449240045,99.9351235415364,6.20278677413164,0.257355737594049,793.405714617904,593.986209047634,102.499566513602,3.89175249312176,0.287387743434147,0.00536700813322782,-715.104342233817,5.36700813322782,NA,NA,NA,NA,NA,NA,NA,NA,NA,NA,NA,NA,NA,NA,NA,NA,NA,NA,NA,4922.60254496122,221.282462568912,34522.2733468667,34522.2733468667,11565.408517,11565.408517,32,80,5.53550923417214,89.1843971631207,3.86837581639273,1.29595598077628,38.7088711086139,NA,0.181173264240904,7.01301253382801,NA,NA,4.03034185934851,156.009983557173,NA,NA,10016.5320783444,NA,NA,NA,NA,"c"
"202",2022,2,3,4,"c","85-95",85,95,260.750066495257,0.979345489032867,917.148362235065,35.9206373791366,1.89208458051714,18.9846890297678,-26.6200704105632,1.39251989800976,97.9345489032867,89.8205111328793,3.51787141804428,0.18530044987981,891.340263521191,683.806720180514,106.017437931646,4.07705294300157,0.323863470630177,0.00559415959238203,-678.944914667991,5.59415959238203,NA,NA,NA,NA,NA,NA,NA,NA,NA,NA,NA,NA,NA,NA,NA,NA,NA,NA,NA,4745.55787149817,201.461923227068,34556.3046490375,34556.3046490375,11580.6795,11580.6795,32,90,3.59206373791366,91.7148362235065,3.38425610756804,1.13414862282604,37.6779876320389,NA,0.193264603882182,7.28182135478375,NA,NA,4.55246503926871,171.527721444856,NA,NA,9056.67120842216,NA,NA,NA,NA,"c"
"203",2022,2,3,4,"c","95-105",95,105,418.135401836123,0.838146054061232,930.976430976432,24.7181537411322,1.81461367332881,13.6217169000982,-24.5066983249522,3.00988581108414,83.8146054061232,78.0294222046905,2.07174230218088,0.152091128994609,975.154868927314,761.836142385204,108.089180233827,4.22914407199618,0.248791703033638,0.00502061064355974,-753.365696687134,5.02061064355974,NA,NA,NA,NA,NA,NA,NA,NA,NA,NA,NA,NA,NA,NA,NA,NA,NA,NA,NA,4871.49525279839,200.801867207121,44476.5664212916,44476.5664212916,16032.232606,16032.232606,32,100,2.47181537411322,93.0976430976432,3.72778586441978,1.34373524965107,47.7741057038828,NA,0.191106915364772,9.12996197537962,NA,NA,4.63629369549715,221.494785082926,NA,NA,11175.0217286677,NA,NA,NA,NA,"c"
"204",2022,2,3,4,"c","105-115",105,115,NA,NA,NA,NA,NA,NA,NA,NA,NA,NA,NA,NA,NA,NA,NA,NA,NA,NA,NA,NA,NA,NA,NA,NA,NA,NA,NA,NA,NA,NA,NA,NA,NA,NA,NA,NA,NA,NA,NA,NA,NA,NA,NA,NA,NA,32,110,NA,NA,NA,NA,NA,NA,NA,NA,NA,NA,NA,NA,NA,NA,NA,NA,NA,NA,NA,"c"
"205",2022,2,3,2,"c","0-5",0,5,911.011832890606,0.0639468968848104,37.6984126984129,460.983792071173,7.31326937897895,63.033886512674,-28.0867930979605,-3.04955883107441,3.19734484424052,0.120534825477322,1.47392415085721,0.0233830441434204,3.19734484424052,0.120534825477322,1.47392415085721,0.0233830441434204,1.03854588795011,0.00137663318010828,29.5401269807762,1.37663318010828,NA,NA,NA,NA,NA,NA,NA,NA,NA,NA,NA,NA,NA,NA,NA,NA,NA,NA,NA,234.523019366704,20.8045905675142,5651.39993188978,5651.39993188978,2003.295775,2003.295775,30,2.5,46.0983792071173,3.76984126984129,0.018069474434969,0.00640522741768507,149.910819245918,NA,0.16074504242787,24.0974210000817,NA,NA,1.81202377312236,271.641968321851,NA,NA,-303.820512095318,NA,NA,NA,NA,"c"
"206",2022,2,3,2,"c","5-15",5,15,910.372848948375,0.0896047442638623,60.9037328094314,437.457950805812,8.52353300673177,51.3235474609312,-27.4491514834804,-1.09742560279359,8.96047442638623,0.54572634031037,3.9198307808148,0.076374899529279,12.1578192706268,0.666261165787692,5.39375493167201,0.0997579436726994,1.0669648719855,0.00136423820582088,57.7126755142012,1.36423820582088,NA,NA,NA,NA,NA,NA,NA,NA,NA,NA,NA,NA,NA,NA,NA,NA,NA,NA,NA,519.321769324937,30.6488546364413,16388.0469370456,16388.0469370456,13987.928162,13987.928162,30,10,43.7457950805812,6.09037328094314,0.146844675477814,0.125338472573729,269.081157772776,NA,0.117275524360552,31.5566338733466,NA,NA,1.98714547515316,534.703405117146,NA,NA,-520.683392053382,NA,NA,NA,NA,"c"
"207",2022,2,3,2,"c","15-25",15,25,852.529409176492,0.165231408362417,144.860070917815,400.246656219002,13.8795306665127,28.8371895156861,-25.8183945622658,0.170388219619404,16.5231408362417,2.39354335332301,6.61333186994138,0.229333439943724,28.6809601068684,3.0598045191107,12.0070868016134,0.329091383616423,0.991734536853588,0.00131189229249672,-16.8652990203573,1.31189229249672,NA,NA,NA,NA,NA,NA,NA,NA,NA,NA,NA,NA,NA,NA,NA,NA,NA,NA,NA,805.770811886477,48.3140133564829,18158.2549197101,18158.2549197101,15963.8981189688,15963.8981189688,30,20,40.0246656219002,14.4860070917815,0.300031403378749,0.263773736915135,125.350310852823,NA,0.179778255529842,22.5352602152439,NA,NA,2.9983034083501,375.838264267764,NA,NA,66.6723856817856,NA,NA,NA,NA,"c"
"208",2022,2,3,2,"c","25-35",25,35,525.879917184265,0.519386100730152,686.354378818737,155.92326118807,6.87415782949695,22.6825256352138,-26.5534154638358,0.86750490885307,51.9386100730152,35.6482924533729,8.09843746416008,0.357034203086607,80.6195701798836,38.7080969724836,20.1055242657735,0.68612558670303,0.8187211912259,0.00702606788856941,-188.378357705209,7.02606788856941,10.326,4.612,5.852,55.1558715006897,343.630290667633,3.7,21.1,NA,NA,NA,NA,0.8481762900054,0.00678036240533873,0.813783187403476,0.00667154910887688,-159.178679106961,6.78036240533873,-193.273541578504,6.67154910887688,4752.14058253201,163.499272708389,21044.1648975293,21044.1648975293,5517.330663,5517.330663,30,30,15.592326118807,68.6354378818737,1.09300467492501,0.286562485949447,30.6607862453617,0.0803606317710346,0.144430571212823,4.42835487125186,0.0116065319497139,0.0723106323770712,4.1979047823833,128.711061211036,0.337346280426969,2.10172366503745,1606.69381693068,1322.76820870712,1655.2904469946,-283.925608223562,48.5966300639186,"c"
"209",2022,2,3,2,"c","35-45",35,45,973.563218390804,0.0461461916268932,853.703703703705,81.3602775991453,3.00777266158799,27.0500090110501,-27.8766318635638,0.401072485940928,4.61461916268932,3.93951747036996,0.375446696090738,0.013879725361177,85.2341893425729,42.6476144428536,20.4809709618642,0.700005312064207,0.501918529005611,0.00693849849674718,-502.433862497497,6.93849849674718,10.228,1.666,8.872,49.8315099160624,278.941639598566,2.5,10.4,NA,NA,NA,NA,0.506744988407514,0.00549129267513979,0.473896064769168,0.00546072365144833,-497.649255786175,5.49129267513979,-530.213329657342,5.46072365144833,5114.66957007042,243.488632954279,21122.1300869882,21122.1300869882,5552.31625,5552.31625,30,40,8.13602775991453,85.3703703703705,0.0974705862562324,0.0256218249645613,24.7417575856261,0.0583709660621988,0.166912777454742,4.12971547772878,0.00974286006815809,0.054537568024111,3.50613370877157,86.7479102852181,0.204656411724236,1.14560436031091,5537.28719858476,5460.41073063771,5998.78135113865,-76.8764679470542,461.49415255389,"c"
"210",2022,2,3,2,"c","45-55",45,55,301.82124434151,1.18854784151944,817.821782178218,97.9685528741637,3.27132772876304,29.9476423633066,-27.8996689481373,0.517237221223671,118.854784151944,97.20203139555,11.644031205537,0.388812951092399,204.088973494516,139.849645838404,32.1250021674012,1.08881826315661,0.491799733627282,0.00635974034423824,-512.464912641328,6.35974034423824,10.455,2.057,8.493,41.4278499718904,383.770451295406,2.1,12.4,NA,NA,NA,NA,0.487586005462081,0.00538573312258989,0.0967385186112265,0.0123027896570734,-516.642101420946,5.38573312258988,-904.100350412518,12.3027896570734,4915.91551204096,199.519472654081,24357.2239940579,24357.2239940579,4864.41282812813,4864.41282812813,30,50,9.79685528741637,81.7821782178218,2.8949726003543,0.578158736713116,29.7830462881337,0.0506563298687764,0.166362049993548,4.95476863554667,0.00842729088211906,0.0780669338916434,4.09895721605141,122.079432498739,0.207638128854302,1.92347366495285,5700.88908842397,5770.01218437919,18763.0285380117,69.1230959552222,13062.1394495877,"c"
"211",2022,2,3,2,"c","55-65",55,65,321.210967250571,1.29203077446893,799.249530956845,104.622638179984,3.65618891573037,28.615216716471,-27.7822046133274,0.939114133869613,129.203077446893,103.26549904761,13.5175668234667,0.472390859639584,333.29205094141,243.115144886014,45.6425689908679,1.56120912279619,0.457281040289423,0.0061495702585584,-546.684276787496,6.1495702585584,8.829,3.405,5.062,49.9954508167417,367.985876588335,2.5,12.2,NA,NA,NA,NA,0.473508099649062,0.00538922434695844,0.438588307317836,0.00532839735002944,-530.597930534061,5.38922434695844,-565.214915539696,5.32839735002944,5148.51159002882,232.871160404842,25448.628557813,25448.628557813,7493.760755,7493.760755,30,60,10.4622638179984,79.9249530956845,3.28804112647233,0.968216951196753,31.8406549796112,0.0625529936275198,0.1552389495451,4.94290983186279,0.00971066102163749,0.0714742251529582,3.43215333992996,109.28201033383,0.21469146600131,1.58021231975913,6285.47795894741,6005.36043132653,6620.7512250272,-280.117527620882,335.273266079793,"c"
"212",2022,2,3,2,"c","65-75",65,75,NA,NA,NA,NA,NA,NA,NA,NA,NA,NA,NA,NA,NA,NA,NA,NA,NA,NA,NA,NA,NA,NA,NA,NA,NA,NA,NA,NA,NA,NA,NA,NA,NA,NA,NA,NA,NA,NA,NA,NA,NA,NA,NA,NA,NA,30,70,NA,NA,NA,NA,NA,NA,NA,NA,NA,NA,NA,NA,NA,NA,NA,NA,NA,NA,NA,"c"
"213",2022,2,3,2,"c","75-85",75,85,NA,NA,NA,NA,NA,NA,NA,NA,NA,NA,NA,NA,NA,NA,NA,NA,NA,NA,NA,NA,NA,NA,NA,NA,NA,NA,NA,NA,NA,NA,NA,NA,NA,NA,NA,NA,NA,NA,NA,NA,NA,NA,NA,NA,NA,30,80,NA,NA,NA,NA,NA,NA,NA,NA,NA,NA,NA,NA,NA,NA,NA,NA,NA,NA,NA,"c"
"214",2022,2,3,2,"c","85-95",85,95,NA,NA,NA,NA,NA,NA,NA,NA,NA,NA,NA,NA,NA,NA,NA,NA,NA,NA,NA,NA,NA,NA,NA,NA,NA,NA,NA,NA,NA,NA,NA,NA,NA,NA,NA,NA,NA,NA,NA,NA,NA,NA,NA,NA,NA,30,90,NA,NA,NA,NA,NA,NA,NA,NA,NA,NA,NA,NA,NA,NA,NA,NA,NA,NA,NA,"c"
"215",2022,2,3,2,"c","95-105",95,105,NA,NA,NA,NA,NA,NA,NA,NA,NA,NA,NA,NA,NA,NA,NA,NA,NA,NA,NA,NA,NA,NA,NA,NA,NA,NA,NA,NA,NA,NA,NA,NA,NA,NA,NA,NA,NA,NA,NA,NA,NA,NA,NA,NA,NA,30,100,NA,NA,NA,NA,NA,NA,NA,NA,NA,NA,NA,NA,NA,NA,NA,NA,NA,NA,NA,"c"
"216",2022,2,3,2,"c","105-115",105,115,NA,NA,NA,NA,NA,NA,NA,NA,NA,NA,NA,NA,NA,NA,NA,NA,NA,NA,NA,NA,NA,NA,NA,NA,NA,NA,NA,NA,NA,NA,NA,NA,NA,NA,NA,NA,NA,NA,NA,NA,NA,NA,NA,NA,NA,30,110,NA,NA,NA,NA,NA,NA,NA,NA,NA,NA,NA,NA,NA,NA,NA,NA,NA,NA,NA,"c"
"217",2022,1,1,6,"w","0-5",0,5,888.888888888889,0.082879797979798,93.8123752495022,422.851096152648,12.2167451045785,34.6124186543088,-27.9994907265603,-2.57309811140861,4.1439898989899,0.388757535434187,1.75229067123338,0.0506260683119075,4.1439898989899,0.388757535434187,1.75229067123338,0.0506260683119075,1.10109612401612,0.0014028955215585,91.547958054274,1.4028955215585,NA,NA,NA,NA,NA,NA,NA,NA,NA,NA,NA,NA,NA,NA,NA,NA,NA,NA,NA,266.24730503055,31.459780603805,19881.9544410313,19881.9544410313,17887.953655,17887.953655,18,2.5,42.2851096152648,9.38123752495022,0.0823906183758111,0.0741274992599195,211.933173935246,NA,0.352350515768555,74.6747631445508,NA,NA,2.98197805098983,631.980072951514,NA,NA,-773.627383517819,NA,NA,NA,NA,"w"
"218",2022,1,1,6,"w","5-15",5,15,817.142857142858,0.180843220779221,257.692307692308,372.415807857052,17.1645348314018,21.6968191398774,-25.6583664813538,1.45498362159761,18.0843220779221,4.6601906893107,6.73488741619647,0.310408976208782,22.228311976912,5.04894822474489,8.48717808742985,0.36103504452069,1.01984528801416,0.00809967713368115,11.001689482679,8.09967713368115,NA,NA,NA,NA,NA,NA,NA,NA,NA,NA,NA,NA,NA,NA,NA,NA,NA,NA,NA,1817.26338374081,92.9864310345995,9850.12679795806,9850.12679795806,6690.066045,6690.066045,18,10,37.2415807857052,25.7692307692308,0.178132865522645,0.12098530908035,38.2243726487924,NA,0.141802399144725,5.42030774740078,NA,NA,2.77128936797696,105.930797519188,NA,NA,-157.855979928194,NA,NA,NA,NA,"w"
"219",2022,1,1,6,"w","15-25",15,25,763.883549283463,0.202390544268616,397.928033381496,310.081424882147,14.6965603698001,21.0989113833283,-25.6327274130273,1.63128793141019,20.2390544268616,8.05368712558212,6.27575483494858,0.297444485212041,42.4673664037736,13.102635350327,14.7629329223784,0.658479529732731,0.902624272290955,0.0078960857794016,-105.202843039898,7.8960857794016,NA,NA,NA,NA,NA,NA,NA,NA,NA,NA,NA,NA,NA,NA,NA,NA,NA,NA,NA,3337.61971784641,151.048785058902,8602.15284325297,8602.15284325297,5297.03253383877,5297.03253383877,18,20,31.0081424882147,39.7928033381496,0.174099439582779,0.107206929753219,21.6173582196609,NA,0.119225096632117,2.57733162267015,NA,NA,2.63443385675908,56.9495003875637,NA,NA,822.972017116145,NA,NA,NA,NA,"w"
"220",2022,1,1,6,"w","25-35",25,35,529.190207156309,0.416635262960931,692.44935543278,165.165472443218,6.76984929635593,24.3972155380361,-26.5548109988307,1.82700195685326,41.6635262960931,28.8498819287863,6.88137600434464,0.282055794179313,84.1308926998667,41.9525172791134,21.6443089267231,0.940535323912044,0.787954864868947,0.00713046703613638,-218.877893557969,7.13046703613638,8.162,1.359,6.764,77,211.353687321781,3.8,10.7,NA,NA,NA,NA,0.795225062154713,0.00129546863096256,0.778376668649396,0.00136337807889171,-211.670739860084,1.29546863096256,-228.373032353991,1.36337807889171,3200.92629223752,149.185486447248,25817.2524966702,25817.2524966702,7659.17464,7659.17464,18,30,16.5165472443218,69.244935543278,1.07563777828789,0.31910822402001,37.2839577279041,0.111199468085107,0.216327803958504,8.06555669815919,0.0240555367322049,0.0660289141409876,4.64153297966844,173.054719406631,0.51613599843861,1.41671748609752,1914.38012827047,1840.60215228038,2012.62575207947,-73.7779759900889,98.2456238090087,"w"
"221",2022,1,1,6,"w","35-45",35,45,187.90546802595,1.27759019013962,930.693069306928,29.1382457799177,1.45471795890719,20.0301684608381,-27.0291527087165,1.22259404263763,127.759019013962,118.904433537746,3.72267369663,0.185853339371976,211.889911713829,160.85695081686,25.3669826233531,1.12638866328402,0.600853432925401,0.00771454319817992,-404.356873578444,7.71454319817992,8.075,0.225,7.727,20.0907784651754,158.656545183737,1.10464420249589,5.7,NA,NA,NA,NA,0.67653391953728,0.00124708955780518,0.620387277662866,0.0011543224239325,-329.332651056941,1.24708955780518,-384.992416769387,1.1543224239325,5510.29989217357,233.172900299675,25425.4227517151,25425.4227517151,7483.347534,7483.347534,18,40,2.91382457799177,93.0693069306928,3.24832706877439,0.956065139884392,27.3188052970557,0.0215869002657736,0.168900620205593,4.61416315794854,0.00364604084320545,0.0287927242234277,3.99142897013674,109.041070892193,0.0861625790962613,0.68042446176134,4092.0443096673,3139.07704193366,3835.04541116853,-952.967267733633,-256.998898498768,"w"
"222",2022,1,1,6,"w","45-55",45,55,304.675458126391,0.982174135690948,846.613545816734,67.0473287588501,3.07565042072336,21.7993983669578,-26.8789600073839,0.341136388322756,98.2174135690948,83.15219276268,6.58521521741104,0.302082429366147,310.107325282924,244.00914357954,31.9521978407641,1.42847109265017,0.669047726467693,0.00796278011243072,-336.753927529064,7.96278011243073,8.351,1.6,6.72,38.9599785072546,299.485480374014,2.06825799768891,17,NA,NA,NA,NA,0.756485998959037,0.00139790217328118,0.650673381262474,0.0012267962834086,-250.073876884982,1.39790217328118,-354.96893941757,1.2267962834086,3954.7145148376,153.032670106369,32823.0363019984,32823.0363019984,10802.904047,10802.904047,18,50,6.70473287588501,84.6613545816734,3.22379373106679,1.06103329453145,38.769798173184,0.0460186099073924,0.214077032018454,8.2997233248697,0.0098515274265896,0.0757287230849108,5.53224056816283,214.483850273173,0.254586020620136,1.95700356117324,3228.46174718167,2241.77938000763,3452.16151621633,-986.682367174038,223.699769034666,"w"
"223",2022,1,1,6,"w","55-65",55,65,418.570157223376,0.69278985674724,721.470019342362,135.38948302438,5.85960054973369,23.1055823473382,-26.1377402377727,-0.0159839361162823,69.278985674724,49.9827111347624,9.37964605495433,0.405947182544605,379.386310957648,293.991854714302,41.3318438957184,1.83441827519477,0.666320162130807,0.00787921940552466,-339.457839764746,7.87921940552467,8.229,2.728,5.465,43.1479964567898,289.506953809676,2.06713504097083,14.8,NA,NA,NA,NA,0.678918106868941,0.00138395901088539,0.555124928827558,0.00112054968352956,-326.969138229375,1.38395901088539,-449.688842499394,1.12054968352956,4386.53409934387,185.120822047518,32269.5142205382,32269.5142205382,10554.520184,10554.520184,18,60,13.538948302438,72.1470019342362,2.23559921341497,0.731206452630921,44.7274500054107,0.0598056680111535,0.164473819877584,7.35649455577355,0.00983646666812502,0.0659990204687979,3.89729265115931,174.315962211183,0.233080190437542,1.56388109456085,3261.27750525981,3110.81754441685,4727.91929772522,-150.459960842958,1466.64179246541,"w"
"224",2022,1,1,6,"w","65-75",65,75,376.436781609195,0.591734875540913,813.627254509019,91.4197311600018,3.06203587076927,29.8558655150681,-27.1098722676182,1.23293098219474,59.1734875540913,48.1451622183589,5.40962432399474,0.181191341489147,438.559798511739,342.137016932661,46.7414682197132,2.01560961668392,0.505975871165308,0.00651311997083616,-498.411703620586,6.51311997083616,8.05899999999999,0.64,7.302,35.9669302023342,284.154167768709,1.68067614190561,16.3,NA,NA,NA,NA,0.508372619601553,0.00113015059554054,0.492624912253378,0.00101512411586337,-496.03573861218,1.13015059554054,-511.646889559873,1.01512411586337,4877.30598187262,214.974212892559,36164.689009122,36164.689009122,12302.415333,12302.415333,18,70,9.14197311600018,81.3627254509019,2.13999077497886,0.727976820592537,44.4487187575169,0.0442056605196176,0.166818989321771,7.41489033977662,0.00737434361018393,0.058260475931758,3.78476675672565,168.228033132498,0.167308114393748,1.32180582938441,5472.61215798281,5434.65061676901,5687.42201101244,-37.9615412137946,214.809853029633,"w"
"225",2022,1,1,6,"w","75-85",75,85,NA,NA,NA,NA,NA,NA,NA,NA,NA,NA,NA,NA,NA,NA,NA,NA,NA,NA,NA,NA,NA,NA,NA,NA,NA,NA,NA,NA,NA,NA,NA,NA,NA,NA,NA,NA,NA,NA,NA,NA,NA,NA,NA,NA,NA,18,80,NA,NA,NA,NA,NA,NA,NA,NA,NA,NA,NA,NA,NA,NA,NA,NA,NA,NA,NA,"w"
"226",2022,1,1,6,"w","85-95",85,95,NA,NA,NA,NA,NA,NA,NA,NA,NA,NA,NA,NA,NA,NA,NA,NA,NA,NA,NA,NA,NA,NA,NA,NA,NA,NA,NA,NA,NA,NA,NA,NA,NA,NA,NA,NA,NA,NA,NA,NA,NA,NA,NA,NA,NA,18,90,NA,NA,NA,NA,NA,NA,NA,NA,NA,NA,NA,NA,NA,NA,NA,NA,NA,NA,NA,"w"
"227",2022,1,1,6,"w","95-105",95,105,NA,NA,NA,NA,NA,NA,NA,NA,NA,NA,NA,NA,NA,NA,NA,NA,NA,NA,NA,NA,NA,NA,NA,NA,NA,NA,NA,NA,NA,NA,NA,NA,NA,NA,NA,NA,NA,NA,NA,NA,NA,NA,NA,NA,NA,18,100,NA,NA,NA,NA,NA,NA,NA,NA,NA,NA,NA,NA,NA,NA,NA,NA,NA,NA,NA,"w"
"228",2022,1,1,6,"w","105-115",105,115,NA,NA,NA,NA,NA,NA,NA,NA,NA,NA,NA,NA,NA,NA,NA,NA,NA,NA,NA,NA,NA,NA,NA,NA,NA,NA,NA,NA,NA,NA,NA,NA,NA,NA,NA,NA,NA,NA,NA,NA,NA,NA,NA,NA,NA,18,110,NA,NA,NA,NA,NA,NA,NA,NA,NA,NA,NA,NA,NA,NA,NA,NA,NA,NA,NA,"w"
"229",2022,1,1,8,"w","0-5",0,5,924.422818097112,0.0510510122448211,73.8396624472577,439.602276878506,12.3549278151626,35.581128716835,-28.9342951983586,-0.636687378169642,2.55255061224106,0.188479475587421,1.12210706098879,0.0315365785587874,2.55255061224106,0.188479475587421,1.12210706098879,0.0315365785587874,1.02562321963519,0.00124010252958903,16.729517712339,1.24010252958903,NA,NA,NA,NA,NA,NA,NA,NA,NA,NA,NA,NA,NA,NA,NA,NA,NA,NA,NA,40.2756668310891,21.9644032882786,13566.4932577946,13566.4932577946,10838.408243,10838.408243,20,2.5,43.9602276878506,7.38396624472577,0.0346291606711478,0.0276655855963882,183.729080119846,NA,1.8333566705905,336.840934619176,NA,NA,3.36178777443331,617.658175354776,NA,NA,-203.23849057346,NA,NA,NA,NA,"w"
"230",2022,1,1,8,"w","5-15",5,15,882.834825681082,0.0843898145101231,73.8396624472577,436.600629241944,10.5725997340792,41.295484575532,-25.9170854582744,0.162218055593823,8.43898145101231,0.623131541741418,3.68446461167307,0.0892219730448724,10.9915320632534,0.811611017328839,4.80657167266186,0.12075855160366,1.12123134033615,0.00128131857689391,111.508571646247,1.28131857689391,NA,NA,NA,NA,NA,NA,NA,NA,NA,NA,NA,NA,NA,NA,NA,NA,NA,NA,NA,48.026782992956,26.4150667370655,15330.8396200613,15330.8396200613,12807.835248,12807.835248,20,10,43.6600629241944,7.38396624472577,0.129376671182142,0.108085084085494,207.623370854544,NA,1.53746842585912,319.2143771593,NA,NA,2.79536157081315,580.382392089479,NA,NA,-919.196046543371,NA,NA,NA,NA,"w"
"231",2022,1,1,8,"w","15-25",15,25,778.671371028532,0.238608799800334,277.234876751227,357.389207086133,18.1335605553589,19.708716663508,-25.9182159583462,1.56529409559802,23.8608799800334,6.61506812044037,8.52762097644151,0.432682712022086,34.8524120432867,7.42667913776921,13.3341926491034,0.553441263625746,0.94697812484229,0.00231042131049677,-61.233605360934,2.31042131049676,NA,NA,NA,NA,NA,NA,NA,NA,NA,NA,NA,NA,NA,NA,NA,NA,NA,NA,NA,1442.98930369891,96.0162496301042,9275.8439204717,9275.8439204717,6049.03079726228,6049.03079726228,20,20,35.7389207086133,27.7234876751227,0.221329798499898,0.144335197849001,33.4584307327078,NA,0.192125385850451,6.42821391447207,NA,NA,2.88737456231893,96.6070217927302,NA,NA,437.632100342895,NA,NA,NA,NA,"w"
"232",2022,1,1,8,"w","25-35",25,35,193.179455188189,1.53979953343496,925.373134328358,31.9693078471064,0.906710517392645,35.2585607356115,-28.3130153908957,0.547446887377498,153.979953343496,142.488912049205,4.9226325307213,0.139615243164177,188.832365386783,149.915591186974,18.2568251798247,0.693056506789923,0.517304157875015,0.000814312163691068,-487.181650261453,0.814312163691067,3.6,0.044,3.524,22.8,311.366324888043,1,6.7,NA,NA,NA,NA,0.496418003196485,0.00544840832105761,0.509645903570392,0.00558162470783214,-507.886690442506,5.44840832105761,-494.773495937908,5.58162470783214,5100.27314974286,199.849500664054,24772.5339240436,24772.5339240436,7190.37449,7190.37449,20,30,3.19693078471064,92.5373134328358,3.81447361782441,1.10717352849246,26.7703189179181,0.0246387096774194,0.181435995124107,4.85709945266217,0.00447034880889654,0.0610489508593753,4.63034999463874,123.955946058059,0.114085849222744,1.55800401729023,5294.74521558412,5625.8067899619,5414.55609938553,331.061574377779,119.810883801407,"w"
"233",2022,1,1,8,"w","35-45",35,45,291.899594431656,1.21433937435605,856.209150326795,66.9332069557303,1.93137215189355,34.6557792552345,-27.9107739691196,0.586671149533053,121.433937435605,103.972848392576,8.12796286582655,0.234534125057911,310.266302822388,253.888439579551,26.3847880456512,0.927590631847834,0.53378704882727,0.000877033630539923,-470.841690861595,0.877033630539923,8.251,0.108,8.043,24.2,356.927319035516,1.1,7.5,NA,NA,NA,NA,0.489757276249955,0.00540033272117178,0.486204400194323,0.00517197192701622,-514.489658829248,5.40033272117179,-518.01172608492,5.17197192701623,5057.51160849455,216.388618649589,29284.0801987074,29284.0801987074,9214.856131,9214.856131,20,40,6.69332069557303,85.6209150326795,3.55608116270907,1.11899626288996,34.2020173313148,0.0282641221374047,0.169294549692919,5.79021512269436,0.00478496182971758,0.0705737023788584,3.95681231143356,135.33096325241,0.111835826445145,1.64947362418127,5042.78246025312,5734.31981863562,5792.806499251,691.537358382497,750.024038997883,"w"
"234",2022,1,1,8,"w","45-55",45,55,489.28238583411,0.614584818249601,631.097560975609,204.628809660027,6.78525809559738,30.1578520340738,-27.40480423785,1.1233599769341,61.4584818249601,38.7862979809962,12.576175979354,0.417011661345935,371.724784647348,292.674737560547,38.9609640250052,1.34460229319377,0.498533801122328,0.000765623991750649,-505.789239679365,0.765623991750648,5.041,1.957,2.844,61.307832656352,451.474278610269,3.6,15.5,NA,NA,NA,NA,0.509175347433665,0.00558405201803566,0.462838813991999,0.00531691979286791,-495.239971642427,5.58405201803566,-541.174697374713,5.31691979286791,4318.30758561761,198.39737742017,13302.0393455722,13302.0393455722,10543.215254,10543.215254,20,50,20.4628809660027,63.1097560975609,0.817523143354753,0.647970003064601,21.0776275620661,0.0971447783153791,0.146144652381298,3.08038255308062,0.0141971898575594,0.104548893208518,3.18097733539621,67.0474555588548,0.30901533807331,2.27560608149637,5591.6418579836,5421.97639555894,6188.4337773226,-169.665462424658,596.791919339,"w"
"235",2022,1,1,8,"w","55-65",55,65,504.437869822485,0.638055668283349,650.641025641024,190.740721465356,6.09927753186973,31.2726745862447,-27.1134855798726,2.89405047548109,63.8055668283349,41.5145194427947,12.1703198503426,0.389167860164276,435.530351475683,334.189257003342,51.1312838753478,1.73377015335804,0.323441017912913,0.000629851797252954,-679.363704082329,0.629851797252954,6.547,3.109,3.198,48.9,411.421989108749,2.6,15,NA,NA,NA,NA,0.331636844321846,0.00448507002937442,0.32421526511615,0.00448050801241128,-671.238947863399,4.48507002937442,-678.596170771393,4.48050801241129,4840.45949158499,240.028053535413,22437.236626044,22437.236626044,6142.44852,6142.44852,20,60,19.0740721465356,65.0641025641024,1.43162060098621,0.391922409532467,34.484816883378,0.0751566502463056,0.13441720290649,4.63535262820617,0.0101023467059297,0.0849964739554158,2.71068742198099,93.4775593750906,0.203726186500885,1.7140579321827,9067.15642278311,8866.14059600358,9047.95015270002,-201.01582677953,-19.2062700830866,"w"
"236",2022,1,1,8,"w","65-75",65,75,435.687263556116,0.628771448143775,703.213610586011,162.121598568618,5.91250022800289,27.4201424637202,-26.6268097953835,1.83852006476871,62.8771448143775,44.2160640282579,10.1937432307373,0.371761133051178,498.40749629006,378.4053210316,61.3250271060851,2.10553128640922,0.337905093911237,0.000759969810181396,-664.993243306232,0.760041979036622,8.025,2.293,5.511,29.7343625831794,395.604731312891,2,17.3,NA,NA,NA,NA,0.344830902265563,0.00460565745565575,0.322091647517132,0.00444729481638805,-658.159302324021,4.60565745565575,-680.701373399336,4.44729481638805,3835.96491151252,158.916598055613,36418.5394089697,36418.5394089697,12416.326494,12416.326494,20,70,16.2121598568618,70.3213610586011,2.2898937763459,0.78070315902583,51.7887294283467,0.0422835424905965,0.183321179105555,9.49397094318308,0.00775146886613599,0.103130435350334,4.42504822774976,229.167625374317,0.187106714760996,2.48938585492781,8715.72635831247,8552.74410072374,9100.73956661871,-162.982257588728,385.013208306244,"w"
"237",2022,1,1,8,"w","75-85",75,85,151.663106499847,1.67590099004109,960.616438356165,9.30555816598001,0.683054928105548,13.6234404922441,-24.5913026083561,1.75973999172819,167.590099004109,160.989804009084,1.55951941432508,0.114473243026453,665.997595294169,539.395125040684,62.8845465204102,2.22000452943568,0.247849306848486,0.000680160184183775,-754.352735137358,0.680013980898306,8.655,0.0370000000000004,8.367,43.977951845981,384.8678,1.7,13.385714,NA,NA,NA,NA,0.274220546,NA,0.231713051475574,0.00600660227633744,-728.2101751,NA,-770.296250548799,6.00660227633744,4295.24201652759,206.864953218922,37723.6435887507,37723.6435887507,13001.970371,13001.970371,20,80,0.930555816598001,96.0616438356165,6.32210916383445,2.17900150172438,39.270245732318,0.0457809694795952,0.223646638457117,8.78265844941787,0.0102387599294193,0.0896032862686372,4.64368866455382,182.358794961408,0.212592569024681,1.86047851030958,11205.507643003,10393.2768168991,11746.2985916019,-812.230826103952,540.790948598853,"w"
"238",2022,1,1,8,"w","85-95",85,95,NA,NA,NA,NA,NA,NA,NA,NA,NA,NA,NA,NA,NA,NA,NA,NA,NA,NA,NA,NA,NA,NA,NA,NA,NA,NA,NA,NA,NA,NA,NA,NA,NA,NA,NA,NA,NA,NA,NA,NA,NA,NA,NA,NA,NA,20,90,NA,NA,NA,NA,NA,NA,NA,NA,NA,NA,NA,NA,NA,NA,NA,NA,NA,NA,NA,"w"
"239",2022,1,1,8,"w","95-105",95,105,NA,NA,NA,NA,NA,NA,NA,NA,NA,NA,NA,NA,NA,NA,NA,NA,NA,NA,NA,NA,NA,NA,NA,NA,NA,NA,NA,NA,NA,NA,NA,NA,NA,NA,NA,NA,NA,NA,NA,NA,NA,NA,NA,NA,NA,20,100,NA,NA,NA,NA,NA,NA,NA,NA,NA,NA,NA,NA,NA,NA,NA,NA,NA,NA,NA,"w"
"240",2022,1,1,8,"w","105-115",105,115,NA,NA,NA,NA,NA,NA,NA,NA,NA,NA,NA,NA,NA,NA,NA,NA,NA,NA,NA,NA,NA,NA,NA,NA,NA,NA,NA,NA,NA,NA,NA,NA,NA,NA,NA,NA,NA,NA,NA,NA,NA,NA,NA,NA,NA,20,110,NA,NA,NA,NA,NA,NA,NA,NA,NA,NA,NA,NA,NA,NA,NA,NA,NA,NA,NA,"w"
"241",2022,1,2,6,"w","0-5",0,5,888.601551621245,0.0288925137590345,75.9493670886072,449.387206944967,12.9467269083889,34.7104878418178,-28.5529812227461,-2.03949427148909,1.44462568795173,0.109718406679877,0.649196302989578,0.0187031742667544,1.44462568795173,0.109718406679877,0.649196302989578,0.0187031742667544,1.04114163002813,0.00140852438965798,32.1133600556265,1.40852438965798,NA,NA,NA,NA,NA,NA,NA,NA,NA,NA,NA,NA,NA,NA,NA,NA,NA,NA,NA,1,27.0468346418722,13988.7859020912,13988.7859020912,11309.786514,11309.786514,26,2.5,44.9387206944967,7.59493670886072,0.0202085594574179,0.0163384081233744,184.185681044202,NA,75.9493670886072,13988.7859020912,NA,NA,2.80806860005079,517.206027519193,NA,NA,-323.87314669586,NA,NA,NA,NA,"w"
"242",2022,1,2,6,"w","5-15",5,15,854.887983706721,0.13269802880419,120.353982300887,428.417936308662,12.302592129878,34.8233877694936,-26.880305288194,0.117919840433936,13.269802880419,1.59707362100621,5.68502156525183,0.163252972481675,14.7144285683707,1.70679202768609,6.33421786824141,0.181956146748429,1.08493234079482,0.0014144573942831,75.5243392395082,1.4144573942831,NA,NA,NA,NA,NA,NA,NA,NA,NA,NA,NA,NA,NA,NA,NA,NA,NA,NA,NA,393.801675570451,35.2409586609312,13660.8682652088,13660.8682652088,10943.753028,10943.753028,26,10,42.8417936308662,12.0353982300887,0.181277029054692,0.145221445453549,113.505743674159,NA,0.30562079789667,34.6897159475516,NA,NA,3.41517333449597,387.641789108124,NA,NA,-654.831092337694,NA,NA,NA,NA,"w"
"243",2022,1,2,6,"w","15-25",15,25,874.838353737613,0.151357131396171,190.506534491343,393.551424663441,14.693877390488,26.7833611377622,-26.1287815576253,0.223711121775332,15.1357131396171,2.88345225728353,5.95668146939347,0.222402313091133,29.8501417079878,4.59024428496962,12.2908993376349,0.404358459839562,1.00033315832086,0.00135319032394898,-8.34124058442921,1.35319032394898,NA,NA,NA,NA,NA,NA,NA,NA,NA,NA,NA,NA,NA,NA,NA,NA,NA,NA,NA,1142.58907250616,70.7783110458962,NA,12931.8139586807,NA,8870.55761675989,26,20,39.3551424663441,19.0506534491343,NA,NA,NA,NA,0.16673232667409,NA,NA,NA,2.69159480745181,NA,NA,NA,-2.67581508118377,NA,NA,NA,NA,"w"
"244",2022,1,2,6,"w","25-35",25,35,748.251748251748,0.222270900200791,252.727272727271,370.053622534859,16.396130077039,22.569571038783,-26.3096281075884,1.67263711028244,22.2270900200791,5.61739184143814,8.22521518033868,0.364438259203273,52.0772317280669,10.2076361264078,20.5161145179736,0.768796719042836,0.90664447371303,0.00128496231620104,-101.217502834332,1.28496231620104,NA,NA,NA,NA,NA,NA,NA,NA,NA,NA,NA,NA,NA,NA,NA,NA,NA,NA,NA,1807.92657490518,81.6523262349343,17790.2820613728,17790.2820613728,15553.153551,15553.153551,26,30,37.0053622534859,25.2727272727271,0.395426200860732,0.34570134407419,70.3932024011159,NA,0.139788460568718,9.84015739815421,NA,NA,3.09516316779648,217.878447335177,NA,NA,787.273250701424,NA,NA,NA,NA,"w"
"245",2022,1,2,6,"w","35-45",35,45,293.535853055458,1.15336464859045,870.673952641165,58.7577215554834,2.38221212427745,24.6651928922179,-26.7607868409525,0.86898960735844,115.336464859045,100.420455742483,6.77690788738155,0.274755924958517,167.413696587112,110.628091868891,27.2930224053551,1.04355264400135,0.718098416365119,0.00766183016573746,-288.128581175647,7.66183016573746,8.28100000000001,0.692,7.151,22.3853243309406,138.937838431281,1.10688415349151,6,NA,NA,NA,NA,0.746366671782075,0.00692919599218588,0.625731546758623,0.00647430969521433,-260.10545421595,6.92919599218588,-379.694490556107,6.47430969521433,4918.91998237019,226.412040781073,25967.4458615403,25967.4458615403,7726.571424,7726.571424,26,40,5.87577215554834,87.0673952641165,2.9949934070887,0.891155433525077,29.8245351003884,0.0257103411248669,0.177005105950439,5.27909499536682,0.00455086165482899,0.0282455984096602,3.84552848707837,114.691099342412,0.0988698492081783,0.613650395765063,2660.11709886906,2349.96002251283,3766.14222791207,-310.157076356232,1106.02512904301,"w"
"246",2022,1,2,6,"w","45-55",45,55,597.089101881434,0.397381291699968,465.346534653468,268.35174300566,11.1904884431704,23.9803422673151,-26.6387317110732,0.876444058632597,39.7381291699968,18.4920007028699,10.6637962265527,0.44468907523006,207.151825757108,129.120092571761,37.9568186319078,1.48824171923141,0.768030831704764,0.00116906581194919,-238.62915527093,1.16906581194919,5.153,2.731,2.604,43.4916000315615,250.112916558095,2.49622915260271,13.6,NA,NA,NA,NA,0.743398630265948,0.00663190248061459,0.672334478765341,0.00602564127770586,-263.047758330628,6.63190248061459,-333.495676336568,6.02564127770586,3436.3286289704,156.983576854339,9603.25434629869,9603.25434629869,6414.498116,6414.498116,26,50,26.835174300566,46.5346534653468,0.381615361665551,0.254900154694309,20.6367806165141,0.0934606724082486,0.13541968330104,2.79462629544138,0.0126564146586273,0.0727849235516902,2.96430075029601,61.1736242652268,0.277045541342941,1.59324256441276,2120.1127477702,2381.96816367622,3189.09558600415,261.855415906021,1068.98283823396,"w"
"247",2022,1,2,6,"w","55-65",55,65,245.667686034658,1.19864970947066,896.226415094338,39.9265509250065,1.51715406093508,26.3167412941559,-26.8975387800798,-0.151585015118824,119.864970947066,107.426153207276,4.78579486664246,0.181853627436207,327.016796704174,236.546245779037,42.7426134985502,1.67009534666762,0.551202646312736,0.00674763815748815,-453.57711290248,6.74763815748815,8.106,0.285,7.658,19.9330848587775,250.829263766987,1.09848573460524,9.59999999999999,NA,NA,NA,NA,0.570058184611906,0.00620635589168463,0.493927518827322,0.00552975341051202,-434.885080590711,6.20635589168463,-510.355578551757,5.52975341051202,5152.26717794036,244.950185569876,43679.3293314683,43679.3293314683,15674.485671,15674.485671,26,60,3.99265509250065,89.6226415094338,5.23562154130378,1.87882176956462,48.7369358856384,0.0222411262634781,0.173947969727107,8.477691048027,0.00386879875797626,0.0486832796328813,3.65881092520616,178.319233479446,0.0813760757617033,1.02400111754736,4784.87860735503,4514.68131666156,5666.20905899981,-270.19729069347,881.330451644779,"w"
"248",2022,1,2,6,"w","65-75",65,75,180.240320427236,1.57719989230085,938.931297709925,18.9740494608662,0.770790781545666,24.616341963532,-27.8545033767105,1.25235486391775,157.719989230085,148.088234162599,2.99258687661892,0.121569113764031,484.736785934259,384.634479941636,45.7352003751692,1.79166446043165,0.402296089934491,0.00574659263946685,-601.192424599997,5.74659263946685,8.174,0.146,7.867,18.4564009264256,275.72840716144,1.03316577190453,6.5,NA,NA,NA,NA,0.422196464715357,0.00532765891486422,0.393098321530255,0.00520130836418039,-581.464616116447,5.32765891486422,-610.310434464277,5.20130836418039,5402.36846847144,233.003171608832,30314.6557845291,30314.6557845291,9677.30985,9677.30985,26,70,1.89740494608662,93.8931297709925,4.78122718384966,1.5263052053182,32.2863407136041,0.0196568172468435,0.173799936673995,5.61136397145943,0.0034163535927137,0.0510384304163272,4.02969320643503,130.104047834257,0.0792109429197401,1.18336761365779,7314.58406315101,6926.73152575393,7500.37608317974,-387.852537397087,185.79202002873,"w"
"249",2022,1,2,6,"w","75-85",75,85,254.066180594503,1.57719989230085,918.367346938777,34.3245089308944,1.37611318411818,24.9430855884792,-27.1483340588263,1.80067441942145,157.719989230085,144.844888068446,5.41366117890861,0.217040556578497,642.456775164344,529.479368010082,51.1488615540778,2.00870501701015,0.408337350802526,0.00584685693107798,-595.203550585506,5.84685693107798,8.067,0.107,7.621,14.7937433634491,305.848151980033,1.13354784392559,9.7,NA,NA,NA,NA,0.380656635431599,0.00512446197027077,0.265316230979145,0.00431549828652897,-622.644232358511,5.12446197027077,-736.984461349624,4.31549828652898,4858.10032258057,219.104277703086,38438.192845667,38438.192845667,10488.0967452472,10488.0967452472,26,80,3.43245089308944,91.8367346938777,6.06247136164253,1.65418250570448,41.8549210986151,0.0161087427735334,0.189038366019364,7.91218589435161,0.003045170412535,0.0629563268914895,4.19146242403939,175.433329045979,0.0675191900337815,1.39590223972941,7194.8496811567,7758.73353477373,10658.4482036557,563.883853617032,3463.59852249902,"w"
"250",2022,1,2,6,"w","85-95",85,95,NA,NA,NA,NA,NA,NA,NA,NA,NA,NA,NA,NA,NA,NA,NA,NA,NA,NA,NA,NA,NA,NA,NA,NA,NA,NA,NA,NA,NA,NA,NA,NA,NA,NA,NA,NA,NA,NA,NA,NA,NA,NA,NA,NA,NA,26,90,NA,NA,NA,NA,NA,NA,NA,NA,NA,NA,NA,NA,NA,NA,NA,NA,NA,NA,NA,"w"
"251",2022,1,2,6,"w","95-105",95,105,NA,NA,NA,NA,NA,NA,NA,NA,NA,NA,NA,NA,NA,NA,NA,NA,NA,NA,NA,NA,NA,NA,NA,NA,NA,NA,NA,NA,NA,NA,NA,NA,NA,NA,NA,NA,NA,NA,NA,NA,NA,NA,NA,NA,NA,26,100,NA,NA,NA,NA,NA,NA,NA,NA,NA,NA,NA,NA,NA,NA,NA,NA,NA,NA,NA,"w"
"252",2022,1,2,6,"w","105-115",105,115,NA,NA,NA,NA,NA,NA,NA,NA,NA,NA,NA,NA,NA,NA,NA,NA,NA,NA,NA,NA,NA,NA,NA,NA,NA,NA,NA,NA,NA,NA,NA,NA,NA,NA,NA,NA,NA,NA,NA,NA,NA,NA,NA,NA,NA,26,110,NA,NA,NA,NA,NA,NA,NA,NA,NA,NA,NA,NA,NA,NA,NA,NA,NA,NA,NA,"w"
"253",2022,1,2,8,"w","0-5",0,5,883.413990321161,0.0672150141982962,62.5000000000023,431.745305570328,9.94924990970677,43.3947593525724,-28.2826345199076,-2.46610700529219,3.36075070991481,0.210046919369684,1.45098834219787,0.0334369486971669,3.36075070991481,0.210046919369684,1.45098834219787,0.0334369486971669,1.04456592154475,0.00244073754307487,35.5079577943842,2.44073754307487,NA,NA,NA,NA,NA,NA,NA,NA,NA,NA,NA,NA,NA,NA,NA,NA,NA,NA,NA,98.779380741923,28.3575173100531,8836.83636506846,8836.83636506846,5558.99474,5558.99474,28,2.5,43.1745305570328,6.25000000000023,0.0296984040873048,0.0186823955188677,141.38938184109,NA,0.632723140503316,89.4603337123171,NA,NA,2.2040011231112,311.622356373761,NA,NA,-350.250150938259,NA,NA,NA,NA,"w"
"254",2022,1,2,8,"w","5-15",5,15,846.203658734013,0.141087170883188,161.417322834644,401.44894805834,14.8109902050456,27.1048014008935,-26.7243836774942,-0.037706740988737,14.1087170883188,2.27739134102782,5.66392963355832,0.20896407060085,17.4694677982336,2.4874382603975,7.11491797575618,0.242401019298016,1.12914079087975,0.00257866999438521,119.349435310997,2.5786699943852,NA,NA,NA,NA,NA,NA,NA,NA,NA,NA,NA,NA,NA,NA,NA,NA,NA,NA,NA,552.016248532596,76.8622054044602,8257.10274417451,8257.10274417451,4911.875176,4911.875176,28,10,40.144894805834,16.1417322834644,0.116497126586739,0.0693002572313201,51.1537584639109,NA,0.292414078867667,14.9580791618436,NA,NA,2.10008705820035,107.427346128366,NA,NA,-975.66393198051,NA,NA,NA,NA,"w"
"255",2022,1,2,8,"w","15-25",15,25,821.248154192896,0.222416046687439,225.206611570248,385.875178950941,18.5460206732538,20.8063597981119,-26.190450012151,1.50698289837134,22.2416046687439,5.00895642333281,8.58248318170762,0.412493259992862,39.7110724669775,7.49639468373031,15.6974011574638,0.654894279290879,0.986363861229763,0.00230847997932532,-22.189402777235,2.30847997932532,NA,NA,NA,NA,NA,NA,NA,NA,NA,NA,NA,NA,NA,NA,NA,NA,NA,NA,NA,1414.9460287174,94.8345878904516,8445.41823621323,8445.41823621323,5122.079716,5122.079716,28,20,38.5875178950941,22.5206611570248,0.187839653672055,0.113923272125064,37.5007562048367,NA,0.159162686773566,5.96872111360227,NA,NA,2.37473074518335,89.054198727251,NA,NA,110.292807536047,NA,NA,NA,NA,"w"
"256",2022,1,2,8,"w","25-35",25,35,766.986489132563,0.236981522205808,338.144329896907,332.041985205193,17.2104223740836,19.293075904122,-26.2005396862934,2.0886584165627,23.6981522205808,8.0133958024232,7.86878150901653,0.407855209201523,63.4092246875584,15.5097904861535,23.5661826664803,1.0627494884924,0.887793047053893,0.00213410972169722,-119.905459160195,2.13410972169722,3.068,2.396,0.426,39,395.173370660924,2.7,24.7,NA,NA,NA,NA,0.873548600840254,0.00637558184381477,0.824449334509193,0.00630068877975278,-134.026384517193,6.37558184381477,-182.699886073219,6.30068877975278,2274.68355917739,116.701300894132,9465.88832257992,9465.88832257992,6261.165209,6261.165209,28,30,33.2041985205193,33.8144329896907,0.224324062371517,0.148378046201087,27.9936331490931,0.115335365853659,0.148655547507976,4.16140886251586,0.0171452419580084,0.173726745008802,2.89751979888949,81.1121062923463,0.334186506073138,3.38619507780306,956.060494571115,1085.99341394327,1550.68701706447,129.932919372156,594.626522493353,"w"
"257",2022,1,2,8,"w","35-45",35,45,312.540822991509,1.03352906951688,857.407407407409,64.024569815072,2.73199137555852,23.4351288177047,-26.9023702126568,0.611181572750292,103.352906951688,88.6155479974659,6.61712540671898,0.282359250430913,166.762131639246,104.125338483619,30.1833080731993,1.34510873892332,0.731562428744942,0.000950822581705898,-274.781322112733,0.950822581705897,8.19299999999999,0.697,7.31199999999999,41.2,328.866362206436,2,18,NA,NA,NA,NA,0.809391907268839,0.00715596900340427,0.73487765973361,0.0068706792556826,-197.626742683895,7.15596900340427,-271.49483918247,6.87067925568259,4762.32239864773,196.615226166313,32484.2697797294,32484.2697797294,10650.888183,10650.888183,28,40,6.4024569815072,85.7407407407409,3.3573437119379,1.10080025533043,37.886621341369,0.0480518358531317,0.180039765399098,6.82109841806455,0.00865124125399381,0.0690558796060969,4.36083931100099,165.217467706451,0.209546334754104,1.672639340395,2510.89664930185,1698.75493766757,2474.57563474232,-812.141711634283,-36.321014559534,"w"
"258",2022,1,2,8,"w","45-55",45,55,232.724192182016,1.39933549272344,904.365904365905,40.164469963203,1.32556189455245,30.2999581749171,-27.0934732970901,0.33360470714945,139.933549272344,126.551130838814,5.62035683659344,0.185490580684896,306.69568091159,230.676469322434,35.8036649097928,1.53059931960821,0.60129333135374,0.000900235295007792,-403.920789733689,0.900235295007791,8.061,0.679,7.197,18.1283937879249,368.23433081951,1,13.1,NA,NA,NA,NA,0.711214243302361,0.00664317702881351,0.613402205626742,0.00642287170052,-294.953058063403,6.64317702881351,-391.916917684061,6.42287170051999,5579.46530287771,243.601785414842,37312.4160847034,37312.4160847034,12817.438842,12817.438842,28,50,4.0164469963203,90.4365904365905,5.22125881465904,1.79358970974226,41.2580968660743,0.0200454193379123,0.162088274641561,6.6874537360164,0.0032491274349488,0.0659981397553609,3.71247650268989,153.169715161004,0.0744181482785651,1.51162410485795,4086.16531995061,2737.49833447824,3926.00368879164,-1348.66698547237,-160.161631158972,"w"
"259",2022,1,2,8,"w","55-65",55,65,413.858566682487,0.821383077886058,750.487329434701,133.171983077658,5.04056839869055,26.4200329296699,-26.6104345321053,0.830803745287918,82.1383077886058,61.6437592565563,10.9385213348517,0.414023758561165,388.833988700196,292.32022857899,46.7421862446444,1.94462307816938,0.698804250763598,0.000950470421456515,-307.255437228763,0.950470421456515,8.11,1.481,6.475,39.9,313.503288386116,2,13.7,NA,NA,NA,NA,0.713318320188479,0.00692376247797075,0.616069274606294,0.00644760998791338,-292.867226700875,6.92376247797075,-389.272976219621,6.44760998791338,4469.78296471627,195.955170146366,42137.7936568109,42137.7936568109,14982.747078,14982.747078,28,60,13.3171983077658,75.0487329434701,3.4611270649159,1.2306574910116,56.1472419375166,0.0531654545454543,0.167902409436638,9.42725720453089,0.00892660791697584,0.0701383693259515,3.82989297436824,215.037927426649,0.20361800084273,1.59987250222563,2878.90363473439,2713.76835827321,3891.15196744028,-165.135276461184,1012.24833270589,"w"
"260",2022,1,2,8,"w","65-75",65,75,197.410028610149,1.44360911479484,943.327239488115,19.7353409175295,0.848530182420206,23.258266266074,-26.7945618234466,1.50783804766258,144.360911479484,136.17958011593,2.84901180321292,0.122494590552034,533.19490017968,428.49980869492,49.5911980478573,2.06711766872141,0.314268988885113,0.000702894330731675,-688.45619776943,0.702894330731676,7.984,0.107,7.557,5.83852955258653,381.060137918756,0.5,10.2,NA,NA,NA,NA,0.345791190514041,0.00469678704316968,0.28266631274838,0.00419997451054528,-657.207341224615,4.69678704316968,-719.784830986557,4.19997451054528,4968.11818401132,213.965270119211,41911.9964242059,41911.9964242059,14881.424311,14881.424311,28,70,1.97353409175295,94.3327239488115,6.05045400572324,2.14829597764891,44.4299652016292,0.00618929392493186,0.189876167302941,8.43619150588838,0.00117519940877744,0.0767011016656378,4.40878671086452,195.882240145116,0.0272872768058741,1.78094387797818,9298.24575656747,8530.40481979978,10149.6005814979,-767.840936767694,851.354824930475,"w"
"261",2022,1,2,8,"w","75-85",75,85,237.122691094759,1.45212074326785,939.67093235832,17.998038727474,0.897790727112313,20.0470312111193,-26.7402521716072,2.7114613535241,145.212074326785,136.451565272335,2.61353253743031,0.130370053795331,678.406974506465,564.951373967255,52.2047305852877,2.19748772251674,0.241554501945514,0.000624386347096055,-760.540140314233,0.624386347096054,8.005,0.052,7.64300000000001,7.6391145610482,410.604539041274,0.9,10.7,NA,NA,NA,NA,0.286320906717111,0.00445126393031593,0.20550425381087,0.00386592476040067,-716.161927865677,4.45126393031593,-796.277778364574,3.86592476040067,5432.95564557319,219.453164456487,50482.563282855,50482.563282855,18727.324187,18727.324187,28,80,1.7998038727474,93.967093235832,7.33067773163657,2.71943359178444,53.7236617037386,0.00812956355037618,0.17295759318852,9.29191522555288,0.00140606974534618,0.0755766411190633,4.28187460721095,230.03798285563,0.0348097717340635,1.87103494296018,11412.1629883063,10046.407553374,12710.5238856039,-1365.75543493231,1298.36089729755,"w"
"262",2022,1,2,8,"w","85-95",85,95,NA,NA,NA,NA,NA,NA,NA,NA,NA,NA,NA,NA,NA,NA,NA,NA,NA,NA,NA,NA,NA,NA,NA,NA,NA,NA,NA,NA,NA,NA,NA,NA,NA,NA,NA,NA,NA,NA,NA,NA,NA,NA,NA,NA,NA,28,90,NA,NA,NA,NA,NA,NA,NA,NA,NA,NA,NA,NA,NA,NA,NA,NA,NA,NA,NA,"w"
"263",2022,1,2,8,"w","95-105",95,105,NA,NA,NA,NA,NA,NA,NA,NA,NA,NA,NA,NA,NA,NA,NA,NA,NA,NA,NA,NA,NA,NA,NA,NA,NA,NA,NA,NA,NA,NA,NA,NA,NA,NA,NA,NA,NA,NA,NA,NA,NA,NA,NA,NA,NA,28,100,NA,NA,NA,NA,NA,NA,NA,NA,NA,NA,NA,NA,NA,NA,NA,NA,NA,NA,NA,"w"
"264",2022,1,2,8,"w","105-115",105,115,NA,NA,NA,NA,NA,NA,NA,NA,NA,NA,NA,NA,NA,NA,NA,NA,NA,NA,NA,NA,NA,NA,NA,NA,NA,NA,NA,NA,NA,NA,NA,NA,NA,NA,NA,NA,NA,NA,NA,NA,NA,NA,NA,NA,NA,28,110,NA,NA,NA,NA,NA,NA,NA,NA,NA,NA,NA,NA,NA,NA,NA,NA,NA,NA,NA,"w"
"265",2022,2,3,8,"w","0-5",0,5,876.574307304786,0.0599978788280525,86.7768595041282,419.22567576589,9.75396008933754,42.980048301014,-27.1731620644455,-2.60198174709285,2.99989394140263,0.260321375080381,1.25763256481052,0.0292608457766867,2.99989394140263,0.260321375080381,1.25763256481052,0.0292608457766867,1.13101797272409,0.00255516888080036,121.210339154355,2.55516888080037,NA,NA,NA,NA,NA,NA,NA,NA,NA,NA,NA,NA,NA,NA,NA,NA,NA,NA,NA,132.360595984251,25.5475645394206,24903.3399072337,24903.3399072337,23493.005107,23493.005107,36,2.5,41.922567576589,8.67768595041282,0.0747073785084006,0.0704765236858302,286.981345597659,NA,0.6556094648777,188.147686417163,NA,NA,3.39667835539584,974.783324993941,NA,NA,-989.007600987985,NA,NA,NA,NA,"w"
"266",2022,2,3,8,"w","5-15",5,15,852.861771058315,0.0765442023219378,130.188679245285,407.699748521125,12.1600577722261,33.5277805548196,-26.4629256265035,-0.47002753913856,7.65442023219378,0.996518860417692,3.12070520374041,0.0930781922363726,10.6543141735964,1.25684023549807,4.37833776855093,0.122339038013059,1.11671853001632,0.002760626158806,107.034894205876,2.760626158806,NA,NA,NA,NA,NA,NA,NA,NA,NA,NA,NA,NA,NA,NA,NA,NA,NA,NA,NA,340.211522510545,41.869806975544,18685.9070653267,18685.9070653267,16552.882463,16552.882463,36,10,40.7699748521125,13.0188679245285,0.143029785097729,0.126702718425913,143.529431081493,NA,0.382669811664741,54.9243803603022,NA,NA,3.10936898565899,446.285961534073,NA,NA,-886.799025577666,NA,NA,NA,NA,"w"
"267",2022,2,3,8,"w","15-25",15,25,898.511380618501,0.0766367918034956,160.613287640493,400.855591103513,14.5521635913667,27.5461163274255,-25.8127484092847,-0.320114042349486,7.66367918034956,1.23088870857794,3.07202864786671,0.111523113144198,18.317993353946,2.48772894407601,7.45036641641763,0.233862151157257,1.02272572984787,0.00237180169106146,13.8571535364564,2.37180169106146,NA,NA,NA,NA,NA,NA,NA,NA,NA,NA,NA,NA,NA,NA,NA,NA,NA,NA,NA,2319.72504813555,107.62705285745,NA,13898.5565012182,NA,10079.6469751648,36,20,40.0855591103513,16.0613287640493,NA,NA,NA,NA,0.0692380710246604,NA,NA,NA,1.49231334851492,NA,NA,NA,-180.51233252132,NA,NA,NA,NA,"w"
"268",2022,2,3,8,"w","25-35",25,35,781.678082191781,0.202350057871741,247.126436781612,375.581861108693,18.6595965579789,20.1280804727846,-25.632140066374,0.791994068116689,20.2350057871741,5.00060487843964,7.59990113309204,0.377577044337038,38.5529991411201,7.48833382251565,15.0502675495097,0.611439195494294,0.900722866660203,0.00244112895477333,-107.08776061286,2.44112895477333,NA,NA,NA,NA,NA,NA,NA,NA,NA,NA,NA,NA,NA,NA,NA,NA,NA,NA,NA,2535.53000401093,92.4678155903551,9358.66146804314,9358.66146804314,6141.474729,6141.474729,36,30,37.5581861108693,24.7126436781612,0.189372568966056,0.124272776683098,37.8699324520811,NA,0.0974653963434411,3.69100797594143,NA,NA,2.6725670462079,101.209933513551,NA,NA,839.911625427824,NA,NA,NA,NA,"w"
"269",2022,2,3,8,"w","35-45",35,45,230.304859643827,1.24884389357852,875.232774674117,69.4497751281946,2.28993217995519,30.3283109151092,-27.350398201505,0.860703619450279,124.884389357852,109.302910611155,8.6731927579247,0.285976781964597,163.437388498972,116.791244433671,23.7234603074344,0.897415977458892,0.490286716358623,0.000998295343365634,-514.379170774554,0.997444263703318,8.196,2.126,5.944,34.9,149.9,1.5,5.4,NA,NA,NA,NA,0.498489727875511,0.00533120780049659,0.475038603633981,0.0052854260179677,-505.832930744585,5.33120780049659,-529.080698329628,5.2854260179677,5317.5860713685,226.56291072849,22883.1605933111,22883.1605933111,6342.549512,6342.549512,36,40,6.94497751281946,87.5232774674117,2.85774953727332,0.792085422778062,26.1452281672511,0.0398751063829787,0.164592121862707,4.30329858063248,0.00656312836907562,0.0281894825938234,3.86308938148744,101.001353309474,0.154041100053767,0.661626386763887,5725.64063109152,5592.35205264122,5979.43751337683,-133.288578450294,253.796882285314,"w"
"270",2022,2,3,8,"w","45-55",45,55,356.332854176649,0.925941639894596,786.259541984731,119.996982357173,3.94412992932322,30.424196085691,-27.5434220772569,-0.0662987877845335,92.5941639894596,72.8030449688116,11.1110202626203,0.36520341347149,256.031552488431,189.594289402483,34.8344805700547,1.26261939093038,0.580918604900281,0.00108873900566316,-424.280307471311,1.0884337348758,8.188,3.214,4.817,56.8459759882552,226.925828541007,2.7,8.3,NA,NA,NA,NA,0.61419595338777,0.00600360364457666,0.562443664002369,0.00577703489245069,-391.130052914617,6.00360364457666,-442.433571809249,5.77703489245069,5001.59507736722,234.568447313278,24493.5238075164,24493.5238075164,7065.173323,7065.173323,36,50,11.9996982357173,78.6259541984731,2.26795736011291,0.654193817283817,31.1519574639287,0.0722992510141888,0.157201758603499,4.89714249727099,0.0113655694051463,0.0453706917554905,3.35194077034002,104.419516299241,0.242342807139506,0.967418385295172,4363.08078692719,3915.61563695874,4622.70474442352,-447.465149968445,259.623957496335,"w"
"271",2022,2,3,8,"w","55-65",55,65,373.663305835625,0.874745808271987,733.606557377046,151.301489616383,6.28830272862553,24.0607833537705,-27.0354067096891,0.424474818210186,87.4745808271987,64.1719260986414,13.2350343827239,0.550066645301049,343.50613331563,253.766215501124,48.0695149527786,1.81268603623143,0.554013331821095,0.00106901901903021,-450.913206542169,1.06878075896303,8.036,2.108,5.744,30.5171204769835,359.03731452614,1.9,17,NA,NA,NA,NA,0.602570352237705,0.00590824615593905,0.49126759978074,0.00531389951517834,-402.654842548987,5.90824615593905,-512.992432083941,5.31389951517834,4196.13622441758,186.780391469099,24617.9255527105,24617.9255527105,7120.996545,7120.996545,36,60,15.1301489616383,73.3606557377046,2.15344271855853,0.622906187845805,33.5573957254826,0.0415987564043799,0.174829061341751,5.86680799575983,0.00727267153516191,0.0855637890011481,3.92764225198882,131.801445318115,0.163385033284033,1.92224307756384,4744.02091834265,4069.12300403334,5709.58560688512,-674.897914309305,965.564688542469,"w"
"272",2022,2,3,8,"w","65-75",65,75,350.127011007621,0.937820340236699,764.591439688714,123.538767065232,4.59146154271209,26.9061966251948,-27.3563770137375,1.09843597080854,93.7820340236699,71.7049404110937,11.5857168561538,0.430596602616997,437.2881673393,325.471155912218,59.6552318089324,2.24328263884843,0.443094048283629,0.000852384102751631,-560.748246151383,0.852384102751631,8.021,1.647,6.286,37.5681958983615,305.189990666549,2.2,12.4,NA,NA,NA,NA,0.465723316183882,0.00552071422113509,0.409534182519353,0.0046933811087413,-538.3152081722,5.52071422113509,-594.017097206783,4.69338110874129,4682.80825680958,220.895858328657,28815.6987315225,28815.6987315225,9004.677708,9004.677708,36,70,12.3538767065232,76.4591439688714,2.70239483885547,0.844476991183838,37.6877077557318,0.0491349941266103,0.16327626453141,6.15350814110736,0.00802257829876573,0.0651724294332898,3.46132084808547,130.449248571467,0.170071979540993,1.38160123496963,6538.64697956855,6138.52590387486,7171.33949489362,-400.121075693683,632.692515325076,"w"
"273",2022,2,3,8,"w","75-85",75,85,383.859383859384,0.774721847221317,744.979919678712,130.793392581997,5.41301937805791,24.1627423526652,-26.9213914335901,1.53704543435689,77.4721847221317,57.715221951628,10.1328498705468,0.419358437161381,514.760352061432,383.186377863846,69.7880816794792,2.66264107600981,0.421329854066397,0.00081645354145215,-582.323711942567,0.816453541452149,8.121,2.73,5.189,36.5102278387405,372.368466102109,2.6,18.7,NA,NA,NA,NA,0.414663257955825,0.00522528950837306,0.383841708444808,0.00500533232927914,-588.932498598836,5.22528950837306,-619.486778737531,5.00533232927915,4590.05566758325,190.910456279626,35989.9013144642,35989.9013144642,12223.982251,12223.982251,36,80,13.0793392581997,74.4979919678712,2.78821628276546,0.947018610989531,48.3098944868012,0.0490083381770696,0.162303024980731,7.84084201170779,0.00795420153541707,0.0811250435875798,3.90224786109956,188.517182431065,0.191242682827514,1.95048753933468,6943.23720112489,7071.35763897611,7691.79855772471,128.120437851224,748.561356599824,"w"
"274",2022,2,3,8,"w","85-95",85,95,192.878338278932,1.88089425574794,906.976744186046,33.0044798131502,1.39310559352504,23.6912980369546,-26.6689233002363,1.62072590642359,188.089425574794,170.59273482365,6.20779364945031,0.262028430851157,702.849777636226,553.779112687496,75.9958753289295,2.92466950686097,NA,NA,NA,NA,NA,NA,NA,NA,NA,NA,NA,NA,NA,NA,NA,NA,NA,NA,NA,NA,NA,NA,NA,NA,NA,NA,NA,NA,NA,36,90,3.30044798131502,90.6976744186046,NA,NA,NA,NA,NA,NA,NA,NA,NA,NA,NA,NA,NA,NA,NA,NA,NA,"w"
"275",2022,2,3,8,"w","95-105",95,105,NA,NA,NA,NA,NA,NA,NA,NA,NA,NA,NA,NA,NA,NA,NA,NA,NA,NA,NA,NA,NA,NA,NA,NA,NA,NA,NA,NA,NA,NA,NA,NA,NA,NA,NA,NA,NA,NA,NA,NA,NA,NA,NA,NA,NA,36,100,NA,NA,NA,NA,NA,NA,NA,NA,NA,NA,NA,NA,NA,NA,NA,NA,NA,NA,NA,"w"
"276",2022,2,3,8,"w","105-115",105,115,NA,NA,NA,NA,NA,NA,NA,NA,NA,NA,NA,NA,NA,NA,NA,NA,NA,NA,NA,NA,NA,NA,NA,NA,NA,NA,NA,NA,NA,NA,NA,NA,NA,NA,NA,NA,NA,NA,NA,NA,NA,NA,NA,NA,NA,36,110,NA,NA,NA,NA,NA,NA,NA,NA,NA,NA,NA,NA,NA,NA,NA,NA,NA,NA,NA,"w"
"277",2022,2,3,6,"w","0-5",0,5,627.210450852318,0.417648558228453,549.695740365113,227.122757834132,7.9832029078613,28.4500795552217,-26.9504628041892,0.691186443891965,20.8824279114227,11.4789816713906,4.74287461751476,0.166708659225673,20.8824279114227,11.4789816713906,4.74287461751476,0.166708659225673,NA,NA,NA,NA,NA,NA,NA,NA,NA,NA,NA,NA,NA,NA,NA,NA,NA,NA,NA,NA,NA,NA,NA,3402.61179527571,128.356004332057,9534.87382915052,9534.87382915052,6338.169318,6338.169318,34,2.5,22.7122757834132,54.9695740365113,0.199111315381746,0.132356363873526,17.3457298810745,NA,0.161551118211113,2.8022220584755,NA,NA,4.28258688189646,74.2845952456092,NA,NA,NA,NA,NA,NA,NA,"w"
"278",2022,2,3,6,"w","5-15",5,15,766.666666666666,0.247664478114478,200.000000000001,393.921675364287,18.5842243459372,21.1965626346092,-26.2418503150785,1.36996311626089,24.7664478114478,4.95328956228958,9.7560406147077,0.460265222379891,45.6488757228705,16.4322712336802,14.4989152322225,0.626973881605565,NA,NA,NA,NA,NA,NA,NA,NA,NA,NA,NA,NA,NA,NA,NA,NA,NA,NA,NA,NA,NA,NA,NA,1528.51083428682,77.993730010084,9614.44497937192,9614.44497937192,6426.989504,6426.989504,34,10,39.3921675364287,20.0000000000001,0.238115649817651,0.159173700135539,48.0722248968594,NA,0.130846308389641,6.29007316383065,NA,NA,2.56430869473921,123.272024278475,NA,NA,NA,NA,NA,NA,NA,"w"
"279",2022,2,3,6,"w","15-25",15,25,420.604914933837,0.722467629986061,756.007393715343,127.264970010065,5.25775970406292,24.2051704857719,-26.9535052362637,1.17836379285393,72.2467629986061,54.6190869989463,9.19448212634187,0.379856119243055,117.895638721477,71.0513582326264,23.6933973585643,1.00683000084862,NA,NA,NA,NA,NA,NA,NA,NA,NA,NA,NA,NA,NA,NA,NA,NA,NA,NA,NA,NA,NA,NA,NA,4173.91566260765,172.108289082844,16516.2889191118,16516.2889191118,3485.521338,3485.521338,34,20,12.7264970010065,75.6007393715343,1.19324841115557,0.25181763403307,21.8467293526637,NA,0.181126657754035,3.95702507050496,NA,NA,4.39262628048926,95.9645174972468,NA,NA,NA,NA,NA,NA,NA,"w"
"280",2022,2,3,6,"w","25-35",25,35,577.669023019757,0.379801393197385,445.783132530123,296.416716503048,12.4055554706071,23.8938689368129,-27.4789113572911,0.846462323874966,37.9801393197385,16.9309054798835,11.2579481894852,0.471164725112402,155.875778041215,87.98226371251,34.9513455480495,1.47799472596102,NA,NA,NA,NA,7.18,5.532,2.92,91.3740347956811,380.212187437608,5.8,19.5,NA,NA,NA,NA,NA,NA,NA,NA,NA,NA,NA,NA,4155.09599429539,177.699906508968,6586.128644423,6586.128644423,3046.673656,3046.673656,34,30,29.6416716503048,44.5783132530123,0.250142083492906,0.115713089916657,14.7742885807326,0.204974186163283,0.107285880552976,1.58507255992767,0.0219908360531574,0.0915050309209724,2.50862896490959,37.0632082695587,0.514204180467983,2.13963076800167,NA,NA,NA,NA,NA,"w"
"281",2022,2,3,6,"w","35-45",35,45,522.068425176286,0.56575913794465,562.6204238921,231.975344565914,9.5744968369678,24.2284632305941,-26.5196595567505,0.742610389958614,56.575913794465,31.8307646011248,13.1242170966024,0.541685907673667,212.45169183568,119.813028313635,48.075562644652,2.01968063363469,NA,NA,NA,NA,7.357,3.085,4.272,43.9598519038766,412.439639002222,3.1,20.7,NA,NA,NA,NA,NA,NA,NA,NA,NA,NA,NA,NA,3398.93966487332,140.095572115404,6518.53361077907,6518.53361077907,2971.221643,2971.221643,34,40,23.1975344565914,56.26204238921,0.368791995629759,0.168099579538617,11.5860237808025,0.0781341203359999,0.165528217433971,1.91781386358384,0.0129334016599895,0.121343618795185,4.01597577565578,46.5291908398748,0.313784734521549,2.94398768479616,NA,NA,NA,NA,NA,"w"
"282",2022,2,3,6,"w","45-55",45,55,622.02136400986,0.418373231012408,351.297405189621,340.187914523265,14.7388798740019,23.0809883404591,-26.6272694894851,1.04773302520986,41.8373231012408,14.6973430455457,14.2325516950471,0.61663527943899,254.289014936921,134.51037135918,62.3081143396991,2.63631591307368,NA,NA,NA,NA,3.606,3.126,0.405,20.093869445716,386.772636169458,1.52148984186814,21.1,NA,NA,NA,NA,NA,NA,NA,NA,NA,NA,NA,NA,3319.79064963767,132.646368461714,6787.41965545524,6787.41965545524,3271.361938,3271.361938,34,50,34.0187914523265,35.1297405189621,0.283967469148993,0.136865026381207,19.3210070874038,0.0571990260926347,0.1058191441162,2.0445324334521,0.00605275198540278,0.116505128482024,2.64837559643419,51.1692836688123,0.151484504843536,2.91581775403895,NA,NA,NA,NA,NA,"w"
"283",2022,2,3,6,"w","55-65",55,65,607.335490830637,0.455620545840752,337.474120082817,339.028877350087,16.1478180094201,20.9953367787715,-26.5850400826958,1.37243391209979,45.5620545840752,15.376014279926,15.4468522154024,0.735727765558911,299.851069520996,149.886385639106,77.7549665551015,3.37204367863259,NA,NA,NA,NA,3.002,2.649,0.229,14.2537034412536,387.325123820351,1.31281250281241,22.3,NA,NA,NA,NA,NA,NA,NA,NA,NA,NA,NA,NA,2902.16927387475,136.861297617663,7410.36489653159,7410.36489653159,3966.71587,3966.71587,34,60,33.9028877350087,33.7474120082817,0.337631449903687,0.180731724988457,21.9583205216242,0.0422364341234691,0.116283403287586,2.55338824073409,0.0049113963026089,0.133460555628867,2.46581119686288,54.145072606525,0.104147072177212,2.83005590742232,NA,NA,NA,NA,NA,"w"
"284",2022,2,3,6,"w","65-75",65,75,326.686217008797,1.03087548387025,790.356394129977,118.494245067492,4.19142345278466,28.270645140559,-27.8533077172057,0.95100515521058,103.087548387025,81.4759030228685,12.2152812219791,0.43208356799945,402.938617908021,231.362288661975,89.9702477770805,3.80412724663204,NA,NA,NA,NA,10.485,2.463,8.157,36.7593955474669,362.377361386615,2.1,12.9,NA,NA,NA,NA,NA,NA,NA,NA,NA,NA,NA,NA,5132.15391823634,202.687741549827,25369.9732637657,25369.9732637657,7458.465495,7458.465495,34,70,11.8494245067492,79.0356394129977,2.61532834640598,0.768874922608769,32.0994091427487,0.0465098983452036,0.154000913986925,4.94333834642357,0.00716256685460034,0.0706092153820565,3.89937935114681,125.167773195248,0.181359737231224,1.7878602751984,NA,NA,NA,NA,NA,"w"
"285",2022,2,3,6,"w","75-85",75,85,423.951490651844,0.429547757580563,685.220729366602,179.328796749034,6.24241763948895,28.7274589919483,-27.5680854688451,1.28637006510175,42.9547757580563,29.4335027747142,7.7030282513168,0.268141649892383,445.893393666077,260.795791436689,97.6732760283973,4.07226889652442,NA,NA,NA,NA,10.474,3.666,7.44,49.3968088299268,375.697683826378,2.9,14.7,NA,NA,NA,NA,NA,NA,NA,NA,NA,NA,NA,NA,4773.73521302334,167.016428357537,30872.7591627145,30872.7591627145,9927.74949400001,9927.74949400001,34,80,17.9328796749034,68.5220729366602,1.32613244686688,0.426444253296927,45.0552031478271,0.0720889002812098,0.143539743783282,6.46721231594283,0.0103476222759834,0.0787009892801403,4.10271454194751,184.84863714499,0.295760179496723,2.24946544193911,NA,NA,NA,NA,NA,"w"
"286",2022,2,3,6,"w","85-95",85,95,NA,NA,NA,NA,NA,NA,NA,NA,NA,NA,NA,NA,NA,NA,NA,NA,NA,NA,NA,NA,NA,NA,NA,NA,NA,NA,NA,NA,NA,NA,NA,NA,NA,NA,NA,NA,NA,NA,NA,NA,NA,NA,NA,NA,NA,34,90,NA,NA,NA,NA,NA,NA,NA,NA,NA,NA,NA,NA,NA,NA,NA,NA,NA,NA,NA,"w"
"287",2022,2,3,6,"w","95-105",95,105,NA,NA,NA,NA,NA,NA,NA,NA,NA,NA,NA,NA,NA,NA,NA,NA,NA,NA,NA,NA,NA,NA,NA,NA,NA,NA,NA,NA,NA,NA,NA,NA,NA,NA,NA,NA,NA,NA,NA,NA,NA,NA,NA,NA,NA,34,100,NA,NA,NA,NA,NA,NA,NA,NA,NA,NA,NA,NA,NA,NA,NA,NA,NA,NA,NA,"w"
"288",2022,2,3,6,"w","105-115",105,115,NA,NA,NA,NA,NA,NA,NA,NA,NA,NA,NA,NA,NA,NA,NA,NA,NA,NA,NA,NA,NA,NA,NA,NA,NA,NA,NA,NA,NA,NA,NA,NA,NA,NA,NA,NA,NA,NA,NA,NA,NA,NA,NA,NA,NA,34,110,NA,NA,NA,NA,NA,NA,NA,NA,NA,NA,NA,NA,NA,NA,NA,NA,NA,NA,NA,"w"
"289",2022,2,4,8,"w","0-5",0,5,905.489383738995,0.0898394290523045,65.7640232108296,431.380413021201,9.31635716759087,46.3035503320825,-27.1677518625416,-2.57282382143772,4.49197145261523,0.295410114872172,1.9377485005086,0.0418488104391854,4.49197145261523,0.295410114872172,1.9377485005086,0.0418488104391854,1.06110798679588,0.00153637758456508,51.9065783626063,1.53637758456508,NA,NA,NA,NA,NA,NA,NA,NA,NA,NA,NA,NA,NA,NA,NA,NA,NA,NA,NA,1,23.6994076835684,20775.8948335548,20775.8948335548,18885.802143,18885.802143,44,2.5,43.1380413021201,6.57640232108296,0.0933247264948643,0.0848344840860955,315.915812616123,NA,65.7640232108296,20775.8948335548,NA,NA,2.77492265160813,876.641944429667,NA,NA,-476.46641205136,NA,NA,NA,NA,"w"
"290",2022,2,4,8,"w","5-15",5,15,913.895486935867,0.0986424064726841,91.7968750000011,410.933610571141,8.63915866754656,47.5663923287848,-26.3798533598691,-1.11163043256561,9.86424064726841,0.905506465667228,4.05354802472462,0.0852187400866139,14.3562120998836,1.2009165805394,5.99129652523322,0.127067550525799,1.05617420081588,0.0014835452552185,47.015575756671,1.4835452552185,NA,NA,NA,NA,NA,NA,NA,NA,NA,NA,NA,NA,NA,NA,NA,NA,NA,NA,NA,87.0536007070126,25.057237210317,22804.6416283159,22804.6416283159,21150.362441,21150.362441,44,10,41.0933610571141,9.17968750000011,0.224950472896423,0.208632264894971,248.425032206332,NA,1.05448682483511,261.960923420815,NA,NA,3.66348748784662,910.101997155791,NA,NA,-439.028630025018,NA,NA,NA,NA,"w"
"291",2022,2,4,8,"w","15-25",15,25,939.083520601408,0.0568888210914044,101.668940745774,450.943378396225,8.0113169980562,56.2882954832068,-24.7601782884867,-0.408307922255746,5.68888210914044,0.578382618063895,2.56536371759363,0.0455754379408946,20.0450942090241,1.7792991986033,8.55666024282685,0.172642988466694,1.01202901180705,0.00139735417671474,3.2531921922314,1.39735417671474,NA,NA,NA,NA,NA,NA,NA,NA,NA,NA,NA,NA,NA,NA,NA,NA,NA,NA,NA,1283.44628715675,64.9873094926234,NA,16211.9550384492,NA,13150.1391027203,44,20,45.0943378396225,10.1668940745774,NA,NA,NA,NA,0.0792155789947421,NA,NA,NA,1.56444298955497,NA,NA,NA,-96.0524948452859,NA,NA,NA,NA,"w"
"292",2022,2,4,8,"w","25-35",25,35,877.577319587629,0.110378497810643,141.176470588234,392.987977521632,11.3520903030314,34.6181158739277,-25.3956719930286,0.386938887350326,11.0378497810643,1.55828467497377,4.33774226164805,0.125302667465937,31.0829439900884,3.33758387357706,12.8944025044749,0.297945655932632,0.987668999493811,0.00134713299486148,-20.8955820325907,1.34713299486148,3.023,2.834,0.185,261.891041294015,400.989313767935,8.54008177168073,13.5573179983361,1.09730892794304,0.471379510117958,-25.5997247168828,-25.8200772512364,0.99264352662535,0.006861850602666,0.991989590285497,0.00682785483447221,-15.9641915624191,6.861850602666,-16.6124572868138,6.82785483447221,2861.6923,125.15325,NA,14691.543,NA,8706.746932,44,30,39.2987977521632,14.1176470588234,NA,NA,NA,1.85506154249929,0.0493332111870427,NA,0.0915161428410787,0.140123141040682,1.12802880139536,NA,2.0925628483001,3.20398642278914,99.6707176901036,59.3129862995076,64.6067312878253,-40.3577313905961,-35.0639864022784,"w"
"293",2022,2,4,8,"w","35-45",35,45,704.664642561413,0.315176598293338,439.922480620155,265.034417776504,12.8446515493136,20.6338347723155,-26.1663397157669,0.351110826123981,31.5176598293338,13.8653270954628,8.35326462254541,0.404833358157593,62.6006038194222,17.2029109690398,21.2476671270203,0.702779014090225,0.882952545649292,0.00125241091611594,-124.70398610885,1.25241091611594,7.106,5.568,1.804,33.374447278297,326.552932838388,2.1,20.1,NA,NA,NA,NA,0.888371507500431,0.0066901731693148,0.719871487318521,0.0060067396327316,-119.332014839157,6.69017316931479,-286.370885424607,6.0067396327316,2408.48681071454,88.7715018786507,6756.95960790556,6756.95960790556,3237.361335,3237.361335,44,40,26.5034417776504,43.9922480620155,0.212963554402516,0.102034053301168,15.359432412684,0.0758643823594769,0.182655133780716,2.80547918213467,0.0138570189090617,0.135584272824607,4.95567238708569,76.1163150888471,0.375959024822171,3.67857843933722,999.978542197271,950.82812697385,2640.30710680941,-49.1504152234212,1640.32856461214,"w"
"294",2022,2,4,8,"w","45-55",45,55,559.930515344528,0.441350633198244,542.750929368026,217.830562359711,10.0732929823188,21.6245633619571,-26.3782230818234,0.578630670296598,44.1350633198244,23.9543466345514,9.61396566273879,0.444585423613783,106.735667139247,41.1572576035912,30.8616327897591,1.14736443770401,0.753911540827016,0.0011485526129741,-252.626010577774,1.1485526129741,7.165,4.334,2.817,42.3662014354986,296.09167560255,2.6,16.6,NA,NA,NA,NA,0.824546626566433,0.00733802401756027,0.568337299718189,0.00593810812361459,-182.603437685019,7.33802401756027,-436.591042814002,5.93810812361459,3735.6698498972,146.658414828022,9701.24592031536,9701.24592031536,6523.879843,6523.879843,44,50,21.7830562359711,54.2750929368026,0.428165102974307,0.287931849961731,17.8742133737318,0.0780582752475973,0.145288783853038,2.59692272339921,0.0113409918803891,0.0792606647535242,3.70078273384094,66.1485802344957,0.288876717269712,2.01892046869428,2269.16374956269,1549.73911044109,4538.96791841194,-719.424639121602,2269.80416884925,"w"
"295",2022,2,4,8,"w","55-65",55,65,629.08556738891,0.393983972026366,378.431372549022,295.100934818402,16.3078981070509,18.095583678611,-26.3082691909345,-0.0808713117551497,39.3983972026366,14.9095895296253,11.6265038448448,0.642505047161718,146.134064341883,56.0668471332165,42.4881366346039,1.78986948486573,0.665578995031608,0.00120371071332222,-340.192579826093,1.20371071332222,7.269,7.016,0.126,5.42574629995297,321.7675182304,1,18,NA,NA,NA,NA,0.654757280106965,0.00630801544843058,0.501300474649502,0.00548888524165173,-350.920454142419,6.30801544843057,-503.046557389126,5.48888524165173,3216.26160954297,122.830392507927,10053.6706425301,10053.6706425301,6917.269021,6917.269021,44,60,29.5100934818402,37.8431372549022,0.396098509318888,0.272529312446851,26.5666944439913,0.0143374643159378,0.117661875335694,3.12588708975037,0.00168697293897183,0.100043950801665,3.08092618465417,81.8500245521993,0.0441726692325176,2.61960832055173,3270.21781562852,3401.90060629378,5547.18500006711,131.682790665267,2276.96718443859,"w"
"296",2022,2,4,8,"w","65-75",65,75,867.766244845727,0.124864078665623,300.934579439255,315,11.5,27.3913043478261,NA,NA,12.4864078665623,3.75759190003093,3.93321847796713,0.143593690465467,158.620472208446,59.8244390332475,46.421355112571,1.93346317533119,0.791341493753715,0.00125744301092445,-215.52063185917,1.25744301092445,3.02,2.695,0.268,164.051237472418,359.237767805579,6.3419340905539,12.3042126071337,0.172687294533105,-0.159267090700871,-26.3171056636166,-26.2138498582539,0.77653901205427,0.00659817605098148,0.684684702027195,0.00623068339505578,-230.194753691723,6.59817605098148,-321.252548158239,6.23068339505578,2443.50766798963,102.67982515611,11008.444225595,11008.444225595,7983.021709,7983.021709,44,70,31.5,30.0934579439255,0.137455924577082,0.0996792650661952,36.5808550353619,0.545139205265484,0.123156797656725,4.50518096170006,0.0671375987976291,0.147017245950015,2.93080533572907,107.21136512317,1.59769689150718,3.49862075884342,1879.92828978868,2031.61315118372,3042.87498115248,151.684861395048,1162.9466913638,"w"
"297",2022,2,4,8,"w","75-85",75,85,892.147587511825,0.0589359656323878,265.682656826572,330.98871388293,9.42473604252699,35.119149479563,-25.8294473247063,0.382903033504027,5.89359656323878,1.56582639318523,1.95071394661126,0.0555455919496697,164.514068771684,61.3902654264327,48.3720690591823,1.98900876728086,0.881043916041096,0.00121973772930283,-126.596065016466,1.21973772930283,NA,NA,NA,NA,NA,NA,NA,NA,NA,NA,NA,NA,NA,NA,NA,NA,NA,NA,NA,NA,NA,NA,NA,NA,NA,44,80,33.098871388293,26.5682656826572,NA,NA,NA,NA,NA,NA,NA,NA,NA,NA,NA,NA,1017.36182834179,NA,NA,NA,NA,"w"
"298",2022,2,4,8,"w","85-95",85,95,NA,NA,NA,NA,NA,NA,NA,NA,NA,NA,NA,NA,NA,NA,NA,NA,NA,NA,NA,NA,NA,NA,NA,NA,NA,NA,NA,NA,NA,NA,NA,NA,NA,NA,NA,NA,NA,NA,NA,NA,NA,NA,NA,NA,NA,44,90,NA,NA,NA,NA,NA,NA,NA,NA,NA,NA,NA,NA,NA,NA,NA,NA,NA,NA,NA,"w"
"299",2022,2,4,8,"w","95-105",95,105,NA,NA,NA,NA,NA,NA,NA,NA,NA,NA,NA,NA,NA,NA,NA,NA,NA,NA,NA,NA,NA,NA,NA,NA,NA,NA,NA,NA,NA,NA,NA,NA,NA,NA,NA,NA,NA,NA,NA,NA,NA,NA,NA,NA,NA,44,100,NA,NA,NA,NA,NA,NA,NA,NA,NA,NA,NA,NA,NA,NA,NA,NA,NA,NA,NA,"w"
"300",2022,2,4,8,"w","105-115",105,115,NA,NA,NA,NA,NA,NA,NA,NA,NA,NA,NA,NA,NA,NA,NA,NA,NA,NA,NA,NA,NA,NA,NA,NA,NA,NA,NA,NA,NA,NA,NA,NA,NA,NA,NA,NA,NA,NA,NA,NA,NA,NA,NA,NA,NA,44,110,NA,NA,NA,NA,NA,NA,NA,NA,NA,NA,NA,NA,NA,NA,NA,NA,NA,NA,NA,"w"
"301",2022,3,5,6,"w","0-5",0,5,865.683434290229,0.0425307300021548,84.9802371541523,442.219103107613,12.2732388556996,36.0311657181064,-28.3401791272962,-2.70536299263662,2.12653650010774,0.180713576096117,0.940395063803247,0.0260994904011857,2.12653650010774,0.180713576096117,0.940395063803247,0.0260994904011857,1.04332417696293,0.00136616145393547,34.2769810130243,1.36616145393547,NA,NA,NA,NA,NA,NA,NA,NA,NA,NA,NA,NA,NA,NA,NA,NA,NA,NA,NA,1,23.425955903876,18681.9997027034,18681.9997027034,16548.520924,16548.520924,50,2.5,44.2219103107613,8.49802371541523,0.0397279542628007,0.0351910337676827,219.839345338783,NA,84.9802371541523,18681.9997027034,NA,NA,3.62761022443877,797.491456884896,NA,NA,-340.695112185047,NA,NA,NA,NA,"w"
"302",2022,3,5,6,"w","5-15",5,15,853.123858238948,0.130765831866343,151.624548736461,401.192082270856,13.4948284599051,29.7293206403365,-26.0595482165786,0.132788439499448,13.0765831866343,1.98273102468823,5.24622163763389,0.176466246945309,15.2031196867421,2.16344460078435,6.18661670143714,0.202565737346495,1.04255838584446,0.00134333024186404,33.5178304598371,1.34333024186404,NA,NA,NA,NA,NA,NA,NA,NA,NA,NA,NA,NA,NA,NA,NA,NA,NA,NA,NA,559.287484016878,47.6311530925119,17420.3126459079,17420.3126459079,15140.180354,15140.180354,50,10,40.1192082270856,15.1624548736461,0.227798167451392,0.197981827859727,114.891109593251,NA,0.27110306071481,31.1473314596509,NA,NA,3.1833062794421,365.733590620265,NA,NA,-334.796793228135,NA,NA,NA,NA,"w"
"303",2022,3,5,6,"w","15-25",15,25,854.599971299878,0.127414903367131,223.667504292633,378.830732175214,15.6837581460568,24.154333970679,-25.9675733857046,1.15403103984192,12.7414903367131,2.84985734458131,4.82686811326043,0.199834452861328,27.9446100234552,5.01330194536566,11.0134848146976,0.402400190207823,0.97643074212738,0.00127435499408682,-32.0363867387892,1.27435499408682,NA,NA,NA,NA,NA,NA,NA,NA,NA,NA,NA,NA,NA,NA,NA,NA,NA,NA,NA,1005.78515794407,56.0798701478363,NA,13375.9644925058,NA,9331.35324164368,50,20,37.8830732175214,22.3667504292633,NA,NA,NA,NA,0.22238099511215,NA,NA,NA,3.98837414749725,NA,NA,NA,191.59874429206,NA,NA,NA,NA,"w"
"304",2022,3,5,6,"w","25-35",25,35,518.86066204773,0.502063007970227,702.755905511814,141.637938141872,5.87451790519513,24.1105636969145,-25.999746050221,1.02120075757833,50.2063007970227,35.2827743790102,7.11111692662093,0.294937812985722,78.1509108204779,40.2960763243759,18.1246017413185,0.697338003193546,0.797405549514128,0.0013011128696876,-209.509160618435,1.3011128696876,8.081,4.136,4.115,39.2213381466698,313.818684747807,1.88116688940814,16.8,NA,NA,NA,NA,0.852007670274404,0.00670956191881214,0.682222352553633,0.00636989738393619,-155.380522689964,6.70956191881215,-323.693545343916,6.3698973839362,4196.41789351095,186.7803914691,21697.951692617,21697.951692617,5810.706655,5810.706655,50,30,14.1637938141872,70.2755905511814,1.0893738893588,0.291734086164192,30.875516694256,0.0558107556820957,0.167465663178709,5.17058887918889,0.00934638521280708,0.0747825151620563,3.76247153132279,116.16825257702,0.209986379395497,1.68014791209881,1818.60600857431,1286.56326792514,3071.81634135782,-532.042740649173,1253.2103327835,"w"
"305",2022,3,5,6,"w","35-45",35,45,207.211371778574,1.50178559976659,889.344262295084,55.4488337978214,1.80805646294968,30.6676450288294,-28.1768306437004,-0.265915912519497,150.178559976659,133.56044063498,8.3272260121419,0.271531315962273,228.329470797137,173.856516959355,26.4518277534604,0.968869319155819,0.465548843017693,0.000851826112508351,-538.488168392598,0.851826112508351,8.05199999999999,0.539,7.408,37.652622901019,171.573407327635,1.43538951937694,4.4,NA,NA,NA,NA,0.438266514533648,0.0052518417483288,0.427355537947901,0.00537498093872515,-565.533917894563,5.2518417483288,-576.350279838614,5.37498093872516,5433.9988644375,222.904314503639,28615.8843523951,28615.8843523951,8915.014316,8915.014316,50,40,5.54488337978214,88.9344262295084,4.29749230450131,1.33884401214818,32.176386092094,0.0423375114647402,0.163662945922817,5.26608213698206,0.00692908184936042,0.0315740602101498,3.9898028186465,128.377435924094,0.168918322576499,0.769717749563049,6141.53585740251,6626.64721028499,6829.16635117544,485.111352882481,687.630493772929,"w"
"306",2022,3,5,6,"w","45-55",45,55,382.632293080054,0.915719364214917,750.000000000002,136.631136514159,4.29592043603971,31.8048573171703,-27.3999955878122,0.59421793039535,91.5719364214917,68.678952316119,12.5115777460707,0.393385753040815,319.901407218628,242.535469275474,38.9634054995311,1.36225507219663,0.568616482203277,0.000946185010496808,-436.314281262602,0.946185010496806,8.05000000000001,2.726,5.175,45.0141536778915,254.460204871521,1.76938213843701,8.9,NA,NA,NA,NA,0.575476200086287,0.00606293216297233,0.546825282246923,0.00559159803974619,-429.514047491261,6.06293216297233,-457.916518612374,5.59159803974619,4702.67114398615,184.960522728388,32716.078405315,32716.078405315,10754.908463,10754.908463,50,50,13.6631136514159,75.0000000000002,2.99587465169204,0.984847793992799,43.6214378737532,0.0600188715705218,0.159483828878639,6.95691393329785,0.00957203944304213,0.0541097170268707,4.05491933595671,176.881411896516,0.243371682853612,1.37575413995338,4535.02286280203,4438.69364937543,4848.9271636959,-96.3292134266067,313.904300893868,"w"
"307",2022,3,5,6,"w","55-65",55,65,319.109925827152,0.938736677234687,841.509433962267,86.9701380257641,3.13025305628193,27.7837403117389,-27.5836849905015,-0.0345449051918722,93.8736677234687,78.9955769899381,8.16420583889479,0.293848335295782,413.775074942097,321.531046265413,47.1276113384259,1.65610340749242,0.433559041986454,0.000829448688601202,-570.200569546868,0.829448688601201,8.002,1.806,6.089,43.9933111460594,304.834795416041,2.01257461328149,11.2,NA,NA,NA,NA,0.470832366926961,0.00562343159840956,0.421389064621225,0.00543670172595085,-533.250460613319,5.62343159840956,-582.265014832653,5.43670172595084,5099.32382057633,203.027198931515,42159.170270024,42159.170270024,14992.339479,14992.339479,50,60,8.69701380257641,84.1509433962267,3.95763594142537,1.40738589464909,50.0994624285037,0.052279046877604,0.165023729335777,8.26760012766931,0.00862728328186211,0.0597794543241202,4.14481132769863,207.652819385274,0.216686785699581,1.50144806715709,6713.39735014514,6050.88261159694,6942.10838254216,-662.514738548206,228.711032397016,"w"
"308",2022,3,5,6,"w","65-75",65,75,187.587544445642,0.372198196625693,946.494464944645,21.7061338821133,1.52613045411862,14.2229871788052,-25.9437300937806,1.56089927354048,37.2198196625693,35.2283532968597,0.80789838866384,0.0568023002838498,450.994894604666,356.759399562272,47.9355097270897,1.71290570777627,0.22177768441759,0.00059241892425398,-780.145462972785,0.59241892425398,NA,NA,NA,NA,NA,NA,NA,NA,NA,NA,NA,NA,NA,NA,NA,NA,NA,NA,NA,4322.75169797959,167.676484377484,39591.6486207832,39591.6486207832,13840.206679,13840.206679,50,70,2.17061338821133,94.6494464944645,1.47359402180936,0.515129996685067,41.8297730067536,NA,0.218956472884396,9.15889955911369,NA,NA,5.64476568350417,236.119267217292,NA,NA,12098.339197352,NA,NA,NA,NA,"w"
"309",2022,3,5,6,"w","75-85",75,85,NA,NA,NA,NA,NA,NA,NA,NA,NA,NA,NA,NA,NA,NA,NA,NA,NA,NA,NA,NA,NA,NA,NA,NA,NA,NA,NA,NA,NA,NA,NA,NA,NA,NA,NA,NA,NA,NA,NA,NA,NA,NA,NA,NA,NA,50,80,NA,NA,NA,NA,NA,NA,NA,NA,NA,NA,NA,NA,NA,NA,NA,NA,NA,NA,NA,"w"
"310",2022,3,5,6,"w","85-95",85,95,NA,NA,NA,NA,NA,NA,NA,NA,NA,NA,NA,NA,NA,NA,NA,NA,NA,NA,NA,NA,NA,NA,NA,NA,NA,NA,NA,NA,NA,NA,NA,NA,NA,NA,NA,NA,NA,NA,NA,NA,NA,NA,NA,NA,NA,50,90,NA,NA,NA,NA,NA,NA,NA,NA,NA,NA,NA,NA,NA,NA,NA,NA,NA,NA,NA,"w"
"311",2022,3,5,6,"w","95-105",95,105,NA,NA,NA,NA,NA,NA,NA,NA,NA,NA,NA,NA,NA,NA,NA,NA,NA,NA,NA,NA,NA,NA,NA,NA,NA,NA,NA,NA,NA,NA,NA,NA,NA,NA,NA,NA,NA,NA,NA,NA,NA,NA,NA,NA,NA,50,100,NA,NA,NA,NA,NA,NA,NA,NA,NA,NA,NA,NA,NA,NA,NA,NA,NA,NA,NA,"w"
"312",2022,3,5,6,"w","105-115",105,115,NA,NA,NA,NA,NA,NA,NA,NA,NA,NA,NA,NA,NA,NA,NA,NA,NA,NA,NA,NA,NA,NA,NA,NA,NA,NA,NA,NA,NA,NA,NA,NA,NA,NA,NA,NA,NA,NA,NA,NA,NA,NA,NA,NA,NA,50,110,NA,NA,NA,NA,NA,NA,NA,NA,NA,NA,NA,NA,NA,NA,NA,NA,NA,NA,NA,"w"
"313",2022,3,5,8,"w","0-5",0,5,879.443585780525,0.0497417340970391,39.534883720929,442.008729605845,7.7,57.4037311176422,NA,NA,2.48708670485196,0.0983266836801905,1.0993140348312,0.0191505676273601,2.48708670485196,0.0983266836801905,1.0993140348312,0.0191505676273601,NA,NA,NA,NA,NA,NA,NA,NA,NA,NA,NA,NA,NA,NA,NA,NA,NA,NA,NA,NA,NA,NA,NA,52.7629966369501,27.9143368395171,6026.38641433281,6026.38641433281,2421.869203,2421.869203,52,2.5,44.2008729605845,3.9534883720929,0.0149881455293876,0.0060233986956717,152.432126950776,NA,0.74929185680941,114.216151440355,NA,NA,1.41629313811823,215.888575429151,NA,NA,NA,NA,NA,NA,NA,"w"
"314",2022,3,5,8,"w","5-15",5,15,900.867797670237,0.0699972696624755,74.9999999999988,414.166542351491,7.7,53.7878626430508,NA,NA,6.99972696624754,0.524979522468557,2.89905271501524,0.0538978976401061,9.4868136710995,0.623306206148748,3.99836674984644,0.0730484652674661,NA,NA,NA,NA,NA,NA,NA,NA,NA,NA,NA,NA,NA,NA,NA,NA,NA,NA,NA,NA,NA,NA,NA,78.2384013035436,30.1490979356241,24845.3912795185,24845.3912795185,23428.32076,23428.32076,52,10,41.4166542351491,7.49999999999988,0.173910955326217,0.163991848597669,331.271883726919,NA,0.958608544530701,317.560058303405,NA,NA,2.48763661719308,824.084068205611,NA,NA,NA,NA,NA,NA,NA,"w"
"315",2022,3,5,8,"w","15-25",15,25,900.482932932257,0.0917142577217516,113.267755434408,396.529059735361,9.85096565514375,40.2528111067274,NA,NA,9.17142577217516,1.03882681134756,3.63673683787327,0.0903474002903977,18.6582394432747,1.66213301749631,7.63510358771971,0.163395865557864,NA,NA,NA,NA,NA,NA,NA,NA,NA,NA,NA,NA,NA,NA,NA,NA,NA,NA,NA,NA,NA,NA,NA,1,22.4924481042364,NA,17344.0707526034,NA,14110.0834915687,52,20,39.6529059735361,11.3267755434408,NA,NA,NA,NA,113.267755434408,NA,NA,NA,5.03581268297221,NA,NA,NA,NA,NA,NA,NA,NA,"w"
"316",2022,3,5,8,"w","25-35",25,35,796.47577092511,0.192864547181436,187.719298245613,403.498526834965,24.1,16.7426774620317,NA,NA,19.2864547181436,3.6204397453357,7.78205606664019,0.46480355870726,37.9446941614182,5.28257276283201,15.4171596543599,0.628199424265124,NA,NA,NA,NA,4.595,3.595,0.213,99.2291490095686,404.476330050973,4.6,22.9,NA,NA,NA,NA,NA,NA,NA,NA,NA,NA,NA,NA,1431.88790307389,70.6671081886699,9186.22611272213,9186.22611272213,5948.99617,5948.99617,52,30,40.3498526834965,18.7719298245613,0.177169733953644,0.114735045251115,48.9359708808565,0.528603877901443,0.131099157861889,6.4154645716342,0.069299523235408,0.282477650088857,2.65638856686243,129.99295355622,1.40417729765654,5.72368589034499,NA,NA,NA,NA,NA,"w"
"317",2022,3,5,8,"w","35-45",35,45,437.47295543055,0.757930570203844,733.333333333331,140.759070194814,7.1,19.8252211541991,NA,NA,75.7930570203844,55.5815751482817,10.6685602334118,0.538130704844729,113.737751181803,60.8641479111137,26.0857198877717,1.16633012910985,NA,NA,NA,NA,7.99600000000001,3.388,4.51,33.8420430498996,303.170760045722,1.9,16.1,NA,NA,NA,NA,NA,NA,NA,NA,NA,NA,NA,NA,4593.92600956986,188.487107749249,24037.8801744204,24037.8801744204,6860.710792,6860.710792,52,40,14.0759070194814,73.3333333333331,1.82190442270901,0.519994244258423,32.7789275105734,0.0461482405225905,0.159631071942753,5.23253533564663,0.00736669310289312,0.0659938273742699,3.8906286063284,127.530633057402,0.179545664708914,1.6084429522312,NA,NA,NA,NA,NA,"w"
"318",2022,3,5,8,"w","45-55",45,55,476.623913942904,0.659503178134251,643.25323475046,189.657608485587,9.2,20.6149574440856,NA,NA,65.9503178134251,42.4227552663066,12.5079795553587,0.606742923883511,179.688068995228,103.28690317742,38.5936994431304,1.77307305299336,NA,NA,NA,NA,5.852,3.048,2.723,55.4573760009301,336.623271998317,3,16.5,NA,NA,NA,NA,NA,NA,NA,NA,NA,NA,NA,NA,4593.22705293077,211.457057243412,28764.6309919836,28764.6309919836,8981.761906,8981.761906,52,50,18.9657608485587,64.325323475046,1.89703655570722,0.592350052225215,44.7174292145494,0.0862139092428255,0.140043857474893,6.26240128356597,0.0120737284183556,0.0732868782925786,3.0420040983073,136.030602936426,0.262263065247769,1.59192261722825,NA,NA,NA,NA,NA,"w"
"319",2022,3,5,8,"w","55-65",55,65,274.643521388717,1.31001721176295,881.322957198442,58.3430735999212,2.7,21.6085457777486,NA,NA,131.001721176295,115.454824305178,7.64304306030494,0.353704647175997,310.689790171523,218.741727482598,46.2367425034353,2.12677770016936,NA,NA,NA,NA,8.023,0.336,7.422,12.1067055883232,374.663633293649,0.9,13.6,NA,NA,NA,NA,NA,NA,NA,NA,NA,NA,NA,NA,4775.26874475389,196.219192554345,46423.193489319,46423.193489319,16905.74925,16905.74925,52,60,5.83430735999212,88.1322957198442,6.08151824960096,2.21468224952486,52.6744402947241,0.0137369683717398,0.1845598654875,9.72158761542364,0.00253529303489434,0.0784591723147005,4.49152269829237,236.5884442036,0.0616999052473938,1.90941379595109,NA,NA,NA,NA,NA,"w"
"320",2022,3,5,8,"w","65-75",65,75,293.0950364,1.00334981481648,853.84672,79.659,3.403,23.4084631207758,NA,NA,100.334981481648,85.6706948393659,7.9925842898466,0.341439941982048,411.024771653171,304.412422321964,54.2293267932819,2.46821764215141,NA,NA,NA,NA,8.075,0.069,7.67,13.2996717990548,299.089053273712,1.2,12.9,NA,NA,NA,NA,NA,NA,NA,NA,NA,NA,NA,NA,4265.7627,179.2765,NA,34409.7,NA,12334.456,52,70,7.9659,85.384672,NA,NA,NA,0.0155761818691003,0.200162732915265,NA,0.00311777113130433,0.0701138516855877,4.76273644342677,NA,0.0741852490374076,1.66831153705986,NA,NA,NA,NA,NA,"w"
"321",2022,3,5,8,"w","75-85",75,85,142.633228840125,1.58764702783761,961.130742049468,6.45358267094089,0.7,9.21940381562984,NA,NA,158.764702783761,152.59363659782,1.02460113464236,0.111135291948633,569.789474436932,457.006058919784,55.2539279279243,2.57935293410004,NA,NA,NA,NA,8.352,0.0360000000000001,7.868,4.55911875010385,384.8678,0.9,13.385714,NA,NA,NA,NA,NA,NA,NA,NA,NA,NA,NA,NA,4638.81571730138,195.181961665856,35597.1237150143,35597.1237150143,12047.729811,12047.729811,52,80,0.645358267094089,96.1130742049468,5.65156676657102,1.91275424266247,37.0367132770186,0.00474349487602718,0.207193128725666,7.67375250158091,0.000982819544458237,0.0829668224509457,4.92428057309357,182.379167681259,0.0233582996665895,1.97184102831633,NA,NA,NA,NA,NA,"w"
"322",2022,3,5,8,"w","85-95",85,95,NA,NA,NA,NA,NA,NA,NA,NA,NA,NA,NA,NA,NA,NA,NA,NA,NA,NA,NA,NA,NA,NA,NA,NA,NA,NA,NA,NA,NA,NA,NA,NA,NA,NA,NA,NA,NA,NA,NA,NA,NA,NA,NA,NA,NA,52,90,NA,NA,NA,NA,NA,NA,NA,NA,NA,NA,NA,NA,NA,NA,NA,NA,NA,NA,NA,"w"
"323",2022,3,5,8,"w","95-105",95,105,NA,NA,NA,NA,NA,NA,NA,NA,NA,NA,NA,NA,NA,NA,NA,NA,NA,NA,NA,NA,NA,NA,NA,NA,NA,NA,NA,NA,NA,NA,NA,NA,NA,NA,NA,NA,NA,NA,NA,NA,NA,NA,NA,NA,NA,52,100,NA,NA,NA,NA,NA,NA,NA,NA,NA,NA,NA,NA,NA,NA,NA,NA,NA,NA,NA,"w"
"324",2022,3,5,8,"w","105-115",105,115,NA,NA,NA,NA,NA,NA,NA,NA,NA,NA,NA,NA,NA,NA,NA,NA,NA,NA,NA,NA,NA,NA,NA,NA,NA,NA,NA,NA,NA,NA,NA,NA,NA,NA,NA,NA,NA,NA,NA,NA,NA,NA,NA,NA,NA,52,110,NA,NA,NA,NA,NA,NA,NA,NA,NA,NA,NA,NA,NA,NA,NA,NA,NA,NA,NA,"w"
"325",2022,3,6,6,"w","0-5",0,5,884.170464972848,0.0436642285139058,34.5489443378132,459.74859993326,10.6836541668069,43.0328979911815,-28.9015550580577,-2.57687726819822,2.18321142569529,0.0754276500240245,1.00372839632171,0.0233246758451499,2.18321142569529,0.0754276500240245,1.00372839632171,0.0233246758451499,1.04489755329618,0.00246485475172021,35.8367137978013,2.46485475172021,NA,NA,NA,NA,NA,NA,NA,NA,NA,NA,NA,NA,NA,NA,NA,NA,NA,NA,NA,1,22.7564705122153,9735.20220507968,9735.20220507968,6561.783072,6561.783072,58,2.5,45.974859993326,3.45489443378132,0.0212540046855839,0.0143257597757243,281.780019380351,NA,34.5489443378132,9735.20220507968,NA,NA,1.51820311147407,427.799302174473,NA,NA,-352.800085803054,NA,NA,NA,NA,"w"
"326",2022,3,6,6,"w","5-15",5,15,874.973733977726,0.0963675425793518,118.446601941747,417.910250047012,11.2079902348272,37.2868142540325,-26.9418439391878,-0.70665665491811,9.63675425793518,1.14144079560009,4.0272983815753,0.108008647618367,11.8199656836305,1.21686844562411,5.031026777897,0.131333323463517,1.09438742800863,0.00264893038799975,84.8974365707538,2.64893038799975,NA,NA,NA,NA,NA,NA,NA,NA,NA,NA,NA,NA,NA,NA,NA,NA,NA,NA,NA,1,32.9119038476889,28684.8112508816,28684.8112508816,27714.019723,27714.019723,58,10,41.7910250047012,11.8446601941747,0.27642847696,0.26707319757012,242.175045806625,NA,118.446601941747,28684.8112508816,NA,NA,3.59889851677676,871.563413153806,NA,NA,-724.534669788035,NA,NA,NA,NA,"w"
"327",2022,3,6,6,"w","15-25",15,25,906.636056334448,0.0719528574937968,119.38347096772,420.845832331104,14.5781143031144,28.868331224512,-26.3559581044047,0.261799524720732,7.19528574937968,0.85899818736552,3.02810602005782,0.104893698098027,19.0152514330101,2.07586663298963,8.05913279795482,0.236227021561544,1.08506918963555,0.00252071710528819,75.660001394167,2.52071710528818,NA,NA,NA,NA,NA,NA,NA,NA,NA,NA,NA,NA,NA,NA,NA,NA,NA,NA,NA,97.8196193867525,31.902961074341,NA,16548.7070938802,NA,13342.3445726955,58,20,42.0845832331104,11.938347096772,NA,NA,NA,NA,1.22044505709749,NA,NA,NA,3.74208120335695,NA,NA,NA,-655.844277557728,NA,NA,NA,NA,"w"
"328",2022,3,6,6,"w","25-35",25,35,844.517860830064,0.13587210231982,172.484599589322,414.214519946321,19.2207855160474,21.5503429659779,-25.7466446725882,0.886812737444281,13.587210231982,2.34358451639935,5.62801976365017,0.261156853630371,32.6024616649922,4.41945114938899,13.687152561605,0.497383875191915,1.05127104947203,0.00252087224074755,42.1549421383296,2.52087224074755,NA,NA,NA,NA,NA,NA,NA,NA,NA,NA,NA,NA,NA,NA,NA,NA,NA,NA,NA,1251.29628547217,70.7802606492323,13175.2923903342,13175.2923903342,10401.735734,10401.735734,58,30,41.4214519946321,17.2484599589322,0.179015467575303,0.141330570195378,76.385326120152,NA,0.137844730773924,10.5293147141107,NA,NA,2.43690257717627,186.143598080648,NA,NA,-401.649641595976,NA,NA,NA,NA,"w"
"329",2022,3,6,6,"w","35-45",35,45,717.114568599717,0.280985976254964,332.717190388169,337.255055728269,15.3020315528769,22.0398876164167,-25.46763185831,1.65040848867574,28.0985976254964,9.34888645580285,9.47639410807301,0.429965627456939,60.7010592904886,13.7683376051918,23.163546669678,0.927349502648853,0.876598452498309,0.00215193443569307,-131.002979678045,2.15193443569307,4.937,5.285,0.209,15.8780449935049,277.099484796399,1.6,16.9,NA,NA,NA,NA,0.917834159,NA,0.782836554164882,0.00607292087597529,-90.0834117,NA,-223.951820779992,6.07292087597529,3084.81603263916,144.065337606801,10777.6858844632,10777.6858844632,7725.440931,7725.440931,58,40,33.7255055728269,33.2717190388169,0.302837859001524,0.217074056199709,32.3929336860812,0.0477223463415899,0.107856412462794,3.4937856165259,0.00514716107071083,0.089826907622537,2.30948815249548,74.8110965725763,0.110214193485188,1.92342925369522,1057.99635721366,688.737847385194,1966.73021740473,-369.258509828468,908.733860191071,"w"
"330",2022,3,6,6,"w","45-55",45,55,447.876447876448,0.609929822028692,705.996131528047,164.880979738815,6.46150776975371,25.5174156890474,-27.117403292138,1.09834141541407,60.9929822028692,43.0608094855847,10.0565826628012,0.394106628404289,121.694041493358,56.8291470907765,33.2201293324792,1.32145613105314,0.679572717729152,0.00184340717974689,-326.320203833733,1.84340717974689,8.07900000000001,5.444,2.927,44.5381465764319,278.171637577722,2.5,14.7,NA,NA,NA,NA,0.704582168551136,0.00654382724277232,0.605582509496625,0.00571176112248565,-301.527622712635,6.54382724277232,-399.668805241617,5.71176112248565,4066.1928826784,168.11966484802,21232.6050227184,21232.6050227184,5601.890047,5601.890047,58,50,16.4880979738815,70.5996131528047,1.29503990027121,0.341675979939101,30.0746761554669,0.0630855391233295,0.173625834262689,5.22174073767314,0.0109532793601996,0.0684108318527404,4.19936675561581,126.294595233179,0.26491931575461,1.65460499715598,3103.07588087102,2812.75752529298,4029.06729558286,-290.318355578039,925.991414711837,"w"
"331",2022,3,6,6,"w","55-65",55,65,534.043705977966,0.49670548986689,635.593220338983,212.0593181929,7.07660814011613,29.9662372133863,-27.3460156436986,0.86196969572404,49.670548986689,31.5702641864549,10.5331027523843,0.351499011283241,171.364590480047,88.3994112772314,43.7532320848635,1.67295514233638,0.412345195993851,0.000778436042206341,-591.230459463513,0.778436042206341,5.045,2.608,2.385,45.4261853064515,271.517760625187,2.5,13.7,NA,NA,NA,NA,0.661683492094522,0.00662739714313055,0.552994779453099,0.00622106813719167,-344.054302870818,6.62739714313055,-451.800520262421,6.22106813719167,4443.21218024215,207.732455416567,12984.1892674762,12984.1892674762,10188.41954,10188.41954,58,60,21.20593181929,63.5593220338983,0.644931809062618,0.50606439185851,20.4284577808292,0.071470531548817,0.143048136023147,2.92225280737518,0.0102237263186418,0.0611084390325896,3.05967220704355,62.5043845047657,0.218676399002545,1.30705507755498,7116.38992472175,3317.37151017016,4758.80316500856,-3799.01841455159,-2357.58675971319,"w"
"332",2022,3,6,6,"w","65-75",65,75,324.459234608985,1.05122528674003,857.414448669195,71.7830908386643,2.90373433776283,24.7209567022475,-26.6624409011433,1.73914165232054,105.122528674003,90.1335749657317,7.54602002499602,0.305247896183159,276.487119154049,178.532986242963,51.2992521098595,1.97820303851954,0.302465368378687,0.00067899781255461,-700.157463063547,0.67899781255461,8.365,2.613,5.643,48.7374518374566,336.836069073002,3.1,11.9,NA,NA,NA,NA,0.319942140188344,0.00448515089494766,0.307980749839897,0.00447812211584642,-682.832241254,4.48515089494766,-694.689908287388,4.47812211584642,4800.59809877948,199.934365009476,49778.0496432658,49778.0496432658,18411.185364,18411.185364,58,70,7.17830908386643,85.7414448669195,5.23279445096015,1.93543036134947,58.055995814541,0.0568423495931316,0.178605755163547,10.3691349742278,0.0101523707743516,0.0701654381687649,4.28847961494042,248.971954575726,0.243767257495462,1.6847332326138,9605.76896237056,9154.52819026367,9460.60868180283,-451.240772106894,-145.160280567734,"w"
"333",2022,3,6,6,"w","75-85",75,85,174.646602827177,1.57484104759945,935.114503816794,26.9125392182728,1.64322818169086,16.3778466789562,-25.7313420859426,1.29397860675642,157.484104759945,147.265670481628,4.2382971456066,0.258782319109896,433.971223913994,325.798656724591,55.5375492554661,2.23698535762944,NA,NA,NA,NA,8.29,1.587,6.45,8.02573974371746,326.429781363465,0.8,10.9,NA,NA,NA,NA,NA,NA,NA,NA,NA,NA,NA,NA,4761.82165359286,197.256423442833,48353.1250150158,48353.1250150158,17771.774046,17771.774046,58,80,2.69125392182728,93.5114503816794,7.61484860533547,2.79877192563034,51.7082398119761,0.00858262780756724,0.196377473127587,10.1543334741512,0.00168543476164462,0.0685514504973468,4.74060356309664,245.128265894109,0.0406868359652856,1.65484994438251,NA,NA,NA,NA,NA,"w"
"334",2022,3,6,6,"w","85-95",85,95,116.883116883117,1.97482648268022,978.102189781024,6.63386866202548,0.904232473517071,7.33646363774419,-25.377156167998,2.41353129802763,197.482648268022,193.158210714708,1.31007395163903,0.178570223520095,631.453872182016,518.956867439299,56.8476232071052,2.41555558114953,NA,NA,NA,NA,NA,NA,NA,NA,NA,NA,NA,NA,NA,NA,NA,NA,NA,NA,NA,NA,NA,NA,NA,4826.96023948074,153.145822566932,34683.5000706376,34683.5000706376,11637.756338,11637.756338,58,90,0.663386866202548,97.8102189781024,6.84938944515364,2.2982549415262,35.4599963408757,NA,0.202633156532121,7.18537098916909,NA,NA,6.38673764250766,226.473693433455,NA,NA,NA,NA,NA,NA,NA,"w"
"335",2022,3,6,6,"w","95-105",95,105,NA,NA,NA,NA,NA,NA,NA,NA,NA,NA,NA,NA,NA,NA,NA,NA,NA,NA,NA,NA,NA,NA,NA,NA,NA,NA,NA,NA,NA,NA,NA,NA,NA,NA,NA,NA,NA,NA,NA,NA,NA,NA,NA,NA,NA,58,100,NA,NA,NA,NA,NA,NA,NA,NA,NA,NA,NA,NA,NA,NA,NA,NA,NA,NA,NA,"w"
"336",2022,3,6,6,"w","105-115",105,115,NA,NA,NA,NA,NA,NA,NA,NA,NA,NA,NA,NA,NA,NA,NA,NA,NA,NA,NA,NA,NA,NA,NA,NA,NA,NA,NA,NA,NA,NA,NA,NA,NA,NA,NA,NA,NA,NA,NA,NA,NA,NA,NA,NA,NA,58,110,NA,NA,NA,NA,NA,NA,NA,NA,NA,NA,NA,NA,NA,NA,NA,NA,NA,NA,NA,"w"
"337",2022,2,4,2,"c","0-5",0,5,819.112627986348,0.0606768600682594,58.9225589225592,444.978694192457,12.3,36.1771296091428,NA,NA,3.03384300341297,0.178761793130395,1.34999549804363,0.0373162689419795,3.03384300341297,0.178761793130395,1.34999549804363,0.0373162689419795,NA,NA,NA,NA,NA,NA,NA,NA,NA,NA,NA,NA,NA,NA,NA,NA,NA,NA,NA,NA,NA,NA,NA,435.8413,36.38191,NA,6222.816,NA,2865.271,38,2.5,44.4978694192457,5.89225589225592,NA,NA,NA,NA,0.135192692667169,NA,NA,NA,1.61955650273884,NA,NA,NA,NA,NA,NA,NA,NA,"c"
"338",2022,2,4,2,"c","5-15",5,15,867.516560429946,0.0792409948756406,74.5341614906824,426.041028627416,8.1,52.5976578552365,NA,NA,7.92409948756406,0.590616110874333,3.37599149662777,0.0641852058492688,10.957942490977,0.769377904004728,4.72598699467139,0.101501474791248,NA,NA,NA,NA,NA,NA,NA,NA,NA,NA,NA,NA,NA,NA,NA,NA,NA,NA,NA,NA,NA,NA,NA,390.995416825442,30.2056741659053,9089.53476459121,9089.53476459121,5841.065802,5841.065802,38,10,42.6041028627416,7.45341614906824,0.0720263777702929,0.0462851865284562,121.9512580916,NA,0.190626688404273,23.2471644767365,NA,NA,2.46755497266182,300.921433326293,NA,NA,NA,NA,NA,NA,NA,"c"
"339",2022,2,4,2,"c","15-25",15,25,838.34288716286,0.128697340842307,143.122002152067,393.52701176236,13.9973604304804,28.1143729717371,NA,NA,12.8697340842307,1.8419421092998,5.06458799634352,0.180142306621416,23.8276765752078,2.61132001330453,9.79057499101491,0.281643781412664,NA,NA,NA,NA,NA,NA,NA,NA,NA,NA,NA,NA,NA,NA,NA,NA,NA,NA,NA,NA,NA,NA,NA,509.424061608285,42.1538244460522,26827.7051787149,26827.7051787149,25641.0509863082,25641.0509863082,38,20,39.352701176236,14.3122002152067,0.3452654317402,0.329993507833988,187.446407787186,NA,0.280948649540074,52.6628151289479,NA,NA,3.3952317264886,636.423990735374,NA,NA,NA,NA,NA,NA,NA,"c"
"340",2022,2,4,2,"c","25-35",25,35,679.94951316264,0.355189932019428,605.263157894735,181.18731258251,10.5,17.2559345316676,NA,NA,35.5189932019428,21.4983379906495,6.43559092389646,0.3729494286204,59.3466697771506,24.1096580039541,16.2261659149114,0.654593210033064,NA,NA,NA,NA,3.914,3.277,0.266,188.748950758252,376.170718649832,9.4,17.6,NA,NA,NA,NA,NA,NA,NA,NA,NA,NA,NA,NA,3786.08861760958,134.494525317566,24007.8148950044,24007.8148950044,6847.219496,6847.219496,38,30,18.118731258251,60.5263157894735,0.852733414049163,0.243206342730634,39.665085478703,0.311846092557113,0.159865026687326,6.34105994860791,0.0498532839089811,0.0993560258733021,4.50028100746554,178.504030839304,1.40339504758712,2.7969221629031,NA,NA,NA,NA,NA,"c"
"341",2022,2,4,2,"c","35-45",35,45,433.666706832149,0.751593919569659,847.195357833657,84.7568352123051,3,28.2522784041017,NA,NA,75.1593919569659,63.6746879635419,6.37027219875362,0.225478175870898,134.506061734117,87.7843459674959,22.596438113665,0.880071385903962,NA,NA,NA,NA,7.193,0.703,6.159,33.2803450682266,408.759038414766,1.8,12.1,NA,NA,NA,NA,NA,NA,NA,NA,NA,NA,NA,NA,4777.40734342574,214.483885563455,22486.8493257882,22486.8493257882,6164.711397,6164.711397,38,40,8.47568352123051,84.7195357833657,1.69009792235415,0.463335960188698,26.542696578613,0.0392829643841852,0.177333707790167,4.70691479903481,0.00696619372723663,0.0855608511125318,3.94992544828275,104.841672681911,0.155164780705078,1.90577971552942,NA,NA,NA,NA,NA,"c"
"342",2022,2,4,2,"c","45-55",45,55,411.78839442442,0.726336276067776,802.307743379207,114.930780361465,4.59898762611577,24.9904521831762,NA,NA,72.6336276067776,58.2745218586394,8.34783950133101,0.334041154603471,207.139689340894,146.058867826135,30.944277614996,1.21411254050743,NA,NA,NA,NA,10.4395847802087,1.55028106804342,8.14981009443908,45.3258074461473,379.850987432886,2.74835428202655,14.3559495278046,NA,NA,NA,NA,NA,NA,NA,NA,NA,NA,NA,NA,4733.28665748008,212.547068080699,26498.7808731876,26498.7808731876,7964.99920702895,7964.99920702895,38,50,11.4930780361465,80.2307743379207,1.92470258197671,0.57852678629162,33.0282003281914,0.0564942913990103,0.16950330741353,5.59838919354508,0.009575969242116,0.080250999975377,3.77472976044341,124.672530712711,0.213250683039007,1.78713821302238,NA,NA,NA,NA,NA,"c"
"343",2022,2,4,2,"c","55-65",55,65,473.575288775075,0.627072014231814,694.484131751987,171.088867478062,7.70327922530036,22.2098748434491,NA,NA,62.7072014231814,43.5491563349751,10.7285040742108,0.483051081999918,269.846890764075,189.60802416111,41.6727816892068,1.69716362250735,NA,NA,NA,NA,10.2283237825693,2.75988489027216,7.33916032186318,36.9350651793092,424.121406674848,2.41295130277032,16.4129513027703,NA,NA,NA,NA,NA,NA,NA,NA,NA,NA,NA,NA,4528.55620666675,207.183712210016,23610.3148247473,23610.3148247473,6668.84792546971,6668.84792546971,38,60,17.1088867478062,69.4484131751987,1.48053676738016,0.418184790122995,33.9969104336267,0.0531834544385233,0.153356632899818,5.2136517130977,0.00815603549867283,0.0936548840998096,3.35202089171956,113.958354027435,0.178272050371746,2.04707890475931,NA,NA,NA,NA,NA,"c"
"344",2022,2,4,2,"c","65-75",65,75,556.463820768998,0.526602801085835,539.961013645223,242.954477972072,11.8,20.5893625400061,NA,NA,52.6602801085835,28.4344982262721,12.794050863644,0.621391305281285,322.507170872659,218.042522387382,54.4668325528508,2.31855492778864,NA,NA,NA,NA,4.857,2.326,2.318,48.9,381,2.5,13.9,NA,NA,NA,NA,NA,NA,NA,NA,NA,NA,NA,NA,4101.14071463298,189.222598742904,10587.769343069,10587.769343069,7513.449242,7513.449242,38,70,24.2954477972072,53.9961013645223,0.557554899331087,0.395660341665344,19.6083959313878,0.0905620938628161,0.131661177027803,2.58166448795369,0.0119235118720807,0.0929009820708131,2.853575721042,55.9540425583868,0.258425792293659,2.01350157185857,NA,NA,NA,NA,NA,"c"
"345",2022,2,4,2,"c","75-85",75,85,546.922635615447,0.645759357431021,649.538493630309,185.706842463437,9.83268822375855,18.8866806551149,NA,NA,64.5759357431021,41.9445560273422,11.9921931259733,0.634955042919389,387.083106615761,259.987078414725,66.4590256788241,2.95350997070803,NA,NA,NA,NA,NA,NA,NA,NA,NA,NA,NA,NA,NA,NA,NA,NA,NA,NA,NA,NA,NA,NA,NA,3897.71603476436,170.382346734865,14692.8637747897,14692.8637747897,9543.56181724837,9543.56181724837,38,80,18.5706842463437,64.9538493630309,0.948805427002972,0.616284434670954,22.6204665602964,NA,0.166645924904988,3.76960857172294,NA,NA,3.81224056410649,86.2346602001763,NA,NA,NA,NA,NA,NA,NA,"c"
"346",2022,2,4,2,"c","85-95",85,95,454.276572086345,0.546097810049296,935.432751162496,23.2205350112633,1.32127439570854,17.5743472261954,NA,NA,54.6097810049296,51.0837776858227,1.26806833178239,0.072154505397064,441.692887620691,311.070856100547,67.7270940106065,3.02566447610509,NA,NA,NA,NA,NA,NA,NA,NA,NA,NA,NA,NA,NA,NA,NA,NA,NA,NA,NA,NA,NA,NA,NA,4647.27401551181,211.672397586774,37614.4977636655,37614.4977636655,12952.9929903805,12952.9929903805,38,90,2.32205350112633,93.5432751162496,2.05411948548419,0.707360110563067,40.2107983892168,NA,0.2012863343199,8.093884207842,NA,NA,4.41924767625415,177.70147734187,NA,NA,NA,NA,NA,NA,NA,"c"
"347",2022,2,4,2,"c","95-105",95,105,259.088817303267,0.88303575881981,932.546374367621,26.8185236538327,1.5,17.8790157692218,NA,NA,88.303575881981,82.3471795324374,2.36817153850892,0.132455363822971,529.996463502672,393.418035632985,70.0952655491154,3.15811983992806,NA,NA,NA,NA,NA,NA,NA,NA,NA,NA,NA,NA,NA,NA,NA,NA,NA,NA,NA,NA,NA,NA,NA,4574.10485114786,222.300834713973,36290.1550119945,36290.1550119945,12358.716123,12358.716123,38,100,2.68185236538327,93.2546374367621,3.20455045687051,1.09131882697119,38.9151210164788,NA,0.203875163494252,7.93382665963321,NA,NA,4.19497468629615,163.24794757828,NA,NA,NA,NA,NA,NA,NA,"c"
"348",2022,2,4,2,"c","105-115",105,115,NA,NA,NA,NA,NA,NA,NA,NA,NA,NA,NA,NA,NA,NA,NA,NA,NA,NA,NA,NA,NA,NA,NA,NA,NA,NA,NA,NA,NA,NA,NA,NA,NA,NA,NA,NA,NA,NA,NA,NA,NA,NA,NA,NA,NA,38,110,NA,NA,NA,NA,NA,NA,NA,NA,NA,NA,NA,NA,NA,NA,NA,NA,NA,NA,NA,"c"
"349",2022,2,4,4,"c","0-5",0,5,794.776119402985,0.0670794776119403,72.9927007299287,438.583975392581,8.45297190066611,51.8851808034544,-27.5386426751931,-1.81782771720354,3.35397388059702,0.244815611722415,1.47099919791512,0.0283510469682546,3.35397388059702,0.244815611722415,1.47099919791512,0.0283510469682546,1.15130199468682,0.0012225233723548,141.318468019424,1.2225233723548,NA,NA,NA,NA,NA,NA,NA,NA,NA,NA,NA,NA,NA,NA,NA,NA,NA,NA,NA,512.217448858945,36.372483266555,4883.19037977326,4883.19037977326,1145.792583,1145.792583,40,2.5,43.8583975392581,7.29927007299287,0.0163780929877421,0.00384295839596379,66.8997082028921,NA,0.142503346757384,9.53343231600452,NA,NA,2.00681103335736,134.255072549952,NA,NA,-1131.79725453295,NA,NA,NA,NA,"c"
"350",2022,2,4,4,"c","5-15",5,15,856.868821012248,0.0581799616349417,107.334525939178,414.184920429779,9.95001421123986,41.6265657150421,-26.3629562161848,-0.324319638931214,5.81799616349417,0.624471860124604,2.40972627803759,0.057889144507706,9.17197004409119,0.869287471847019,3.88072547595271,0.0862401914759606,1.02915419616742,0.00119820499924382,20.2298753465511,1.19820499924382,NA,NA,NA,NA,NA,NA,NA,NA,NA,NA,NA,NA,NA,NA,NA,NA,NA,NA,NA,872.764320555154,45.8395724669409,21132.7817705703,21132.7817705703,19284.172206,19284.172206,40,10,41.4184920429779,10.7334525939178,0.122950443265138,0.112195239910669,196.887083495812,NA,0.122982256963603,24.2136178952962,NA,NA,2.34152545852357,461.016118459898,NA,NA,-230.846699798515,NA,NA,NA,NA,"c"
"351",2022,2,4,4,"c","15-25",15,25,761.691185033335,0.18016667159872,240.707266488882,383.411907890401,16.7317931525774,22.9151713981917,-26.2718676847019,0.668018572245413,18.016667159872,4.33674270329279,6.90780472959285,0.301451148217811,27.1886372039632,5.20603017513981,10.7885302055456,0.387691339693772,0.930958418492571,0.00107281764188353,-77.1143966681309,1.07281764188352,NA,NA,NA,NA,NA,NA,NA,NA,NA,NA,NA,NA,NA,NA,NA,NA,NA,NA,NA,2059.33004395549,93.3932608175837,11834.3250192571,11834.3250192571,8904.89961955913,8904.89961955913,40,20,38.3411907890401,24.0707266488882,0.213215094933701,0.160436612537668,49.164801677492,NA,0.116886201507816,5.74668691596716,NA,NA,2.5773515602912,126.714978314891,NA,NA,574.686169783516,NA,NA,NA,NA,"c"
"352",2022,2,4,4,"c","25-35",25,35,504.784521897045,0.536864418869929,809.045226130654,103.822486222372,3.86170648777685,26.8851313664033,-27.583853025812,0.948950990350362,53.6864418869929,43.4347595166124,5.57385987314051,0.207321280940655,80.875079090956,48.6407896917522,16.3623900786861,0.595012620634427,0.513424570088255,0.000929449753141155,-491.027596164237,0.929449753141155,8.075,1.795,6.146,29.326823480127,200.200576385057,1.34588891640494,7.8,NA,NA,NA,NA,0.490454432121923,0.00109343471723767,0.466435090338001,0.00103001182940288,-513.798548351338,1.09343471723767,-537.609606174719,1.03001182940288,4849.73370728876,203.838124898878,23095.6296613963,23095.6296613963,6437.891486,6437.891486,40,30,10.3822486222372,80.9045226130654,1.23992217966006,0.345627487137905,28.5467720659494,0.0362486824381694,0.16682260820109,4.76224697176371,0.00604709974818847,0.0412807359060089,3.96905743973073,113.303778048654,0.143873102711653,0.982154719507818,5355.21675386295,5722.89319719051,6126.25828315447,367.676443327563,771.041529291521,"c"
"353",2022,2,4,4,"c","35-45",35,45,546.5375451541,0.570303187276776,765.478424015008,124.03903082548,4.87347301554769,25.4518759885942,-27.073320969487,1.3298331586026,57.0303187276776,43.6554785007362,7.07398546264935,0.277935719387421,137.905397818634,92.2962681924884,23.4363755413354,0.872948340021848,0.630247853890326,0.000871863621260348,-375.217346626497,0.871863621260348,8.08,1.518,6.378,33.5590895029438,213.023912492939,1.59282184506459,8.5,NA,NA,NA,NA,0.504180850524243,0.00109733721640662,0.494870456402423,0.00105993366504178,-500.191158722355,1.09733721640662,-509.420817669192,1.05993366504177,4958.18674042303,203.338368198061,22361.9403952942,22361.9403952942,6108.660584,6108.660584,40,40,12.403903082548,76.5478424015008,1.27530858811296,0.348378860104721,29.2130250752251,0.0438406732967379,0.15438676760079,4.51010451320482,0.00676841983972563,0.0429640761119788,3.76455477044744,109.974032906139,0.165040615798862,1.04763264493912,3708.37113463254,5501.16102703876,5650.8881946238,1792.78989240622,1942.51705999125,"c"
"354",2022,2,4,4,"c","45-55",45,55,512.886064005188,0.575654557857618,759.846061893933,125.594761374565,4.98882810776498,25.1752032063563,-27.0431008937524,0.974669957574654,57.5654557857618,43.7408848799404,7.22991968283083,0.287184163860311,195.470853604395,136.037153072429,30.6662952241662,1.16013250388216,0.599303555291916,0.000847230605931246,-405.893311432656,0.847230605931247,8.03,4.282,3.495,48.8282844173237,246.661629492068,2.3072510317276,12.5,NA,NA,NA,NA,0.691264940428555,0.00124392409962903,0.621924416410858,0.00120855102304282,-314.72937035945,1.24392409962902,-383.468607335296,1.20855102304282,5004.89079905672,200.345965691507,22558.4062213822,22558.4062213822,6196.82136830419,6196.82136830419,40,50,12.5594761374565,75.9846061893933,1.29858493593423,0.356722846489379,29.6881267834104,0.0642607586800123,0.151820707464215,4.50727241154469,0.00975611384498668,0.0492841181546971,3.79266964159361,112.597257167223,0.243719828591455,1.23117841999313,4112.79188531462,2966.04156163481,3815.16659666023,-1146.75032367982,-297.625288654389,"c"
"355",2022,2,4,4,"c","55-65",55,65,253.290357238786,1.24434258379601,832.271762208071,91.4970931753382,3.96739795633782,23.0622423518603,-27.1454792213427,0.613283575431012,124.434258379601,103.563119500645,11.3853729331625,0.493680222393641,319.905111983996,239.600272573074,42.0516681573287,1.6538127262758,0.46678429472507,0.000952731008053398,-537.491998787567,0.952260406279979,8.091,2.968,4.942,45.8133230262241,336.442751312073,2.38510917624966,17.5,NA,NA,NA,NA,0.54483882936946,0.00111318906437543,0.456854322289279,0.00101246888583785,-459.885745944006,1.11318906437543,-547.107294498268,1.01246888583784,4824.39392107453,192.485161355786,28160.7395900859,28160.7395900859,8710.77564500001,8710.77564500001,40,60,9.14970931753382,83.2271762208071,3.50416074631341,1.08391890729667,33.8359906809449,0.0550461100646721,0.172513226702412,5.83715593104257,0.00949618206467273,0.0697378275522612,4.32382297079885,146.300833746006,0.238009635150751,1.74788928633412,6120.24649425006,4878.1617852376,6292.97756148869,-1242.08470901246,172.731067238627,"c"
"356",2022,2,4,4,"c","65-75",65,75,407.889921686306,0.939700268782516,747.272727272727,137.031640318919,6.63339382759066,20.6578478348377,-26.843436129881,0.868279697144818,93.9700268782516,70.2212382672025,12.8768669239398,0.623340196272723,413.875138862248,309.821510840276,54.9285350812685,2.27715292254852,0.451044304595133,0.000828675760002346,-552.866930566347,0.828675760002346,8.061,0.784,6.823,26.8682577093914,350.292708309396,1.55957437715143,20.5,NA,NA,NA,NA,0.461087662711872,0.000993886260798884,0.357104722131981,0.000913794984496297,-542.910663529144,0.993886260798884,-645.991915008325,0.913794984496296,4360.3388736609,169.128607621368,NA,NA,11296.843675,11296.843675,40,70,13.7031640318919,74.7272727272727,NA,1.06156470377916,NA,0.0359550893921296,0.171379507172415,NA,0.00616196550036329,0.0803361203014236,4.41836977068754,NA,0.158862880072554,2.07116178177026,6395.79192397431,6218.8842848733,8271.79057193245,-176.907639101003,1875.99864795814,"c"
"357",2022,2,4,4,"c","75-85",75,85,476.518712392734,0.815494009509872,926.840447922999,29.4835905538313,1.6188489958959,18.2126873034965,-26.7940524237873,1.73956978432617,81.5494009509872,75.5832833052652,2.40436914754913,0.132016165845418,495.424539813235,385.404794145541,57.3329042288176,2.40916908839394,0.372550308544921,0.000756953282958627,-630.680265151181,0.756953282958627,8.05484144336763,0.590942637741722,7.10281268177518,23.9175525398174,381.810849228468,1.4135174693364,17.9830246806827,NA,NA,NA,NA,0.360382698536265,0.000893528731394212,0.322918305272474,0.000861482127330174,-642.742363608947,0.893528731394212,-679.88188401492,0.861482127330174,5091.14448388218,213.724050832877,44542.7314643329,44542.7314643329,16061.9230728063,16061.9230728063,40,80,2.94835905538313,92.6840447922999,3.63243306763704,1.30984020470819,48.0586832007071,0.0258054691003348,0.182049527538894,8.74906057083013,0.00469787345763548,0.0749950920539037,4.33662212704245,208.41234896471,0.111908568299222,1.78646646336976,7931.6491956781,8198.38951455422,9080.14904594301,266.740318876115,1148.4998502649,"c"
"358",2022,2,4,4,"c","85-95",85,95,589.05438634345,0.447172052068414,921.290393813227,30.9217067376143,1.71710109909544,18.0080874410387,-26.5155615086146,1.70590930702198,44.7172052068414,41.1975315952378,1.38273230553167,0.0767839622091439,540.141745020077,426.602325740779,58.7156365343493,2.48595305060308,0.498921127472803,0.000893292033707892,-505.40527203318,0.893292033707892,NA,NA,NA,NA,NA,NA,NA,NA,NA,NA,NA,NA,NA,NA,NA,NA,NA,NA,NA,4835.1976642195,202.920979141293,48544.1948262382,48544.1948262382,17857.5134580373,17857.5134580373,40,90,3.09217067376143,92.1290393813227,2.17076072164578,0.798538093786986,52.6915239236496,NA,0.190538310487446,10.039753945421,NA,NA,4.54014364464374,239.227087468551,NA,NA,5585.40319468051,NA,NA,NA,NA,"c"
"359",2022,2,4,4,"c","95-105",95,105,590.083637954236,0.507105742176231,872.456440258425,62.3137626185185,2.9031463713621,21.4642166282791,-27.0804761447331,1.51321453880729,50.7105742176231,44.2427670653681,3.15996668404573,0.147220219529581,590.8523192377,470.845092806147,61.875603218395,2.63317327013267,0.303580635598385,0.000685701313236853,-699.051866894608,0.685701313236853,NA,NA,NA,NA,NA,NA,NA,NA,NA,NA,NA,NA,NA,NA,NA,NA,NA,NA,NA,4645.21527534741,217.042362238919,49331.7180106643,49331.7180106643,18210.9014389356,18210.9014389356,40,100,6.23137626185185,87.2456440258425,2.50163974746265,0.923485268988963,56.5434739596306,NA,0.187818300884489,10.6198992052042,NA,NA,4.01975186437581,227.29073486751,NA,NA,9576.20370946859,NA,NA,NA,NA,"c"
"360",2022,2,4,4,"c","105-115",105,115,606.051250385922,0.556586166383187,834.845735027222,86.9535516478913,3.82095942618984,22.7569942386431,-27.2890250018907,1.48848895857541,55.6586166383187,46.4663587180155,4.83971439651023,0.21266931589287,646.510935876018,517.311451524163,66.7153176149052,2.84584258602554,0.245429457236562,0.000622265705692701,-756.69878673643,0.622265705692701,NA,NA,NA,NA,NA,NA,NA,NA,NA,NA,NA,NA,NA,NA,NA,NA,NA,NA,NA,4509.21663778741,233.597222026784,48634.9454369751,48634.9454369751,17898.236291,17898.236291,40,110,8.69535516478913,83.4845735027222,2.70695378330214,0.996191072222812,58.2562063821159,NA,0.185142077236029,10.7856750614757,NA,NA,3.57386842096735,208.200016314401,NA,NA,11284.3223388006,NA,NA,NA,NA,"c"
"361",2022,3,5,2,"c","0-5",0,5,890.865437083925,0.0707835861617374,92.0353982300878,440.4898503515,9.9739281629425,44.1641290327428,-27.1762847071892,-0.690524257615999,3.53917930808687,0.325729777027462,1.55897256378631,0.035299520174631,3.53917930808687,0.325729777027462,1.55897256378631,0.035299520174631,NA,NA,NA,NA,NA,NA,NA,NA,NA,NA,NA,NA,NA,NA,NA,NA,NA,NA,NA,NA,NA,NA,NA,798.278493643,49.4133043463694,7189.09920711058,7189.09920711058,3719.731132,3719.731132,46,2.5,44.04898503515,9.20353982300878,0.0254435111575895,0.013164795454021,78.1123279234136,NA,0.115292343415238,9.0057533359099,NA,NA,1.86256311832443,145.489141076614,NA,NA,NA,NA,NA,NA,NA,"c"
"362",2022,3,5,2,"c","5-15",5,15,943.828990482134,0.048809237010454,61.9136960600365,421.845362314325,6.09763946389046,69.1817489066787,-25.2353433693154,1.16986037733774,4.88092370104541,0.302196026518754,2.05899502709607,0.0297621129797327,8.42010300913228,0.627925803546216,3.61796759088239,0.0650616331543638,NA,NA,NA,NA,NA,NA,NA,NA,NA,NA,NA,NA,NA,NA,NA,NA,NA,NA,NA,NA,NA,NA,NA,474.609408800358,21.3420647551855,15973.171262519,15973.171262519,13524.82898,13524.82898,46,10,42.1845362314325,6.19136960600365,0.0779638301960863,0.0660136583210677,257.990917664326,NA,0.130451893519204,33.6554037200683,NA,NA,2.90101715884792,748.436078971131,NA,NA,NA,NA,NA,NA,NA,"c"
"363",2022,3,5,2,"c","15-25",15,25,933.206801253563,0.05554526787944,98.2020892080733,413.505750419722,11.3328036385896,36.4875068523805,-25.157952403784,1.7045412321929,5.554526787944,0.54546613513831,2.29682876767523,0.0629483613930554,13.9746297970763,1.17339193868453,5.91479635855762,0.128009994547419,NA,NA,NA,NA,NA,NA,NA,NA,NA,NA,NA,NA,NA,NA,NA,NA,NA,NA,NA,NA,NA,NA,NA,53.8688086331249,27.754037520387,NA,24622.9559082309,NA,23253.4482562418,46,20,41.3505750419722,9.82020892080733,NA,NA,NA,NA,1.82298609714727,NA,NA,NA,3.53829921631899,NA,NA,NA,NA,NA,NA,NA,NA,"c"
"364",2022,3,5,2,"c","25-35",25,35,821.228085326885,0.164163806797037,208.24295010846,392.827468205481,17.584685178679,22.3391811803247,-25.7452173905075,1.07334464262141,16.4163806797037,3.41859554284502,6.44880525950538,0.288676886025938,30.39101047678,4.59198748152955,12.363601618063,0.416686880573358,NA,NA,NA,NA,NA,NA,NA,NA,NA,NA,NA,NA,NA,NA,NA,NA,NA,NA,NA,NA,NA,NA,NA,1554.33050117864,79.4175651388272,11768.1204186208,11768.1204186208,8830.999658,8830.999658,46,30,39.2827468205481,20.824295010846,0.193189944676673,0.144973052168061,56.5114949269186,NA,0.133975978693431,7.5711828402628,NA,NA,2.62212710430542,148.180322552691,NA,NA,NA,NA,NA,NA,NA,"c"
"365",2022,3,5,2,"c","35-45",35,45,435.297116249127,0.615274441876231,790.032988542882,24.5317471566924,1.58704993601738,15.4574513378284,-22.5660526648599,-0.557089186117972,61.5274441876231,48.6087106089532,1.50937570400827,0.0976471263612803,91.918454664403,53.2006980904828,13.8729773220713,0.514334006934638,NA,NA,NA,NA,8.0712831453267,3.63189353639281,4.2974874269653,43.2263592903252,283.560234507359,2.22718116683901,15.7429872373828,NA,NA,NA,NA,NA,NA,NA,NA,NA,NA,NA,NA,4568.62748604531,163.094705302511,25747.3829878159,25747.3829878159,7627.82185553771,7627.82185553771,46,40,2.45317471566924,79.0032988542882,1.5841706697602,0.469320383489728,32.5902631424338,0.0547146257399338,0.172925674276576,5.63569322875639,0.00946156354886853,0.0620668319694443,4.84401371017848,157.867681480274,0.265038397231524,1.73862317591124,NA,NA,NA,NA,NA,"c"
"366",2022,3,5,2,"c","45-55",45,55,274.344247075162,1.19442509827551,842.869681777056,84.1124101545216,3.70119623197354,22.7257364599854,-27.2719874307856,0.71917357058835,119.442509827551,100.674470249,10.0465973765004,0.442080167311193,211.360964491954,153.875168339483,23.9195746985717,0.956414174245831,NA,NA,NA,NA,8.04955179146933,1.64752916846065,6.23365853253057,43.5987048178239,196.881618739859,2.03608115087983,8.43553054718364,NA,NA,NA,NA,NA,NA,NA,NA,NA,NA,NA,NA,5094.44606668164,210.094883364222,26202.2668354309,26202.2668354309,7756.59540063791,7756.59540063791,46,50,8.41124101545216,84.2869681777056,3.12966451399507,0.926467222369031,31.0869727573871,0.0517265073835649,0.165448739812859,5.14330046730639,0.00855808546153139,0.0386463250690769,4.01185249388416,124.716349184033,0.207519117646672,0.937108108428055,NA,NA,NA,NA,NA,"c"
"367",2022,3,5,2,"c","55-65",55,65,297.815384086526,1.20892152557138,828.272907474501,94.134331395232,3.38870383565134,27.7788605793396,-27.8221931434626,0.02131338618214,120.892152557138,100.131694689351,11.3801019518965,0.409667701070519,332.253117049091,254.006863028834,35.2996766504682,1.36608187531635,NA,NA,NA,NA,8.09573723441216,0.828508797577112,7.21427681169424,50.6428904520935,301.442025496058,2.00862239089724,8.29758125704067,NA,NA,NA,NA,NA,NA,NA,NA,NA,NA,NA,NA,4817.48357663379,239.616844771117,36920.4601307346,36920.4601307346,12418.2215093597,12418.2215093597,46,60,9.4134331395232,82.8272907474501,4.4633938986045,1.50126552919785,44.5752357677729,0.0611427586186653,0.171930613628216,7.6638476381756,0.010512312008229,0.0625725071400638,3.45665559641965,154.081238178398,0.211349458759745,1.25801683844054,NA,NA,NA,NA,NA,"c"
"368",2022,3,5,2,"c","65-75",65,75,356.199660292587,0.967667768798772,913.274336283186,44.6560922284232,2.30784610970922,19.3496836901528,-27.2001829052094,0.324984138878252,96.7667768798772,88.374613929233,4.32122611299504,0.223322829571325,429.019893928968,342.381476958067,39.6209027634633,1.58940470488767,NA,NA,NA,NA,8.002,0.136,7.625,20.0660269882264,365.18509765111,1.2,9.9,NA,NA,NA,NA,NA,NA,NA,NA,NA,NA,NA,NA,4883.30449034244,222.734585812796,42884.7612003541,42884.7612003541,15317.936387,15317.936387,46,70,4.46560922284232,91.3274336283186,4.14982011862148,1.48226733262098,46.9571513143412,0.0219715217991239,0.18701974003246,8.78191423147296,0.00410910829498967,0.0747823729553063,4.10028075770314,192.537503970748,0.0900894080504026,1.63955272737949,NA,NA,NA,NA,NA,"c"
"369",2022,3,5,2,"c","75-85",75,85,634.837962962964,0.453362626437711,909.85324947589,45.5035013563527,2.40832484375245,18.8942540182631,-26.1931977919323,1.48742047274479,45.3362626437711,41.2493458855276,2.0629586887028,0.10918444764788,474.35615657274,383.630822843595,41.6838614521661,1.69858915253555,NA,NA,NA,NA,8.08600000000001,0.118,7.882,20.0631767796629,382.5080782206,1.3,9.1,NA,NA,NA,NA,NA,NA,NA,NA,NA,NA,NA,NA,4787.3074904481,210.25009766408,63913.0960881608,63913.0960881608,24754.053259,24754.053259,46,80,4.55035013563527,90.985324947589,2.89758091062944,1.12225626004792,70.245499617633,0.022051003050459,0.190055318420903,13.3505307974647,0.0041909104062553,0.0799004615817558,4.32748074595227,303.986047085104,0.0954252911297961,1.81930035928801,NA,NA,NA,NA,NA,"c"
"370",2022,3,5,2,"c","85-95",85,95,669.503265386899,0.420542395898935,792.660550458716,117.042667515747,4.20100436768189,27.8606393309539,-26.9033544684373,0.889804348964512,42.0542395898935,33.3347367024477,4.92214038194748,0.176670044196683,516.410396162633,416.965559546043,46.6060018341135,1.87525919673224,NA,NA,NA,NA,NA,NA,NA,NA,NA,NA,NA,NA,NA,NA,NA,NA,NA,NA,NA,NA,NA,NA,NA,4593.91557738122,188.826565130936,72495.0870878268,72495.0870878268,28605.079529,28605.079529,46,90,11.7042667515747,79.2660550458716,3.04872576148166,1.20296486800052,91.4579223677444,NA,0.172545737314262,15.780674648173,NA,NA,4.19782327719127,383.924195398869,NA,NA,NA,NA,NA,NA,NA,"c"
"371",2022,3,5,2,"c","95-105",95,105,NA,NA,NA,NA,NA,NA,NA,NA,NA,NA,NA,NA,NA,NA,NA,NA,NA,NA,NA,NA,NA,NA,NA,NA,NA,NA,NA,NA,NA,NA,NA,NA,NA,NA,NA,NA,NA,NA,NA,NA,NA,NA,NA,NA,NA,46,100,NA,NA,NA,NA,NA,NA,NA,NA,NA,NA,NA,NA,NA,NA,NA,NA,NA,NA,NA,"c"
"372",2022,3,5,2,"c","105-115",105,115,NA,NA,NA,NA,NA,NA,NA,NA,NA,NA,NA,NA,NA,NA,NA,NA,NA,NA,NA,NA,NA,NA,NA,NA,NA,NA,NA,NA,NA,NA,NA,NA,NA,NA,NA,NA,NA,NA,NA,NA,NA,NA,NA,NA,NA,46,110,NA,NA,NA,NA,NA,NA,NA,NA,NA,NA,NA,NA,NA,NA,NA,NA,NA,NA,NA,"c"
"373",2022,3,5,4,"c","0-5",0,5,835.675542406312,0.0461405779611751,51.5267175572505,466.245413323482,10.3321223601055,45.1258122071562,-29.4163199127526,-2.97570974939542,2.30702889805876,0.118873626426688,1.07564164212462,0.0238365048630425,2.30702889805876,0.118873626426688,1.07564164212462,0.0238365048630425,NA,NA,NA,NA,NA,NA,NA,NA,NA,NA,NA,NA,NA,NA,NA,NA,NA,NA,NA,NA,NA,NA,NA,358.780818295367,32.3367121731635,6042.5072098263,6042.5072098263,2439.863816,2439.863816,48,2.5,46.6245413323482,5.15267175572505,0.0139402387497977,0.00562883633083991,117.269399183299,NA,0.143616143700389,16.8417788847669,NA,NA,1.59344330621259,186.862139152199,NA,NA,NA,NA,NA,NA,NA,"c"
"374",2022,3,5,4,"c","5-15",5,15,878.647522000926,0.094630023646425,107.212475633528,429.793048761496,10.8660779908274,39.5536502797334,-26.4073964588346,0.573546670428273,9.4630023646425,1.01455191043925,4.06713263673695,0.10282572172159,11.7700312627013,1.13342553686594,5.14277427886157,0.126662226584632,NA,NA,NA,NA,NA,NA,NA,NA,NA,NA,NA,NA,NA,NA,NA,NA,NA,NA,NA,NA,NA,NA,NA,495.452921709389,40.521406820509,20334.5333237617,20334.5333237617,18393.138517,18393.138517,48,10,42.9793048761496,10.7212475633528,0.192425736926659,0.174054313279568,189.665738092541,NA,0.216392861835648,41.0423118580155,NA,NA,2.64582313512533,501.821997785867,NA,NA,NA,NA,NA,NA,NA,"c"
"375",2022,3,5,4,"c","15-25",15,25,838.768983926048,0.142134407534044,199.020419220175,397.378937835663,16.095698367694,24.6885179355281,-25.9464914752017,0.678428226084909,14.2134407534044,2.82876493730367,5.64812198957797,0.228775255133886,25.9834720161057,3.96219047416961,10.7908962684395,0.355437481718519,NA,NA,NA,NA,NA,NA,NA,NA,NA,NA,NA,NA,NA,NA,NA,NA,NA,NA,NA,NA,NA,NA,NA,1466.45081900214,76.0326102497353,15131.9194224711,15131.9194224711,12585.7933534194,12585.7933534194,48,20,39.7378937835663,19.9020419220175,0.215076640196582,0.178887428163418,76.0319945147475,NA,0.135715713504528,10.3187363847413,NA,NA,2.61756657526917,199.018807492852,NA,NA,NA,NA,NA,NA,NA,"c"
"376",2022,3,5,4,"c","25-35",25,35,675.74931880109,0.34935843372326,531.914893617022,225.620873957969,9.76541225136537,23.104080826329,-26.1037764147571,1.27558791145665,34.935843372326,18.5828954108117,7.88225551412291,0.341162912879894,60.9193153884317,22.5450858849813,18.6731517825624,0.696600394598412,NA,NA,NA,NA,6.174,4.608,1.826,61.5060059508775,338.614262423707,3.6,19.1,NA,NA,NA,NA,NA,NA,NA,NA,NA,NA,NA,NA,3729.92171395482,136.58784583797,10018.9489291595,10018.9489291595,6878.511393,6878.511393,48,30,22.5620873957969,53.1914893617022,0.35002043054445,0.240306596660608,18.8356239868198,0.11563129118765,0.142607522197305,2.6861016658005,0.0164898919247458,0.0907832089764361,3.89430619066953,73.351687096996,0.450303653107175,2.4790951226026,NA,NA,NA,NA,NA,"c"
"377",2022,3,5,4,"c","35-45",35,45,481.788079470199,0.642927386172107,708.260105448153,155.294615824389,6.62151645873323,23.453028742316,-26.449176648376,1.17735600353669,64.2927386172107,45.5359818325762,9.98431614385759,0.425715426930894,125.212054005642,68.0810677175575,28.65746792642,1.12231582152931,NA,NA,NA,NA,8.314,2.613,5.669,58.5335109283737,283.644737808793,3,14,NA,NA,NA,NA,NA,NA,NA,NA,NA,NA,NA,NA,2550.55235565708,103.019282537797,19942.6997729076,19942.6997729076,5023.066438,5023.066438,48,40,15.5294615824389,70.8260105448153,1.28217078382106,0.322946697555218,28.15731059748,0.0826440886308802,0.277688910747997,7.81897290940727,0.0229493469516701,0.111209141494263,6.87502463617234,193.582204046032,0.568180145371311,2.75331695990725,NA,NA,NA,NA,NA,"c"
"378",2022,3,5,4,"c","45-55",45,55,431.577667438547,1.4416855497351,754.016946888994,147.001626171943,5.1774794841417,28.3925077100161,-27.3286800065439,0.162557405778315,144.16855497351,108.705533658524,21.1930120239652,0.746429735633704,269.380608979153,176.786601376082,49.8504799503852,1.86874555716301,NA,NA,NA,NA,8.17426484525757,3.08503325505195,4.97402341213481,56.5870267861709,243.58415956807,2.53727519440321,9.37095349925781,NA,NA,NA,NA,NA,NA,NA,NA,NA,NA,NA,NA,4708.10632455312,191.856753005824,29408.5194021025,29408.5194021025,9270.69616174705,9270.69616174705,48,50,14.7001626171943,75.4016946888994,4.23978374611155,1.33654286923754,39.002464763477,0.0750474203791359,0.160152913912912,6.24635838165653,0.0120190630553659,0.0517371832275241,3.9301037627073,153.2837335218,0.294944149213518,1.2696147294887,NA,NA,NA,NA,NA,"c"
"379",2022,3,5,4,"c","55-65",55,65,439.044876409887,0.80839075032173,739.047619047618,163.911062523805,5.7233270337059,28.6391222375548,-27.2590111596624,-0.123964039843915,80.839075032173,59.7439259285393,13.2504186819651,0.462668463511416,350.219684011326,236.530527304621,63.1008986323503,2.33141402067443,NA,NA,NA,NA,8.176,4.493,3.555,61.4515042853192,241.630509647797,2.8,8.9,NA,NA,NA,NA,NA,NA,NA,NA,NA,NA,NA,NA,4443.95286563581,170.646736467247,35958.9131240926,35958.9131240926,12210.076814,12210.076814,48,60,16.3911062523805,73.9047619047618,2.90688527611391,0.987051315715542,48.6557458508986,0.0831495869840016,0.166304108390196,8.09165043179364,0.0138281179263874,0.0543728785956028,4.33086289458261,210.721364313899,0.360109460968882,1.41596912223501,NA,NA,NA,NA,NA,"c"
"380",2022,3,5,4,"c","65-75",65,75,285.916529814825,1.21854367834161,855.769230769232,86.0373014771221,3.37590123479727,25.4857282524407,-27.7008047361334,-0.0518898162221588,121.854367834161,104.279218627311,10.4840209816519,0.411368310836785,472.074051845487,340.809745931932,73.5849196140022,2.74278233151121,NA,NA,NA,NA,8.31000000000001,0.748,7.381,44.585243605731,287.330817000772,2.3,8.6,NA,NA,NA,NA,NA,NA,NA,NA,NA,NA,NA,NA,4973.91848089692,214.465026820028,46565.1305426681,46565.1305426681,16969.441151,16969.441151,48,70,8.60373014771221,85.5769230769232,5.674164545392,2.0678005239541,54.4131862521065,0.0520996105055732,0.172051318101803,9.36186041679381,0.00896380666007441,0.0577674962113491,3.99025073438834,217.122256402877,0.20789050908121,1.33975604909182,NA,NA,NA,NA,NA,"c"
"381",2022,3,5,4,"c","75-85",75,85,NA,NA,NA,NA,NA,NA,NA,NA,NA,NA,NA,NA,NA,NA,NA,NA,NA,NA,NA,NA,NA,NA,NA,NA,NA,NA,NA,NA,NA,NA,NA,NA,NA,NA,NA,NA,NA,NA,NA,NA,NA,NA,NA,NA,NA,48,80,NA,NA,NA,NA,NA,NA,NA,NA,NA,NA,NA,NA,NA,NA,NA,NA,NA,NA,NA,"c"
"382",2022,3,5,4,"c","85-95",85,95,NA,NA,NA,NA,NA,NA,NA,NA,NA,NA,NA,NA,NA,NA,NA,NA,NA,NA,NA,NA,NA,NA,NA,NA,NA,NA,NA,NA,NA,NA,NA,NA,NA,NA,NA,NA,NA,NA,NA,NA,NA,NA,NA,NA,NA,48,90,NA,NA,NA,NA,NA,NA,NA,NA,NA,NA,NA,NA,NA,NA,NA,NA,NA,NA,NA,"c"
"383",2022,3,5,4,"c","95-105",95,105,NA,NA,NA,NA,NA,NA,NA,NA,NA,NA,NA,NA,NA,NA,NA,NA,NA,NA,NA,NA,NA,NA,NA,NA,NA,NA,NA,NA,NA,NA,NA,NA,NA,NA,NA,NA,NA,NA,NA,NA,NA,NA,NA,NA,NA,48,100,NA,NA,NA,NA,NA,NA,NA,NA,NA,NA,NA,NA,NA,NA,NA,NA,NA,NA,NA,"c"
"384",2022,3,5,4,"c","105-115",105,115,NA,NA,NA,NA,NA,NA,NA,NA,NA,NA,NA,NA,NA,NA,NA,NA,NA,NA,NA,NA,NA,NA,NA,NA,NA,NA,NA,NA,NA,NA,NA,NA,NA,NA,NA,NA,NA,NA,NA,NA,NA,NA,NA,NA,NA,48,110,NA,NA,NA,NA,NA,NA,NA,NA,NA,NA,NA,NA,NA,NA,NA,NA,NA,NA,NA,"c"
"385",2022,3,6,2,"c","0-5",0,5,853.365662163723,0.0886617858529878,97.5609756097554,435.312509549127,9.99470205452415,43.5543257992449,-27.257134599071,-1.84675436638983,4.43308929264939,0.432496516356035,1.92977922503857,0.0443074066611319,4.43308929264939,0.432496516356035,1.92977922503857,0.0443074066611319,1.21044557744662,0.00188370742599151,196.045919976658,1.87757998956869,NA,NA,NA,NA,NA,NA,NA,NA,NA,NA,NA,NA,NA,NA,NA,NA,NA,NA,NA,564.5140105271,31.8558142157734,12724.5217909051,12724.5217909051,9898.569343,9898.569343,54,2.5,43.5312509549127,9.75609756097554,0.0564089413053452,0.0438812417670008,130.426348356778,NA,0.172822948218168,22.5406660483482,NA,NA,3.06257987784999,399.441110018923,NA,NA,-1534.21092291393,NA,NA,NA,NA,"c"
"386",2022,3,6,2,"c","5-15",5,15,876.307783631372,0.100130535862446,115.91355599214,425.587980221331,11.7389624431532,36.2543097213465,-25.8667113752649,0.0464655478497789,10.0130535862446,1.16064864752146,4.26143525161779,0.117542859990206,14.446142878894,1.59314516387749,6.19121447665636,0.161850266651338,1.07972305100336,0.00174149858022032,68.5609213233867,1.73857108043173,NA,NA,NA,NA,NA,NA,NA,NA,NA,NA,NA,NA,NA,NA,NA,NA,NA,NA,NA,502.901504400605,37.6171603327412,19102.1999526439,19102.1999526439,17017.563589,17017.563589,54,10,42.5587980221331,11.591355599214,0.191271351740982,0.170397776123982,164.796945354167,NA,0.230489578929167,37.9839785434949,NA,NA,3.08140101397423,507.805474514187,NA,NA,-616.167842902592,NA,NA,NA,NA,"c"
"387",2022,3,6,2,"c","15-25",15,25,756.395148625278,0.345950947863894,244.520049207321,390.1784410797,17.3750010287941,22.4563118260016,-25.8526725470065,1.5031845589457,34.5950947863894,8.4591942794999,13.4982601527579,0.601089807504746,49.0412376652834,10.0523394433774,19.6894746294142,0.762940074156084,0.93262919080614,0.00154521327987753,-76.2774642492361,1.54384518110369,NA,NA,NA,NA,NA,NA,NA,NA,NA,NA,NA,NA,NA,NA,NA,NA,NA,NA,NA,2052.3304038148,97.5623926054342,8323.42117655787,8323.42117655787,4985.90220065817,4985.90220065817,54,20,39.01784410797,24.4520049207321,0.28794954455006,0.172487759227437,34.0398311039955,NA,0.119142633541274,4.05559512303018,NA,NA,2.50629410244395,85.313827944132,NA,NA,560.282427749771,NA,NA,NA,NA,"c"
"388",2022,3,6,2,"c","25-35",25,35,439.73321858864,0.730439860063352,844.405594405595,88.3535533910887,3.60750190333716,24.4916165697255,-27.0118765656328,0.88284528325869,73.0439860063352,61.6787504214335,6.45369571750868,0.263506318545187,122.085223671619,71.7310898648109,26.1431703469229,1.02644639270127,0.672168534438311,0.00119242747001099,-333.510340906397,1.19269561284826,8.194,1.812,6.312,33.2614714897861,224.261524418564,1.7,11.8,NA,NA,NA,NA,0.711980351091889,0.0064315559830897,0.594150560892591,0.00587686650274786,-294.193593585172,6.4315559830897,-411.00162158993,5.87686650274786,4928.99747659948,208.552810755644,29716.8921787956,29716.8921787956,9409.073336,9409.073336,54,30,8.83535533910887,84.4405594405595,2.17064025645972,0.687276221087366,35.1926756237496,0.0393903968781732,0.171313862182813,6.02899318165148,0.00674812102211365,0.0454984051996882,4.04888139050288,142.490969415004,0.159487044884558,1.07532247398634,3191.07852062417,2728.84998169227,4182.16072100383,-462.228538931902,991.082200379661,"c"
"389",2022,3,6,2,"c","35-45",35,45,247.089947089947,1.3204837865657,883.847549909256,72.6871866829233,2.82252028776991,25.752582540462,-27.9233088558783,0.34497494191711,132.04837865657,116.7106359451,9.59822515058748,0.372709227725294,254.133602328189,188.44172580991,35.7413954975104,1.39915562042656,0.515459120439174,0.00100267874639787,-489.146551528017,1.00241215171412,8.272,1.065,6.989,38.798767702137,166.95334278397,1.7,4.8,NA,NA,NA,NA,0.555451050009274,0.00560501908849078,0.498489217734151,0.00541091188218458,-449.365549280739,5.60501908849078,-505.833436462249,5.41091188218458,4796.34176581307,194.031578316805,25697.9142899618,25697.9142899618,7605.623597,7605.623597,54,40,7.26871866829233,88.3847549909256,3.39336791684496,1.004310264656,29.0750529235502,0.0438975790634035,0.184275348393449,5.3578155070452,0.00808924167553766,0.0348084750703056,4.55517373809202,132.441917510992,0.199961099315434,0.860444182499907,5323.44724595474,4723.20150879777,5592.3602734077,-600.245737156971,268.913027452952,"c"
"390",2022,3,6,2,"c","45-55",45,55,222.499653211264,1.03586019532202,876.310272536686,68.2089566594188,2.6813603100125,25.4381913556037,-27.9103283409861,0.231745709922937,103.586019532202,90.773493007254,7.06549431679365,0.277751441445825,357.719621860391,279.215218817164,42.806889814304,1.67690706187239,0.495948774237376,0.00113100362754381,-509.348300282297,1.12871136153127,8.055,1.227,6.712,48.9583390462313,165.118827919375,2.1,4.8,NA,NA,NA,NA,0.507233564348154,0.00547506643247963,0.489080101120075,0.00534908216721226,-497.16491653665,5.47506643247963,-515.160961828271,5.34908216721226,5278.04807641093,216.954380952401,26521.2506364463,26521.2506364463,7975.082141,7975.082141,54,50,6.82089566594188,87.6310272536686,2.74723078644535,0.826107014428541,30.2646807502031,0.0558687266149578,0.166029232748592,5.02482172433729,0.00927584181452226,0.0312840704610739,4.03914532027332,122.243443621749,0.225661905656437,0.761076255729547,5633.40340966975,5452.66948044217,5745.43453250316,-180.733929227577,112.031122833418,"c"
"391",2022,3,6,2,"c","55-65",55,65,400.056476766863,0.78882529769874,741.665032542359,150.972243017137,5.8805534055862,25.6731352654193,-26.9125953697972,0.15032070579103,78.882529769874,58.5044140087972,11.9090724542239,0.463872929079488,436.602151630265,337.719632825962,54.715962268528,2.14077999095188,0.625779908308278,0.00125978063015289,-381.074674397173,1.25678729916462,8.0975316907828,3.19973831500432,4.81816309144919,50.0137667915127,237.05189647004,2.5328638402548,10.9139670814651,NA,NA,NA,NA,0.640153169806342,0.00550193220534353,0.587197004116127,0.00559469808830265,-365.397924755704,5.50193220534353,-417.894880529831,5.59469808830265,4775.98900786668,188.725409270747,34245.3751508796,34245.3751508796,11441.1550393509,11441.1550393509,54,60,15.0972243017137,74.1665032542359,2.70136182481976,0.902507252993341,46.173641264291,0.0674344408823888,0.155290355844777,7.17032118258082,0.0104719183208197,0.0496340959075878,3.92986315625555,181.456091594698,0.265008124686393,1.25606773028619,3765.52139727244,3583.10200503629,4276.72826123669,-182.419392236153,511.206863964247,"c"
"392",2022,3,6,2,"c","65-75",65,75,322.024975072682,0.926048570279812,840.35883899611,89.615247566844,3.57716230211819,25.0520496410742,-27.2280116289087,0.553831776012973,92.6048570279812,77.821310137435,8.29880718845472,0.331262603553539,529.207008658246,415.540942963397,63.0147694569827,2.47204259450542,0.442265001156872,0.000827573701864898,-561.570104187756,0.827573701864897,8.05859076364427,1.78473387356691,6.13041932559165,31.7882060693886,251.374679094182,1.84296955607132,8.50015737849985,NA,NA,NA,NA,0.390008773663047,0.00529671798950445,0.35422410987889,0.00502725560439116,-613.373191286507,5.29671798950445,-648.84754800369,5.02725560439116,4926.37497293264,200.478617847581,41099.1031925299,41099.1031925299,14516.6519417431,14516.6519417431,54,70,8.9615247566844,84.035883899611,3.80597657512248,1.34431247759009,48.9066114204579,0.0378269431988871,0.17058361241549,8.34266644710235,0.00645265661750171,0.0510262983380943,4.19176293221961,205.004920892744,0.158561578340272,1.25387276604878,6553.69113034546,7563.7606877534,8336.85214031837,1010.06955740793,1783.16100997291,"c"
"393",2022,3,6,2,"c","75-85",75,85,255.27192008879,1.10209177382172,905.204460966543,52.7822271277566,2.52470190643285,20.9063204623363,-27.3192061168587,0.567125879085645,110.209177382172,99.7618390057954,5.81708583214904,0.278245320243167,639.416186040418,515.302781969192,68.8318552891317,2.75028791474858,0.36005267783496,0.00074626292760248,-643.069522532468,0.74626292760248,8.034,0.488,7.414,27.7268644271605,261.16990446695,1.7,8.3,NA,NA,NA,NA,0.359229268504632,0.0051554550208479,0.306846495050242,0.00478021007588947,-643.88579166062,5.1554550208479,-695.814327375384,4.78021007588947,5139.98849190736,210.702707506329,43500.9331381195,43500.9331381195,15594.433335,15594.433335,54,80,5.27822271277566,90.5204460966543,4.79420205650902,1.71864966959147,48.0564723373887,0.0306304991002307,0.176110211606843,8.46323551241592,0.00539434367816484,0.0508113792235427,4.29612163830098,206.456450669068,0.13159234997646,1.2395185024336,8205.74911005984,8224.1409244897,9490.24783373616,18.3918144298586,1284.49872367632,"c"
"394",2022,3,6,2,"c","85-95",85,95,NA,NA,NA,NA,NA,NA,NA,NA,NA,NA,NA,NA,NA,NA,NA,NA,NA,NA,NA,NA,NA,NA,NA,NA,NA,NA,NA,NA,NA,NA,NA,NA,NA,NA,NA,NA,NA,NA,NA,NA,NA,NA,NA,NA,NA,54,90,NA,NA,NA,NA,NA,NA,NA,NA,NA,NA,NA,NA,NA,NA,NA,NA,NA,NA,NA,"c"
"395",2022,3,6,2,"c","95-105",95,105,NA,NA,NA,NA,NA,NA,NA,NA,NA,NA,NA,NA,NA,NA,NA,NA,NA,NA,NA,NA,NA,NA,NA,NA,NA,NA,NA,NA,NA,NA,NA,NA,NA,NA,NA,NA,NA,NA,NA,NA,NA,NA,NA,NA,NA,54,100,NA,NA,NA,NA,NA,NA,NA,NA,NA,NA,NA,NA,NA,NA,NA,NA,NA,NA,NA,"c"
"396",2022,3,6,2,"c","105-115",105,115,NA,NA,NA,NA,NA,NA,NA,NA,NA,NA,NA,NA,NA,NA,NA,NA,NA,NA,NA,NA,NA,NA,NA,NA,NA,NA,NA,NA,NA,NA,NA,NA,NA,NA,NA,NA,NA,NA,NA,NA,NA,NA,NA,NA,NA,54,110,NA,NA,NA,NA,NA,NA,NA,NA,NA,NA,NA,NA,NA,NA,NA,NA,NA,NA,NA,"c"
"397",2022,3,6,4,"c","0-5",0,5,842.171717171717,0.107632575757576,114.754098360659,445.012485848081,11.4149738136466,38.9849764978059,-27.5669761763545,-0.538986311681223,5.38162878787879,0.617563959264795,2.39489200480554,0.0614311516884029,5.38162878787879,0.617563959264795,2.39489200480554,0.0614311516884029,NA,NA,NA,NA,NA,NA,NA,NA,NA,NA,NA,NA,NA,NA,NA,NA,NA,NA,NA,NA,NA,NA,NA,323.707800077068,34.7506313318276,12019.0406171892,12019.0406171892,9111.085828,9111.085828,56,2.5,44.5012485848081,11.4754098360659,0.06468201498815,0.0490324817807993,104.737353949789,NA,0.354499021442605,37.1292894836878,NA,NA,3.30221621773983,345.865388816149,NA,NA,NA,NA,NA,NA,NA,"c"
"398",2022,3,6,4,"c","5-15",5,15,861.506120934834,0.123706887597378,162.962962962958,408.965857480812,11.4504018107299,35.7162887591928,-25.9728451524099,1.64545369314712,12.3706887597378,2.01596409417944,5.05918933625444,0.141649356974478,17.7523175476166,2.63352805344424,7.45408134105997,0.203080508662881,NA,NA,NA,NA,NA,NA,NA,NA,NA,NA,NA,NA,NA,NA,NA,NA,NA,NA,NA,NA,NA,NA,NA,612.345595455982,49.8093379583377,30936.7289503719,30936.7289503719,30227.691429,30227.691429,56,10,40.8965857480812,16.2962962962958,0.382708645089421,0.373937362593553,189.839018559106,NA,0.266129068572148,50.5216811877857,NA,NA,3.271735173418,621.102994306981,NA,NA,NA,NA,NA,NA,NA,"c"
"399",2022,3,6,4,"c","15-25",15,25,842.087119780799,0.0914783464432683,214.556902088993,398.30703833068,18.6179705506485,21.3936872038293,-26.2985421786436,1.03396142456593,9.14783464432683,1.96273106210913,3.64364692432061,0.170314116010279,26.9001521919435,4.59625911555336,11.0977282653806,0.37339462467316,NA,NA,NA,NA,NA,NA,NA,NA,NA,NA,NA,NA,NA,NA,NA,NA,NA,NA,NA,NA,NA,NA,NA,1046.92197929057,70.5192911479975,8177.1961584498,8177.1961584498,4822.68056480052,4822.68056480052,56,20,39.830703833068,21.4556902088993,0.0748036383117234,0.0441170843492039,38.1120163408125,NA,0.204940679757611,7.81070253581928,NA,NA,3.04252777638826,115.956868331085,NA,NA,NA,NA,NA,NA,NA,"c"
"400",2022,3,6,4,"c","25-35",25,35,748.934775483448,0.250296538020504,250,401.26557705109,20.6912307645995,19.3930260416221,-25.9759062856581,1.66126065883107,25.0296538020504,6.25741345051261,10.0435384762688,0.517894342776259,51.9298059939939,10.853672566066,21.1412667416494,0.891288967449419,NA,NA,NA,NA,NA,NA,NA,NA,NA,NA,NA,NA,NA,NA,NA,NA,NA,NA,NA,NA,NA,NA,NA,1867.80733771692,85.6692385848988,10103.4602692502,10103.4602692502,6972.845997,6972.845997,56,30,40.126557705109,25,0.252886112742103,0.174527921319923,40.4138410770008,NA,0.133846781170473,5.40926254289159,NA,NA,2.9182003263896,117.935684221561,NA,NA,NA,NA,NA,NA,NA,"c"
"401",2022,3,6,4,"c","35-45",35,45,710.610659149583,0.370931847298559,420.732719678449,308.631913661507,14.493637312523,21.2943036317625,-26.3490848972835,1.63970395804457,37.0931847298559,15.6063164929274,11.4481405869752,0.537615166240948,89.0229907238498,26.4599890589934,32.5894073286246,1.42890413369037,NA,NA,NA,NA,8.086,4.645,2.717,47.2971346885511,266.998125059793,3.47047327048448,12.9,NA,NA,NA,NA,NA,NA,NA,NA,NA,NA,NA,NA,3710.39863059446,144.382883389479,16385.6495607184,16385.6495607184,8051.39958449821,8051.39958449821,56,40,30.8631913661507,42.0732719678449,0.60779592607441,0.298652052121677,38.945508144081,0.112416107605557,0.113392861944605,4.41614262834427,0.0127471841700668,0.0719594177450998,2.91400690858559,113.487479790228,0.327581314198893,1.84923668783892,NA,NA,NA,NA,NA,"c"
"402",2022,3,6,4,"c","45-55",45,55,459.901935293722,1.07951284138414,767.939266135995,122.388921114828,4.20183451450763,29.1274967379741,-27.1563615163328,0.6413909700608,107.951284138414,82.9000299196921,13.2120411986608,0.45359343157821,196.974274862264,109.360018978685,45.8014485272854,1.88249756526858,NA,NA,NA,NA,8.07830690563284,2.48234917869644,5.35688889022749,44.3298765633499,249.631482149343,2.05793167003191,9.36256507899125,NA,NA,NA,NA,NA,NA,NA,NA,NA,NA,NA,NA,4703.69150595971,193.673448936294,38184.7763522422,38184.7763522422,13208.8960583181,13208.8960583181,56,50,12.2388921114828,76.7939266135995,4.12209564176269,1.42591729154627,49.7236930524139,0.057725758426708,0.163263102004669,8.1180443708651,0.00942448638631651,0.0530713976103775,3.9651241321602,197.160615262253,0.22888979778499,1.28892981211614,NA,NA,NA,NA,NA,"c"
"403",2022,3,6,4,"c","55-65",55,65,313.935127005532,1.2387865416607,860.763359667252,68.2422431599792,1.93390124768529,35.2873463635536,-27.5121211466254,0.360703195204396,123.87865416607,106.630206551044,8.45375723993192,0.239569083853337,320.852929028334,215.990225529729,54.2552057672173,2.12206664912191,NA,NA,NA,NA,8.08835792341195,0.796998449649432,7.1600564904398,41.3655891745531,253.523533708251,1.82335972310935,6.16970166772899,NA,NA,NA,NA,NA,NA,NA,NA,NA,NA,NA,NA,4900.55951134612,214.138551359403,46360.4811261779,46360.4811261779,16877.608116093,16877.608116093,56,60,6.82422431599792,86.0763359667252,5.74307400840241,2.09077537896394,53.8597288157103,0.0480568656994693,0.175645935463971,9.46024245167125,0.00844099313124972,0.0517335894240801,4.01965621884952,216.497593879619,0.193172079067288,1.18392289524153,NA,NA,NA,NA,NA,"c"
"404",2022,3,6,4,"c","65-75",65,75,321.416040611202,1.32584487249402,871.931140532376,66.2446299313385,1.82652393440035,36.2681422803729,-27.7496715612228,0.596202198475492,132.584487249402,115.604543184271,8.78301029247291,0.242168739291231,453.437416277736,331.594768714001,63.0382160596902,2.36423538841314,NA,NA,NA,NA,8.1390946577836,0.492507843630868,7.50393067688898,27.2156169032534,308.918855360072,1.894778,7.40788636792262,NA,NA,NA,NA,NA,NA,NA,NA,NA,NA,NA,NA,5046.10148861322,227.730777440156,44264.8419963156,44264.8419963156,15937.2247782576,15937.2247782576,56,70,6.62446299313385,87.1931140532376,5.8688313792573,2.11302877540375,50.7664423698513,0.0312130346516083,0.172793024971839,8.77208714414512,0.00539339467600222,0.0612193108000627,3.82878041489805,194.373560279737,0.119507855763612,1.35650902716147,NA,NA,NA,NA,NA,"c"
"405",2022,3,6,4,"c","75-85",75,85,495.164581669772,0.837730373674732,822.141560798547,101.486841641152,3.64611106837775,27.8342704700728,-27.5632035871604,0.92777470141415,83.7730373674732,68.8732956941294,8.5018609771111,0.305445798777167,537.210453645209,400.46806440813,71.5400770368013,2.66968118719031,0.37819676237806,0.000762777178388624,-625.082774598466,0.762777178388624,8.168,0.881,7.124,30.3096516887937,352.416757106633,2.1,12.8,NA,NA,NA,NA,NA,NA,NA,NA,NA,NA,NA,NA,4786.20167845192,192.239997691234,49947.9068316477,49947.9068316477,18487.405963,18487.405963,56,80,10.1486841641152,82.2141560798547,4.18428786543469,1.54874615056605,60.7534142698409,0.0368667065795262,0.171773279947632,10.4358132371478,0.00633271511003215,0.0736318234756503,4.27664154531997,259.820575486437,0.157665688997123,1.83321244974559,7810.81270977154,NA,NA,NA,NA,"c"
"406",2022,3,6,4,"c","85-95",85,95,NA,NA,NA,NA,NA,NA,NA,NA,NA,NA,NA,NA,NA,NA,NA,NA,NA,NA,NA,NA,NA,NA,NA,NA,NA,NA,NA,NA,NA,NA,NA,NA,NA,NA,NA,NA,NA,NA,NA,NA,NA,NA,NA,NA,NA,56,90,NA,NA,NA,NA,NA,NA,NA,NA,NA,NA,NA,NA,NA,NA,NA,NA,NA,NA,NA,"c"
"407",2022,3,6,4,"c","95-105",95,105,NA,NA,NA,NA,NA,NA,NA,NA,NA,NA,NA,NA,NA,NA,NA,NA,NA,NA,NA,NA,NA,NA,NA,NA,NA,NA,NA,NA,NA,NA,NA,NA,NA,NA,NA,NA,NA,NA,NA,NA,NA,NA,NA,NA,NA,56,100,NA,NA,NA,NA,NA,NA,NA,NA,NA,NA,NA,NA,NA,NA,NA,NA,NA,NA,NA,"c"
"408",2022,3,6,4,"c","105-115",105,115,NA,NA,NA,NA,NA,NA,NA,NA,NA,NA,NA,NA,NA,NA,NA,NA,NA,NA,NA,NA,NA,NA,NA,NA,NA,NA,NA,NA,NA,NA,NA,NA,NA,NA,NA,NA,NA,NA,NA,NA,NA,NA,NA,NA,NA,56,110,NA,NA,NA,NA,NA,NA,NA,NA,NA,NA,NA,NA,NA,NA,NA,NA,NA,NA,NA,"c"
"409",2022,1,1,1,"c","0-5",0,5,785.306283238133,0.0524047476052161,94.4123314065501,460.936144271196,13.123884937754,35.1219281834147,-27.7290912963726,-2.28742289233438,2.62023738026081,0.247382719909014,1.20776211513267,0.0343876938881449,2.62023738026081,0.247382719909014,1.20776211513267,0.0343876938881449,1.1306819639787,0.00158140806978536,120.877244112131,1.58140806978536,NA,NA,NA,NA,NA,NA,NA,NA,NA,NA,NA,NA,NA,NA,NA,NA,NA,NA,NA,389.962630149769,38.8712667706409,4973.50092786333,4973.50092786333,1246.600472,1246.600472,13,2.5,46.0936144271196,9.44123314065501,0.0130317530419493,0.00326638915498516,52.6785098277774,NA,0.24210609968009,12.7537885513625,NA,NA,2.42884627258556,127.948002240559,NA,NA,-986.620760693413,NA,NA,NA,NA,"c"
"410",2022,1,1,1,"c","5-15",5,15,787.234042553191,0.0993596911072679,170.068027210887,390.095583052046,13.6857285786851,28.5038228552627,-26.3474764230303,0.942248161859644,9.93596911072679,1.68979066508961,3.87597766343608,0.135980976415606,12.5562064909876,1.93717338499863,5.08373977856876,0.170368670303751,1.03841139926298,0.00135900770724409,29.4068045136364,1.35900770724409,NA,NA,NA,NA,NA,NA,NA,NA,NA,NA,NA,NA,NA,NA,NA,NA,NA,NA,NA,1614.39904338595,75.9475563482476,9990.89212688455,9990.89212688455,6847.193379,6847.193379,13,10,39.0095583052046,17.0068027210887,0.0992691955613284,0.068033501908917,58.7464457060802,NA,0.105344479673499,6.18861375557447,NA,NA,2.23928241260406,131.549882672625,NA,NA,-302.780194480819,NA,NA,NA,NA,"c"
"411",2022,1,1,1,"c","15-25",15,25,814.053554939544,0.0936486110495054,240.251858206203,368.178676184897,15.2000079362756,24.2222686809405,-25.8437086468665,1.58491979797142,9.36486110495054,2.24992528230737,3.44794216427612,0.142345963117367,21.9210675959381,4.18709866730599,8.53168194284488,0.312714633421118,0.958115550297069,NA,-50.1805828900095,NA,NA,NA,NA,NA,NA,NA,NA,NA,NA,NA,NA,NA,NA,NA,NA,NA,NA,NA,NA,1055.33805399907,75.4666583908575,NA,14835.5911690607,NA,12374.1615593269,13,20,36.8178676184897,24.0251858206203,NA,NA,NA,NA,0.227653932591362,NA,NA,NA,3.18354970696978,NA,NA,NA,343.707104306307,NA,NA,NA,NA,"c"
"412",2022,1,1,1,"c","25-35",25,35,762.110726643598,0.1882867059984,345.776031434185,339.696218374297,16.186683202612,20.9861535017552,-25.7097004149967,1.86437250484053,18.82867059984,6.5105029971942,6.39602819978097,0.304773726125945,40.7497381957782,10.6976016645002,14.9277101426258,0.617488359547063,0.871734966059488,0.00118847293688853,-135.824292345968,1.18847293688853,3.159,2.855,0.408,38.3816045627913,364.382599963119,2.34902042799456,22.1,NA,NA,NA,NA,0.893958725936445,0.00690053844739945,0.867940432582654,0.00687145415664332,-113.793246023234,6.90053844739944,-139.585921488116,6.87145415664332,3066.81007504107,151.090219533382,8992.23508455487,8992.23508455487,5732.456392,5732.456392,13,30,33.9696218374297,34.5776031434185,0.169311832363408,0.107934533132915,26.005952602491,0.111001345013982,0.112747781236357,2.93211345486872,0.0125151553645777,0.118814856820972,2.28854013517261,59.5156662841973,0.254031033122639,2.41168886436499,1102.68861891092,900.464539045847,1137.73140422831,-202.224079865077,35.042785317384,"c"
"413",2022,1,1,1,"c","35-45",35,45,663.740715732613,0.270062793638234,461.368653421633,284.120193220213,11.2065009302422,25.3531584023232,-25.735328172283,3.28728833496667,27.0062793638234,12.4598507440156,7.67302931100855,0.302645894813067,67.7560175596015,23.1574524085158,22.6007394536344,0.92013425436013,0.780238567697318,0.00121626391502008,-226.527278782131,1.21626391502007,3.207,2.606,0.737,44.360346907941,297.572277015528,2.14015964865127,14.6,NA,NA,NA,NA,0.818355913560485,0.00700857221320461,0.827083947984809,0.00719261087808907,-188.740467861725,7.00857221320461,-180.088118674491,7.19261087808907,3718.37328112684,194.191877635935,6972.12860834043,6972.12860834043,3477.540729,3477.540729,13,40,28.4120193220213,46.1368653421633,0.188291252957347,0.0939154364264481,15.1118385625752,0.0961494600444847,0.124078089675229,1.8750480603248,0.0119300413256245,0.0800275428305976,2.37583908780466,35.9032967455599,0.228435645444999,1.53236211853004,1993.43353347706,1610.27859070388,1525.05766011865,-383.154942773182,-468.375873358411,"c"
"414",2022,1,1,1,"c","45-55",45,55,466.019417475728,0.532055745330958,690.944881889765,177.062532949023,8.47173189274679,20.9003938262752,-25.9286451873735,1.06832996816231,53.2055745330958,36.762119411647,9.42071379383799,0.450743362643944,120.961592092697,59.9195718201628,32.0214532474724,1.37087761700407,0.783277964308978,0.00115933680464937,-223.514238328339,1.15933680464936,8.154,2.68,5.484,37.1,287.6,2,12.7,NA,NA,NA,NA,0.780001088106677,0.00667654681369093,0.654152150513453,0.00618117065598879,-226.762699066147,6.67654681369093,-351.520336348659,6.18117065598879,3267.11852917837,140.746198763638,20287.1035350671,20287.1035350671,5177.61192,5177.61192,13,50,17.7062532949023,69.0944881889765,1.07938699919564,0.275477816913005,29.3613920108663,0.0536945868945868,0.211484485707816,6.20947888908365,0.0113555720946953,0.0880286397421666,4.90915483302041,144.139619494351,0.263595040760595,2.04339443996623,1962.20200731589,1995.8788931489,3409.32817348413,33.676885833007,1447.12616616824,"c"
"415",2022,1,1,1,"c","55-65",55,65,233.749878911169,1.26973145627782,892.36111111111,51.1068675146845,1.9444972002179,26.2828187713295,-27.0724201196475,-0.041766806858559,126.973145627782,113.30589731368,6.48919973152178,0.246898926176081,247.934737720479,173.225469133843,38.5106529789942,1.61777654318015,0.594805508338773,0.001020058274214,-410.352353527025,1.020058274214,8.231,1.36,6.73,32.5603529780343,232.879993454651,1.71280276260921,10.8,NA,NA,NA,NA,0.703105108772952,0.00680392341521289,0.605791756678587,0.00626761767111241,-302.991874152302,6.80392341521289,-399.461372548669,6.26761767111241,4828.87976219108,218.057617442884,26847.8862840837,26847.8862840837,8121.654476,8121.654476,13,60,5.11068675146845,89.236111111111,3.40896057494709,1.03123201651968,30.0863472755491,0.036487866372272,0.18479671374261,5.55985810504041,0.00674283779707536,0.0482265048879542,4.09231799180254,123.122900263349,0.149319952037735,1.06797458481655,4173.31061543056,2829.61528304044,4026.29212910235,-1343.69533239012,-147.018486328208,"c"
"416",2022,1,1,1,"c","65-75",65,75,374.120956399437,0.774917542381691,809.145129224653,105.065342503853,4.008067382846,26.2134671072444,-26.5361360804114,0.317397704525825,77.4917542381691,62.7020754968884,8.14169770025762,0.310592172601524,325.426491958648,235.927544630731,46.6523506792518,1.92836871578168,0.607891784240372,0.00104142493913319,-397.379555396718,1.04142493913319,8.062,0.740000000000001,7.23300000000001,41.5052249526111,268.175338851473,1.97074991058523,10,NA,NA,NA,NA,0.592297230007423,0.00597877748817646,0.573464861883046,0.00598894425947665,-412.838881297944,5.97877748817646,-431.50794435532,5.98894425947665,4141.60717437979,178.341103785489,34969.8519022433,34969.8519022433,11766.251978,11766.251978,13,70,10.5065342503853,80.9145129224653,2.70987516935381,0.911787506583547,43.2182690585463,0.0512951551625635,0.195369839570993,8.44354629250421,0.0100215262348792,0.064751514945797,4.53706471503004,196.084083590205,0.232729438540058,1.50372142573502,3998.49322161059,4207.25717990247,4466.81884539549,208.763958291875,468.325623784901,"c"
"417",2022,1,1,1,"c","75-85",75,85,NA,NA,NA,NA,NA,NA,NA,NA,NA,NA,NA,NA,NA,NA,NA,NA,NA,NA,NA,NA,NA,NA,NA,NA,NA,NA,NA,NA,NA,NA,NA,NA,NA,NA,NA,NA,NA,NA,NA,NA,NA,NA,NA,NA,NA,13,80,NA,NA,NA,NA,NA,NA,NA,NA,NA,NA,NA,NA,NA,NA,NA,NA,NA,NA,NA,"c"
"418",2022,1,1,1,"c","85-95",85,95,NA,NA,NA,NA,NA,NA,NA,NA,NA,NA,NA,NA,NA,NA,NA,NA,NA,NA,NA,NA,NA,NA,NA,NA,NA,NA,NA,NA,NA,NA,NA,NA,NA,NA,NA,NA,NA,NA,NA,NA,NA,NA,NA,NA,NA,13,90,NA,NA,NA,NA,NA,NA,NA,NA,NA,NA,NA,NA,NA,NA,NA,NA,NA,NA,NA,"c"
"419",2022,1,1,1,"c","95-105",95,105,NA,NA,NA,NA,NA,NA,NA,NA,NA,NA,NA,NA,NA,NA,NA,NA,NA,NA,NA,NA,NA,NA,NA,NA,NA,NA,NA,NA,NA,NA,NA,NA,NA,NA,NA,NA,NA,NA,NA,NA,NA,NA,NA,NA,NA,13,100,NA,NA,NA,NA,NA,NA,NA,NA,NA,NA,NA,NA,NA,NA,NA,NA,NA,NA,NA,"c"
"420",2022,1,1,1,"c","105-115",105,115,NA,NA,NA,NA,NA,NA,NA,NA,NA,NA,NA,NA,NA,NA,NA,NA,NA,NA,NA,NA,NA,NA,NA,NA,NA,NA,NA,NA,NA,NA,NA,NA,NA,NA,NA,NA,NA,NA,NA,NA,NA,NA,NA,NA,NA,13,110,NA,NA,NA,NA,NA,NA,NA,NA,NA,NA,NA,NA,NA,NA,NA,NA,NA,NA,NA,"c"
"421",2022,2,3,1,"c","0-5",0,5,820.545277507303,0.0436385144313414,41.5019762845865,477.80933505305,8.55503787873725,55.8512237848298,-28.8058517067268,-2.94728184452511,2.18192572156707,0.090554229551206,1.04254447815711,0.0186664571965974,2.18192572156707,0.090554229551206,1.04254447815711,0.0186664571965974,NA,NA,NA,NA,NA,NA,NA,NA,NA,NA,NA,NA,NA,NA,NA,NA,NA,NA,NA,NA,NA,NA,NA,435.8413,36.38191,NA,6222.816,NA,2865.271,29,2.5,47.780933505305,4.15019762845865,NA,NA,NA,NA,0.0952226791829652,NA,NA,NA,1.14073110192913,NA,NA,NA,NA,NA,NA,NA,NA,"c"
"422",2022,2,3,1,"c","5-15",5,15,849.21147634429,0.0744913922726324,85.4166666666675,439.102491790305,9.24436657073813,47.499467749389,-26.7146505540999,-0.143409612794323,7.44913922726324,0.636280642328741,3.2709355963842,0.0688625736532864,9.63106494883031,0.726834871879947,4.31348007454131,0.0875290308498838,NA,NA,NA,NA,NA,NA,NA,NA,NA,NA,NA,NA,NA,NA,NA,NA,NA,NA,NA,NA,NA,NA,NA,889.747923666216,45.113510844999,7931.3242964101,7931.3242964101,4548.22953,4548.22953,29,10,43.9102491790305,8.54166666666675,0.0590815389405345,0.03388039500652,92.8545283482149,NA,0.0960009733034354,8.91412509706007,NA,NA,1.89337218644193,175.808181359694,NA,NA,NA,NA,NA,NA,NA,"c"
"423",2022,2,3,1,"c","15-25",15,25,852.574848978043,0.0756917667817528,88.7891336911004,429.16546240579,9.07758748707823,47.27748016934,-26.0832577373728,0.119189581319754,7.56917667817528,0.672060640010064,3.24842920912021,0.0687098635012882,17.2002416270056,1.39889551189001,7.56190928366152,0.156238894351172,NA,NA,NA,NA,NA,NA,NA,NA,NA,NA,NA,NA,NA,NA,NA,NA,NA,NA,NA,NA,NA,NA,NA,375.274108540201,31.6389386663621,NA,19695.116327129,NA,17679.398217555,29,20,42.916546240579,8.87891336911004,NA,NA,NA,NA,0.236598080364473,NA,NA,NA,2.80632465669587,NA,NA,NA,NA,NA,NA,NA,NA,"c"
"424",2022,2,3,1,"c","25-35",25,35,777.179218967922,0.151073146496203,226.141078838174,393.235285185902,17.0652298034997,23.0430700151051,-26.1408789722724,1.01326315994384,15.1073146496203,3.41638443321288,5.94072918463659,0.257809796209548,32.3075562766259,4.81527994510289,13.5026384682981,0.41404869056072,NA,NA,NA,NA,5.811,6.301,0.105,NA,365.97142213073,NA,20.9,NA,NA,NA,NA,NA,NA,NA,NA,NA,NA,NA,NA,1837.40794001075,87.0176387399338,9476.46728126473,9476.46728126473,6272.973824,6272.973824,29,30,39.3235285185902,22.6141078838174,0.143163972984898,0.0947677893479999,41.9051121978863,NA,0.123076141075591,5.15751950065552,NA,0.199178099844604,2.59879585464314,108.902831868222,NA,4.20571538633098,NA,NA,NA,NA,NA,"c"
"425",2022,2,3,1,"c","35-45",35,45,731.897895557288,0.210995497444872,272.200772200772,381.375858695966,16.6344030230239,22.9269339072823,-26.1683947378372,1.63776549910386,21.0995497444872,5.74331373353803,8.04685890190207,0.350978414054141,53.4071060211131,10.5585936786409,21.5494973702002,0.765027104614862,NA,NA,NA,NA,3.97,4.591,0.0600000000000001,NA,374.490496814006,NA,22,NA,NA,NA,NA,NA,NA,NA,NA,NA,NA,NA,NA,2505.3809788322,128.572879881468,7155.11618248228,7155.11618248228,3681.798055,3681.798055,29,40,38.1375858695966,27.2200772200772,0.15096972981987,0.0776842812106287,26.2861715072753,NA,0.108646459161532,2.85589945917822,NA,0.14947447113954,2.11709321943878,55.6502754630574,NA,2.91267098597504,NA,NA,NA,NA,NA,"c"
"426",2022,2,3,1,"c","45-55",45,55,681.256384065373,0.3048971503628,428.315412186378,311.072943295057,11.9720845689753,25.9831896026844,-26.4553278971241,2.66988879101592,30.48971503628,13.0592148632095,9.48452539656317,0.365025446898302,83.8968210573931,23.6178085418504,31.0340227667633,1.13005255151316,NA,NA,NA,NA,5.199,4.37,1.05,58.3807994082095,339.604491138756,3.5,16.2,NA,NA,NA,NA,NA,NA,NA,NA,NA,NA,NA,NA,3276.6744139755,149.440079483514,6518.10243047248,6518.10243047248,2970.740344,2970.740344,29,50,31.1072943295057,42.8315412186378,0.19873508568239,0.0905770265353404,15.2179964694714,0.1363032889949,0.130716500351561,1.9892432408517,0.0178170889238207,0.10364303810299,2.86613479908935,43.6168292535708,0.390663599818615,2.27251278447172,NA,NA,NA,NA,NA,"c"
"427",2022,2,3,1,"c","55-65",55,65,433.371140516698,0.61078245242914,781.588447653429,120.122644286657,4.51489813767718,26.605837080625,-26.7691070317851,1.10074171437903,61.078245242914,47.7380508848046,7.33688032696773,0.275762055699823,144.975066300307,71.355859426655,38.3709030937311,1.40581460721299,NA,NA,NA,NA,10.292,4.819,5.341,33.3158252583162,234.992500279696,2.1,11.2,NA,NA,NA,NA,NA,NA,NA,NA,NA,NA,NA,NA,4394.05570735559,206.761230130073,21941.9410799129,21941.9410799129,5920.19285,5920.19285,29,60,12.0122644286657,78.1588447653429,1.34017525838449,0.361594990777646,28.0735227673713,0.0426257902843122,0.177874041593296,4.99355095639374,0.00758202159397887,0.0534796361107397,3.78014992057134,106.122124859236,0.161131877757534,1.13654044393073,NA,NA,NA,NA,NA,"c"
"428",2022,2,3,1,"c","65-75",65,75,547.929908950352,0.415829010599412,445.297504798466,323.914262852679,12.8993689651973,25.1108611379832,-27.2649444087884,1.08435159466137,41.5829010599412,18.5167620842733,13.4692947441067,0.536393183415474,186.557967360248,89.8726215109283,51.8401978378378,1.94220779062846,NA,NA,NA,NA,5.601,5.089,0.56,48.3950149841223,335.925517032288,3.1,18.3,NA,NA,NA,NA,NA,NA,NA,NA,NA,NA,NA,NA,4049.08409330361,150.779050266835,10482.88222663,10482.88222663,7396.370462,7396.370462,29,70,32.3914262852679,44.5297504798466,0.435908654452971,0.307562541124018,23.5413001727337,0.108680184511757,0.109974871980283,2.58895147274581,0.011952089378474,0.0829633342483163,2.95331151118421,69.5247927883771,0.320966439956196,2.2279323051697,NA,NA,NA,NA,NA,"c"
"429",2022,2,3,1,"c","75-85",75,85,529.142857142857,0.837677526128483,548.872180451128,256.557472681011,10.1847709717407,25.1903035809909,-27.2216291770733,0.951133009718474,83.7677526128483,45.9777890281047,21.4912429025205,0.85315537517929,270.325719973097,135.850410539033,73.3314407403583,2.79536316580775,NA,NA,NA,NA,3.801,2.366,1.315,33.9860450263978,298.905812773252,2.5,16.3,NA,NA,NA,NA,NA,NA,NA,NA,NA,NA,NA,NA,4324.83813570823,158.45455884165,10873.6151464708,10873.6151464708,7832.520631,7832.520631,29,80,25.6557472681011,54.8872180451128,0.910858303596886,0.656112650552639,19.8108330750769,0.061919780664533,0.126911612233378,2.51422476524434,0.00785833919327302,0.0691137571844186,3.46390905041513,68.6229239850224,0.214484488643595,1.88638190632281,NA,NA,NA,NA,NA,"c"
"430",2022,2,3,1,"c","85-95",85,95,NA,NA,NA,NA,NA,NA,NA,NA,NA,NA,NA,NA,NA,NA,NA,NA,NA,NA,NA,NA,NA,NA,NA,NA,NA,NA,NA,NA,NA,NA,NA,NA,NA,NA,NA,NA,NA,NA,NA,NA,NA,NA,NA,NA,NA,29,90,NA,NA,NA,NA,NA,NA,NA,NA,NA,NA,NA,NA,NA,NA,NA,NA,NA,NA,NA,"c"
"431",2022,2,3,1,"c","95-105",95,105,NA,NA,NA,NA,NA,NA,NA,NA,NA,NA,NA,NA,NA,NA,NA,NA,NA,NA,NA,NA,NA,NA,NA,NA,NA,NA,NA,NA,NA,NA,NA,NA,NA,NA,NA,NA,NA,NA,NA,NA,NA,NA,NA,NA,NA,29,100,NA,NA,NA,NA,NA,NA,NA,NA,NA,NA,NA,NA,NA,NA,NA,NA,NA,NA,NA,"c"
"432",2022,2,3,1,"c","105-115",105,115,NA,NA,NA,NA,NA,NA,NA,NA,NA,NA,NA,NA,NA,NA,NA,NA,NA,NA,NA,NA,NA,NA,NA,NA,NA,NA,NA,NA,NA,NA,NA,NA,NA,NA,NA,NA,NA,NA,NA,NA,NA,NA,NA,NA,NA,29,110,NA,NA,NA,NA,NA,NA,NA,NA,NA,NA,NA,NA,NA,NA,NA,NA,NA,NA,NA,"c"
"433",2022,1,2,5,"w","0-5",0,5,832.455258395335,0.0329957323229651,37.1024734982346,481.277120746581,12.0549002698738,39.9237745623936,-29.2143421044324,-2.2381583853001,1.64978661614825,0.0612111642033828,0.794004552466077,0.0198880131242398,1.64978661614825,0.0612111642033828,0.794004552466077,0.0198880131242398,NA,NA,NA,NA,NA,NA,NA,NA,NA,NA,NA,NA,NA,NA,NA,NA,NA,NA,NA,NA,NA,NA,NA,976.783673516089,22.0586970054139,6513.26251509314,6513.26251509314,2965.337856,2965.337856,25,2.5,48.1277120746581,3.71024734982346,0.0107454933248608,0.00489217470718656,175.547932549647,NA,0.0379843301072778,6.66807061961592,NA,NA,1.68198844605955,295.269594278147,NA,NA,NA,NA,NA,NA,NA,"w"
"434",2022,1,2,5,"w","5-15",5,15,875.551200391964,0.0565390546429769,107.20887245841,439.045969873408,12.5521887399132,34.9776424630502,-27.7876022125703,-1.18579778641876,5.65390546429769,0.606148829813798,2.48232440814514,0.0709688885054911,7.30369208044594,0.667359994017181,3.27632896061121,0.0908569016297309,NA,NA,NA,NA,NA,NA,NA,NA,NA,NA,NA,NA,NA,NA,NA,NA,NA,NA,NA,NA,NA,NA,NA,1036.56011444139,29.8567874125046,21973.0418861654,21973.0418861654,20222.100834,20222.100834,25,10,43.9045969873408,10.720887245841,0.124233501587433,0.114333846404931,204.955442420957,NA,0.103427549415391,21.1980391489468,NA,NA,3.59077053325264,735.947963274932,NA,NA,NA,NA,NA,NA,NA,"w"
"435",2022,1,2,5,"w","15-25",15,25,861.690001602346,0.0882502010805234,135.748346707931,438.599830148177,14.5768955025601,30.0886996185948,-26.5139678659648,0.257969476678932,8.82502010805234,1.19798188933235,3.870652320446,0.128641395923071,16.1287121884983,1.86534188334953,7.14698128105722,0.219498297552802,NA,NA,NA,NA,NA,NA,NA,NA,NA,NA,NA,NA,NA,NA,NA,NA,NA,NA,NA,NA,NA,NA,NA,1137.02589448841,49.3572510353722,14645.8891366895,14645.8891366895,12043.2688295859,12043.2688295859,25,20,43.8599830148177,13.5748346707931,0.12925026613159,0.106282089587776,107.890000076397,NA,0.119388966747331,12.8808756314905,NA,NA,2.75032226998716,296.732269919032,NA,NA,NA,NA,NA,NA,NA,"w"
"436",2022,1,2,5,"w","25-35",25,35,826.914514692787,0.173366457030781,198.874296435272,411.065884690855,17.6350464926038,23.3096002816469,-26.3240449845972,0.84982893785931,17.3366457030781,3.44781321674724,7.12650360350772,0.305732552999583,33.4653578915764,5.31315510009677,14.2734848845649,0.525230850552385,NA,NA,NA,NA,NA,NA,NA,NA,NA,NA,NA,NA,NA,NA,NA,NA,NA,NA,NA,NA,NA,NA,NA,1562.00859202,90.2047663791075,9083.32777366618,9083.32777366618,5834.137335,5834.137335,25,30,41.1065884690855,19.8874296435272,0.15747443541698,0.101144371959995,45.67371418268,NA,0.127319591871186,5.81515864898,NA,NA,2.20469831493664,100.696760695452,NA,NA,NA,NA,NA,NA,NA,"w"
"437",2022,1,2,5,"w","35-45",35,45,270.498237744313,1.1023981183656,893.577981651376,50.6117856598139,2.1587946659824,23.4444648476015,-26.8752493222894,1.0236607528557,110.23981183656,98.5078685585411,5.57943372785021,0.23798511777167,143.705169728137,103.821023658638,19.8529186124151,0.763215968324054,NA,NA,NA,NA,10.402,0.721,9.009,26.3772045948965,331.250589647191,1.9,15.1,NA,NA,NA,NA,NA,NA,NA,NA,NA,NA,NA,NA,5529.26561112683,215.728562629642,23367.9133368151,23367.9133368151,6560.074274,6560.074274,25,40,5.06117856598139,89.3577981651376,2.57607436926354,0.723181353599618,26.1509502434584,0.0295186375856645,0.161608800245223,4.22622369411783,0.00477047160509278,0.0599086050379997,4.14214033950363,108.320905919781,0.122270339510769,1.53549713403447,NA,NA,NA,NA,NA,"w"
"438",2022,1,2,5,"w","45-55",45,55,476.004084411164,0.661525306771503,613.935969868174,210.180635440853,8.76666580896497,23.9749797723461,-26.9020837933815,1.22581158288206,66.1525306771503,40.6134180805105,13.903980933744,0.57993712886388,209.857700405287,144.434441739148,33.7568995461591,1.34315309718793,NA,NA,NA,NA,10.095,2.801,7.128,69.6,386.392344822376,3.9,17.9,NA,NA,NA,NA,NA,NA,NA,NA,NA,NA,NA,NA,4090.54161097152,179.170888496279,10824.0193837646,10824.0193837646,7777.160053,7777.160053,25,50,21.0180635440853,61.3935969868174,0.716036274334557,0.51447881898719,17.6305346404264,0.113366871165644,0.150086719133108,2.6461091007442,0.0170148617516373,0.0944599472563748,3.42653862477734,60.4117079208958,0.388455962819236,2.15655761974078,NA,NA,NA,NA,NA,"w"
"439",2022,1,2,5,"w","55-65",55,65,354.912692207454,0.911457801162939,826.315789473681,97.8293138261091,2.80782747678579,34.8416398923831,-27.3817313653619,0.821826228098333,91.1457801162939,75.31519725399,8.91672912692245,0.255921625803606,301.003480521581,219.749638993138,42.6736286730816,1.59907472299154,NA,NA,NA,NA,10.202,1.033,8.96299999999999,28.7,388.453471515911,1.4,10.2,NA,NA,NA,NA,NA,NA,NA,NA,NA,NA,NA,NA,4988.36706216769,199.830641920627,30478.8009024025,30478.8009024025,9750.967252,9750.967252,25,60,9.78293138261091,82.6315789473681,2.77801408525868,0.888759517071975,36.8851730666019,0.0347324840764333,0.165648553760317,6.10997557368161,0.00575338575576442,0.077871870027766,4.13508049382084,152.523159658911,0.143621617406402,1.94391344481696,NA,NA,NA,NA,NA,"w"
"440",2022,1,2,5,"w","65-75",65,75,262.138111058377,1.19799519386387,888.671875,49.8097136849431,1.77484715341633,28.0642271584157,-26.6849192873714,1.49151976213525,119.799519386387,106.462463517199,5.96717976022973,0.212625835963573,420.802999907968,326.212102510338,48.6408084333113,1.81170055895511,NA,NA,NA,NA,10.357,0.616,9.923,34,400.876002232437,1.7,12.1,NA,NA,NA,NA,NA,NA,NA,NA,NA,NA,NA,NA,4934.7560447305,218.057617442884,43361.4072935732,43361.4072935732,15531.823424,15531.823424,25,70,4.98097136849431,88.8671875,5.19467575368745,1.86070498138943,48.793495679801,0.0382593406593407,0.180084256839597,8.78694040810305,0.00688990492981033,0.0812352218830566,4.07539936197262,198.852981161875,0.15592209251257,1.83839485606339,NA,NA,NA,NA,NA,"w"
"441",2022,1,2,5,"w","75-85",75,85,270.842824601367,1.75480218518841,888.461538461538,51.7039750514329,1.96359170069884,26.3313269418645,-27.0948856135443,2.70309721248027,175.480218518841,155.907424914816,9.07302484031814,0.344571500720414,596.283218426809,482.119527425154,57.7138332736294,2.15627205967553,NA,NA,NA,NA,10.264,0.244,9.676,10.7760269588794,406.329545864612,0.7,10.5,NA,NA,NA,NA,NA,NA,NA,NA,NA,NA,NA,NA,5184.33572582943,242.573983898067,42345.1825573842,42345.1825573842,15075.809411,15075.809411,25,80,5.17039750514329,88.8461538461538,7.43074188838999,2.64550632979068,47.6612444368827,0.0121288615121586,0.171374229110017,8.16790902379485,0.00207857429162834,0.0783763952323138,3.66264149264614,174.566051465677,0.0444236714329911,1.67507471054834,NA,NA,NA,NA,NA,"w"
"442",2022,1,2,5,"w","85-95",85,95,NA,NA,NA,NA,NA,NA,NA,NA,NA,NA,NA,NA,NA,NA,NA,NA,NA,NA,NA,NA,NA,NA,NA,NA,NA,NA,NA,NA,NA,NA,NA,NA,NA,NA,NA,NA,NA,NA,NA,NA,NA,NA,NA,NA,NA,25,90,NA,NA,NA,NA,NA,NA,NA,NA,NA,NA,NA,NA,NA,NA,NA,NA,NA,NA,NA,"w"
"443",2022,1,2,5,"w","95-105",95,105,NA,NA,NA,NA,NA,NA,NA,NA,NA,NA,NA,NA,NA,NA,NA,NA,NA,NA,NA,NA,NA,NA,NA,NA,NA,NA,NA,NA,NA,NA,NA,NA,NA,NA,NA,NA,NA,NA,NA,NA,NA,NA,NA,NA,NA,25,100,NA,NA,NA,NA,NA,NA,NA,NA,NA,NA,NA,NA,NA,NA,NA,NA,NA,NA,NA,"w"
"444",2022,1,2,5,"w","105-115",105,115,NA,NA,NA,NA,NA,NA,NA,NA,NA,NA,NA,NA,NA,NA,NA,NA,NA,NA,NA,NA,NA,NA,NA,NA,NA,NA,NA,NA,NA,NA,NA,NA,NA,NA,NA,NA,NA,NA,NA,NA,NA,NA,NA,NA,NA,25,110,NA,NA,NA,NA,NA,NA,NA,NA,NA,NA,NA,NA,NA,NA,NA,NA,NA,NA,NA,"w"
"445",2022,1,1,5,"w","0-5",0,5,871.968190854871,0.0950417149278244,52.1042084168333,446.41594011623,7.85252383523529,56.8499949166795,-27.1230748024829,-1.24119801304411,4.75208574639122,0.247603666144631,2.12140682598817,0.0373158665906189,4.75208574639122,0.247603666144631,2.12140682598817,0.0373158665906189,NA,NA,NA,NA,NA,NA,NA,NA,NA,NA,NA,NA,NA,NA,NA,NA,NA,NA,NA,NA,NA,NA,NA,402.241316182767,23.1807922393242,5988.60632902018,5988.60632902018,2379.69771,2379.69771,17,2.5,44.641594011623,5.21042084168333,0.028458370776885,0.0113085275684108,114.935175314657,NA,0.129534700490982,14.8880935102627,NA,NA,2.24773199633976,258.343471059675,NA,NA,NA,NA,NA,NA,NA,"w"
"446",2022,1,1,5,"w","5-15",5,15,860.439074701636,0.0767231569972952,106.235565819864,422.242582807687,9.62120009600893,43.8866855063998,-26.0796724109753,-1.02901579086896,7.67231569972952,0.815072799509392,3.23957839716976,0.0738168845468485,12.4244014461207,1.06267646565402,5.36098522315793,0.111132751137467,NA,NA,NA,NA,NA,NA,NA,NA,NA,NA,NA,NA,NA,NA,NA,NA,NA,NA,NA,NA,NA,NA,NA,358.739089540795,31.459780603805,21821.827955391,21821.827955391,20053.310394,20053.310394,17,10,42.2242582807687,10.6235565819864,0.167423953218943,0.153855328167435,205.409815319219,NA,0.296136018954196,60.8292449627502,NA,NA,3.37686925276952,693.642089568536,NA,NA,NA,NA,NA,NA,NA,"w"
"447",2022,1,1,5,"w","15-25",15,25,893.707033315706,0.0452992895408456,82.2429906542065,455.133149620042,10.8406098888647,41.9840907740391,-26.4809094253466,-0.388412485018595,4.52992895408456,0.372554904634996,2.06172083242753,0.0491071926155036,16.9543304002053,1.43523137028902,7.42270605558546,0.160239943752971,NA,NA,NA,NA,NA,NA,NA,NA,NA,NA,NA,NA,NA,NA,NA,NA,NA,NA,NA,NA,NA,NA,NA,159.661633663397,27.5560207144029,20999.015601039,20999.015601039,19134.857586,19134.857586,17,20,45.5133149620042,8.22429906542065,0.09512404877842,0.086679545411106,255.328939694449,NA,0.515108036709642,131.521988841162,NA,NA,2.98457427894224,762.048186081646,NA,NA,NA,NA,NA,NA,NA,"w"
"448",2022,1,1,5,"w","25-35",25,35,870.240174672489,0.0957664552313501,165.966386554623,403.620812880368,14.596714186175,27.6514842814865,-25.4111414651337,0.84272989001436,9.57664552313501,1.58940125278923,3.86533345071489,0.139787557563514,26.5309759233403,3.02463262307824,11.2880395063004,0.300027501316485,NA,NA,NA,NA,NA,NA,NA,NA,NA,NA,NA,NA,NA,NA,NA,NA,NA,NA,NA,NA,NA,NA,NA,976.293360649859,52.9870362257979,16798.1094360569,16798.1094360569,14445.654704,14445.654704,17,30,40.3620812880368,16.5966386554623,0.160869539527946,0.138340914449816,101.213925209659,NA,0.169996430626292,17.2060060153184,NA,NA,3.13220739215111,317.023004730323,NA,NA,NA,NA,NA,NA,NA,"w"
"449",2022,1,1,5,"w","35-45",35,45,451.5,0.66319197765784,829.076620825148,79.385139579612,3.48572658010865,22.7743449622883,-26.4413785781163,1.2342975880655,66.319197765784,54.983696379491,5.26475877144465,0.231170590423676,92.8501736891243,58.0083290025692,16.552798277745,0.53119809174016,NA,NA,NA,NA,8.078,0.554,7.425,33.0094999048238,360.666425026491,2.49905647074505,18.9,NA,NA,NA,NA,NA,NA,NA,NA,NA,NA,NA,NA,4693.42822484831,198.793411032139,28705.3651425153,28705.3651425153,8955.167338,8955.167338,17,40,7.9385139579612,82.9076620825148,1.90371678782551,0.593899513714511,34.6232958709485,0.0398147759515528,0.176646276688708,6.11607630229459,0.00703313192903694,0.0768449857434749,4.17054376460752,144.397970704746,0.166049265583994,1.81427756158468,NA,NA,NA,NA,NA,"w"
"450",2022,1,1,5,"w","45-55",45,55,284.815700088061,1.22454601824667,878.557874762803,64.2452387493531,1.99043466366006,32.2769895050046,-27.753102921219,1.25132155080736,122.454601824667,107.583454734005,7.86712513018271,0.243737884196508,215.304775513791,165.591783736574,24.4199234079277,0.774935975936668,NA,NA,NA,NA,8.188,0.552,7.568,32.4950190400507,373.357572213342,4.24282039664799,10.6,NA,NA,NA,NA,NA,NA,NA,NA,NA,NA,NA,NA,5101.41025830496,199.557190140935,32574.0332632955,32574.0332632955,10691.168059,10691.168059,17,50,6.42452387493531,87.8557874762803,3.98884027308031,1.30918272770544,37.0767074076821,0.0369867711319802,0.172218627845611,6.38529967478421,0.00636981097278927,0.073187129305181,4.40253680732993,163.231569056923,0.162835621292831,1.87093019274155,NA,NA,NA,NA,NA,"w"
"451",2022,1,1,5,"w","55-65",55,65,300.613685179503,1.09876519358652,874.999999999997,65.9186417710187,2.14819878530613,30.6855409387194,-27.6610665680564,1.99833182324393,109.876519358652,96.1419544388206,7.24291091864941,0.236036605419923,325.181294872444,261.733738175395,31.6628343265771,1.01097258135659,NA,NA,NA,NA,8.191,0.834,7.236,38.1641863493467,408.161049988122,2.2,13.9,NA,NA,NA,NA,NA,NA,NA,NA,NA,NA,NA,NA,4848.28363306736,238.802235212654,36695.7120180989,36695.7120180989,12540.70311,12540.70311,17,60,6.59186417710187,87.4999999999997,4.03199711193616,1.37792880803702,41.9379565921132,0.0436162129706821,0.180476239886653,7.56880471427425,0.00787169011504416,0.0841867103657653,3.66411980700602,153.665697414521,0.159815029852469,1.70920112881127,NA,NA,NA,NA,NA,"w"
"452",2022,1,1,5,"w","65-75",65,75,220.889315419066,1.16724164592911,952.662721893493,14.9904177193914,1.28667002957336,11.650553269172,-26.5543517546072,2.37867992444569,116.724164592911,111.198760351826,1.74974398519473,0.150185484308686,441.905459465355,372.932498527221,33.4125783117719,1.16115806566528,NA,NA,NA,NA,8.004,0.0310000000000002,7.88,11.6841542646921,463.246258745634,1.1,14,NA,NA,NA,NA,NA,NA,NA,NA,NA,NA,NA,NA,4735.32389443923,230.023490147356,39049.7419141417,39049.7419141417,13597.035023,13597.035023,17,70,1.49904177193914,95.2662721893493,4.55804850249697,1.58710255400023,40.990101760807,0.0122647333585898,0.201182166865549,8.2464774922785,0.00246744563310928,0.0978277873008078,4.14158884939623,169.764148388175,0.0507954829187536,2.01390848581974,NA,NA,NA,NA,NA,"w"
"453",2022,1,1,5,"w","75-85",75,85,NA,NA,NA,NA,NA,NA,NA,NA,NA,NA,NA,NA,NA,NA,NA,NA,NA,NA,NA,NA,NA,NA,NA,NA,NA,NA,NA,NA,NA,NA,NA,NA,NA,NA,NA,NA,NA,NA,NA,NA,NA,NA,NA,NA,NA,17,80,NA,NA,NA,NA,NA,NA,NA,NA,NA,NA,NA,NA,NA,NA,NA,NA,NA,NA,NA,"w"
"454",2022,1,1,5,"w","85-95",85,95,NA,NA,NA,NA,NA,NA,NA,NA,NA,NA,NA,NA,NA,NA,NA,NA,NA,NA,NA,NA,NA,NA,NA,NA,NA,NA,NA,NA,NA,NA,NA,NA,NA,NA,NA,NA,NA,NA,NA,NA,NA,NA,NA,NA,NA,17,90,NA,NA,NA,NA,NA,NA,NA,NA,NA,NA,NA,NA,NA,NA,NA,NA,NA,NA,NA,"w"
"455",2022,1,1,5,"w","95-105",95,105,NA,NA,NA,NA,NA,NA,NA,NA,NA,NA,NA,NA,NA,NA,NA,NA,NA,NA,NA,NA,NA,NA,NA,NA,NA,NA,NA,NA,NA,NA,NA,NA,NA,NA,NA,NA,NA,NA,NA,NA,NA,NA,NA,NA,NA,17,100,NA,NA,NA,NA,NA,NA,NA,NA,NA,NA,NA,NA,NA,NA,NA,NA,NA,NA,NA,"w"
"456",2022,1,1,5,"w","105-115",105,115,NA,NA,NA,NA,NA,NA,NA,NA,NA,NA,NA,NA,NA,NA,NA,NA,NA,NA,NA,NA,NA,NA,NA,NA,NA,NA,NA,NA,NA,NA,NA,NA,NA,NA,NA,NA,NA,NA,NA,NA,NA,NA,NA,NA,NA,17,110,NA,NA,NA,NA,NA,NA,NA,NA,NA,NA,NA,NA,NA,NA,NA,NA,NA,NA,NA,"w"
"457",2022,1,2,1,"c","0-5",0,5,825.628548256285,0.0540987429034874,68.8172043010753,464.272292964135,9.69802811547784,47.8728549181216,-28.1474874891645,-1.05998377949068,2.70493714517437,0.186146212141032,1.25582737071397,0.0262325564845014,2.70493714517437,0.186146212141032,1.25582737071397,0.0262325564845014,NA,NA,NA,NA,NA,NA,NA,NA,NA,NA,NA,NA,NA,NA,NA,NA,NA,NA,NA,NA,NA,NA,NA,664.277030521626,27.0374052701586,4738.44749608059,4738.44749608059,984.225359,984.225359,21,2.5,46.4272292964135,6.88172043010753,0.0128172026426069,0.00266226773278168,68.855565177421,NA,0.103597145677363,7.13324001638248,NA,NA,2.54525919234674,175.255260212061,NA,NA,NA,NA,NA,NA,NA,"c"
"458",2022,1,2,1,"c","5-15",5,15,796.668299853013,0.0616766046055855,176.369863013698,418.959184945268,13.1838665884671,31.7781723695354,-26.9570302978677,1.07014842313827,6.16766046055855,1.08778943054371,2.58399799957476,0.0813136126749677,8.87259760573292,1.27393564268475,3.83982537028873,0.107546169159469,NA,NA,NA,NA,NA,NA,NA,NA,NA,NA,NA,NA,NA,NA,NA,NA,NA,NA,NA,NA,NA,NA,NA,1692.8491019825,71.5346103863148,8867.57718118986,8867.57718118986,5593.308747,5593.308747,21,10,41.8959184945268,17.6369863013698,0.054692205161376,0.0344976292025682,50.2783016875233,NA,0.104185224074107,5.23825612738018,NA,NA,2.46551790890077,123.962053239704,NA,NA,NA,NA,NA,NA,NA,"c"
"459",2022,1,2,1,"c","15-25",15,25,808.121969649584,0.0883425125201639,204.802899645899,399.876824270903,14.7076477787817,27.1883601161426,-26.3100288799885,0.845090598649893,8.83425125201639,1.80928027261337,3.53261233546757,0.129931055803919,17.7068488577493,3.08321591529812,7.3724377057563,0.237477224963388,NA,NA,NA,NA,NA,NA,NA,NA,NA,NA,NA,NA,NA,NA,NA,NA,NA,NA,NA,NA,NA,NA,NA,1488.92067838604,67.4045455757879,NA,14071.6828206396,NA,11541.9177994359,21,20,39.9876824270903,20.4802899645899,NA,NA,NA,NA,0.137551249451315,NA,NA,NA,3.03841377308336,NA,NA,NA,NA,NA,NA,NA,NA,"c"
"460",2022,1,2,1,"c","25-35",25,35,766.966475878986,0.189532063091698,260.038240917781,401.073601327003,17.7872957005807,22.5483180849076,-26.118711844844,1.6830299769958,18.9532063091698,4.9285584283883,7.60163071111241,0.337126285095315,36.6600551669192,8.01177434368643,14.9740684168687,0.574603510058703,NA,NA,NA,NA,8.286,3.343,4.938,44.6537373718802,354.622308508522,2.18085017726621,20.1,NA,NA,NA,NA,NA,NA,NA,NA,NA,NA,NA,NA,2262.79086412419,102.085774738157,5942.40318655566,5942.40318655566,2328.124097,2328.124097,21,30,40.1073601327003,26.0038240917781,0.112627593567057,0.0441254163237906,22.8520357835928,0.171719887099216,0.114919255261546,2.62613893346068,0.0197339215390386,0.156718994287516,2.54725246083268,58.2099043847932,0.437413904987389,3.47376810743812,NA,NA,NA,NA,NA,"c"
"461",2022,1,2,1,"c","35-45",35,45,584.057742628277,0.417742703059209,640.860268377978,185.464039615254,8.12969276460011,22.8131671128875,-26.5609697458495,2.07094309293269,41.7742703059209,26.7714700795466,7.74762492291565,0.339611983052494,78.43432547284,34.7832444232331,22.7216933397844,0.914215493111197,NA,NA,NA,NA,8.286,3.343,4.938,44.6537373718802,354.622308508522,2.18085017726621,20.1,NA,NA,NA,NA,NA,NA,NA,NA,NA,NA,NA,NA,4131.06580902918,178.472980277195,19130.6643029743,19130.6643029743,4821.44386850071,4821.44386850071,21,40,18.5464039615254,64.0860268377978,0.79916954172428,0.201412299427574,29.8515374519849,0.0696778058731884,0.155131943668693,4.6309270264252,0.0108092534556776,0.0858428127030637,3.59079714689936,107.190815513147,0.250198866531653,1.98698037068547,NA,NA,NA,NA,NA,"c"
"462",2022,1,2,1,"c","45-55",45,55,216.580091169299,1.24056162907992,910.091743119267,38.4383147657883,1.42265846877184,27.0186524802201,-28.0147939157448,0.438466626750744,124.056162907992,112.902489545622,4.7685098384933,0.176489550764393,202.490488380832,147.685733968855,27.4902031782777,1.09070504387559,NA,NA,NA,NA,8.151,0.423,7.644,33.9575621822434,223.029719706951,1.33231238690565,5,NA,NA,NA,NA,NA,NA,NA,NA,NA,NA,NA,NA,5001.65767049908,201.886244954177,21746.7828281287,21746.7828281287,5832.618818,5832.618818,21,50,3.84383147657883,91.0091743119267,2.69782243325106,0.723572310266028,23.8951545188107,0.0373122407042795,0.181958023334383,4.34791508351245,0.0067892615647274,0.0445911604511503,4.50794328918166,107.718001457032,0.168201465087188,1.10472964494224,NA,NA,NA,NA,NA,"c"
"463",2022,1,2,1,"c","55-65",55,65,356.0184449038,0.845077765762217,822.097378277154,99.2140585168193,2.93858434995627,33.7625355277945,-27.8564177085615,0.81503681227569,84.5077765762217,69.4736215673433,8.38435949035955,0.248333229696486,286.998264957053,217.159355536198,35.8745626686372,1.33903827357208,NA,NA,NA,NA,8.239,3.168,4.952,45.6,245.861909564277,1.9,9,NA,NA,NA,NA,NA,NA,NA,NA,NA,NA,NA,NA,5146.58163512984,225.129646228033,35313.0999470801,35313.0999470801,11920.278851,11920.278851,21,60,9.92140585168193,82.2097378277154,2.98423156054163,1.00735626186657,42.9548869515735,0.0554678815489749,0.159736585671863,6.86146697956521,0.00886025001308458,0.0477718856893396,3.65166201809092,156.85672917245,0.202549956276358,1.09209032965496,NA,NA,NA,NA,NA,"c"
"464",2022,1,2,1,"c","65-75",65,75,404.351087771943,0.7395984833445,774.451097804392,129.13828192517,4.33180670037739,29.8116446225357,-27.561106978385,0.743778853162809,73.95984833445,57.2782857360611,9.55104774535699,0.320379766574066,360.958113291503,274.437641272259,45.4256104139942,1.65941804014614,NA,NA,NA,NA,8.048,4.53,3.466,56.4,263.60555049568,2.5,10.1,NA,NA,NA,NA,NA,NA,NA,NA,NA,NA,NA,NA,4872.56976822863,213.493801533535,31415.106538551,31415.106538551,10171.118893,10171.118893,21,70,12.913828192517,77.4451097804392,2.32345651500182,0.752254410717939,40.5643514840568,0.0728257731958762,0.15894099718267,6.44733847494433,0.0115750010123516,0.0540999027278189,3.62751092650689,147.147628235082,0.264176287999354,1.234722266418,NA,NA,NA,NA,NA,"c"
"465",2022,1,2,1,"c","75-85",75,85,NA,NA,NA,NA,NA,NA,NA,NA,NA,NA,NA,NA,NA,NA,NA,NA,NA,NA,NA,NA,NA,NA,NA,NA,NA,NA,NA,NA,NA,NA,NA,NA,NA,NA,NA,NA,NA,NA,NA,NA,NA,NA,NA,NA,NA,21,80,NA,NA,NA,NA,NA,NA,NA,NA,NA,NA,NA,NA,NA,NA,NA,NA,NA,NA,NA,"c"
"466",2022,1,2,1,"c","85-95",85,95,NA,NA,NA,NA,NA,NA,NA,NA,NA,NA,NA,NA,NA,NA,NA,NA,NA,NA,NA,NA,NA,NA,NA,NA,NA,NA,NA,NA,NA,NA,NA,NA,NA,NA,NA,NA,NA,NA,NA,NA,NA,NA,NA,NA,NA,21,90,NA,NA,NA,NA,NA,NA,NA,NA,NA,NA,NA,NA,NA,NA,NA,NA,NA,NA,NA,"c"
"467",2022,1,2,1,"c","95-105",95,105,NA,NA,NA,NA,NA,NA,NA,NA,NA,NA,NA,NA,NA,NA,NA,NA,NA,NA,NA,NA,NA,NA,NA,NA,NA,NA,NA,NA,NA,NA,NA,NA,NA,NA,NA,NA,NA,NA,NA,NA,NA,NA,NA,NA,NA,21,100,NA,NA,NA,NA,NA,NA,NA,NA,NA,NA,NA,NA,NA,NA,NA,NA,NA,NA,NA,"c"
"468",2022,1,2,1,"c","105-115",105,115,NA,NA,NA,NA,NA,NA,NA,NA,NA,NA,NA,NA,NA,NA,NA,NA,NA,NA,NA,NA,NA,NA,NA,NA,NA,NA,NA,NA,NA,NA,NA,NA,NA,NA,NA,NA,NA,NA,NA,NA,NA,NA,NA,NA,NA,21,110,NA,NA,NA,NA,NA,NA,NA,NA,NA,NA,NA,NA,NA,NA,NA,NA,NA,NA,NA,"c"
"469",2022,1,1,3,"c","0-5",0,5,799.017418490398,0.0176060741402412,114.13043478261,426.885803144276,14.0690698328717,30.342148288075,-27.8817670633436,-0.953386036858648,0.880303707012059,0.100469444822029,0.375789154978726,0.0123850543280885,0.880303707012059,0.100469444822029,0.375789154978726,0.0123850543280885,1.11428768052755,0.009029115978221,104.625123852559,9.02911597822099,NA,NA,NA,NA,NA,NA,NA,NA,NA,NA,NA,NA,NA,NA,NA,NA,NA,NA,NA,417.837438204289,26.2170499310814,4445.43206665065,4445.43206665065,657.150975,657.150975,15,2.5,42.6885803144276,11.413043478261,0.00391333032754285,0.00057849243935909,38.95045239351,NA,0.27314554500693,10.6391425472918,NA,NA,4.35329051447942,169.562634939349,NA,NA,-869.293900241542,NA,NA,NA,NA,"c"
"470",2022,1,1,3,"c","5-15",5,15,865.410497981157,0.0244966352624495,61.8955512572534,453.030755358934,10.4874881058418,43.1972604676029,-27.2799516994314,-1.00375472517141,2.44966352624495,0.151623274351719,1.10977291766998,0.0256908170948083,3.32996723325701,0.252092719173748,1.48556207264871,0.0380758714228968,1.3668138879972,0.0095811769182434,354.961547809171,9.5811769182434,NA,NA,NA,NA,NA,NA,NA,NA,NA,NA,NA,NA,NA,NA,NA,NA,NA,NA,NA,1174.5954,63.1189,NA,15352.804,NA,13020.101,15,10,45.3030755358934,6.18955512572534,NA,NA,NA,NA,0.0526952099908219,NA,NA,NA,0.980618345016364,NA,NA,NA,-2510.17113659334,NA,NA,NA,NA,"c"
"471",2022,1,1,3,"c","15-25",15,25,854.550306912197,0.0477431345076061,136.363636363635,421.325529150674,16.3674969834454,25.7415980938818,-26.4125038011928,-0.180032186767268,4.77431345076061,0.651042743285531,2.01154014097289,0.0781435610033469,8.10428068401762,0.90313546245928,3.4971022136216,0.116219432426244,1.11835842633573,0.00990426996788568,108.660570148081,9.90426996788567,NA,NA,NA,NA,NA,NA,NA,NA,NA,NA,NA,NA,NA,NA,NA,NA,NA,NA,NA,1057.19498357756,58.0128913491103,16461.8121943016,16461.8121943016,14070.267601,14070.267601,15,20,42.1325529150674,13.6363636363635,0.0785938513831492,0.0671758678632555,120.719956091546,NA,0.128986268835838,15.5712167102748,NA,NA,2.35057472903781,283.761278079343,NA,NA,-898.5867982181,NA,NA,NA,NA,"c"
"472",2022,1,1,3,"c","25-35",25,35,774.340670235971,0.206889414866293,363.315696649029,335.391562171982,16.0965628508692,20.8362223214549,-25.8366892583705,1.62434455353237,20.6889414866293,7.51661718914572,6.93889640488533,0.333020846957484,28.7932221706469,8.419752651605,10.4359986185069,0.449240279383727,0.932755303222021,0.00903761256028635,-75.3330936424368,9.03761256028635,3.085,3.072,0.307,38.6122825580057,326.640922791217,2.57206051188234,21.3,NA,NA,NA,NA,0.916880324914867,0.00656958968964953,0.841860609159711,0.00630957702220371,-91.070411917727,6.56958968964952,-165.439593463546,6.30957702220372,2417.47935732495,96.8524734371474,11095.5426475252,11095.5426475252,8080.244107,8080.244107,15,30,33.5391562171982,36.3315696649029,0.229555032597049,0.167171697527404,30.5396732094505,0.106277496166938,0.15028699026868,4.58971557043735,0.0159721250322203,0.135116323455461,3.75122785981097,114.561272972813,0.398671104492372,3.37256149687485,559.196259143182,697.090264029144,1382.8072533344,137.894004885962,823.610994191216,"c"
"473",2022,1,1,3,"c","35-45",35,45,278.825522303783,1.00453975277784,929.01878914405,37.6386139897568,2.00208605925932,18.7996983524681,-27.2348978766916,0.942527449585101,100.453975277784,93.3236304772733,3.78094839921708,0.201117503500832,129.247197448431,101.743383128878,14.216947017724,0.650357782884559,0.597226708443216,0.00694814254211405,-407.952148883305,6.94814254211405,8.27099999999999,0.231,7.984,25.6123498805688,296.661205064784,1.6,11.2,NA,NA,NA,NA,0.727233482867335,0.00687486142396575,0.634807730133473,0.00634020119383755,-279.072729493222,6.87486142396575,-370.697011395424,6.34020119383755,5368.56817726761,235.398232024069,23678.003103358,23678.003103358,6699.221919,6699.221919,15,40,3.76386139897568,92.901878914405,2.37854953837202,0.672963473031615,25.487108958446,0.0275692485231291,0.173047777073567,4.41048754929087,0.00477079717251621,0.0552589061494927,3.94658354549179,100.58700483756,0.108804342582955,1.26025247731874,4140.67806253126,2558.57230294505,3650.46119777428,-1582.10575958621,-490.216864756978,"c"
"474",2022,1,1,3,"c","45-55",45,55,196.56741108354,1.47182108221803,925.724637681162,42.1435918373372,2.2105794160693,19.0645002531843,-27.4977885213745,0.772421109240047,147.182108221803,136.250103806778,6.20278269465844,0.325357738848801,276.429305670233,237.993486935656,20.4197297123824,0.97571552173336,0.556284355180941,0.00656478571631775,-448.539470123135,6.56478571631775,8.122,0.176,7.858,24.2370639116342,311.063204726215,1.4,8.6,NA,NA,NA,NA,0.576922239163641,0.00537711736166417,0.558986025558431,0.00402017674831989,-428.08054775611,5.37711736166417,-445.861227307122,4.02017674831989,5255.6605995827,234.615594171846,23880.2370058013,23880.2370058013,6789.97103200001,6789.97103200001,15,50,4.21435918373372,92.5724637681162,3.51474362735015,0.999362251254733,25.7962638497109,0.0261817207029786,0.176138588126232,4.54371749341984,0.00461161131933798,0.0591863189854599,3.94570804617151,101.784525832968,0.103305426040358,1.32584198345475,4711.15917990122,4418.53388933166,4672.24025769393,-292.625290569556,-38.9189222072955,"c"
"475",2022,1,1,3,"c","55-65",55,65,222.830141755782,1.23139345228947,886.214442013128,58.8926075945724,2.79751456160023,21.0517608747977,-27.148440351449,0.82970536782044,123.139345228947,109.127866121933,7.25199713802095,0.344484111383896,399.56865089918,347.121353057589,27.6717268504034,1.32019963311726,0.599209447176337,0.00686515570604554,-405.986603488776,6.86515570604554,8.199,0.56,7.468,40.3898260864838,264.220912109157,2.1,8.9,NA,NA,NA,NA,0.619110629078007,0.00623769453490656,0.575389703465104,0.00613873254660585,-386.257994883379,6.23769453490656,-429.599794056136,6.13873254660585,5199.7023397008,229.071123604289,24674.1981774582,24674.1981774582,7146.247953,7146.247953,15,60,5.88926075945724,88.6214442013128,3.03836460762148,0.879984293776123,27.8422433755516,0.0455756803000571,0.170435610370751,4.74530974380314,0.00776771889000244,0.0508146226163324,3.86873049762495,107.714136069293,0.176320024326836,1.15344486878926,4114.05339936152,3851.59295296401,4439.9011355945,-262.460446397507,325.847736232983,"c"
"476",2022,1,1,3,"c","65-75",65,75,242.169080498484,1.03293526304816,867.272727272727,72.235425398761,3.25862595439191,22.1674492285325,-26.8716721764831,1.25445453291553,103.293526304816,89.5836582679946,7.46145181356646,0.336594965737535,502.862177203996,436.705011325584,35.1331786639699,1.65679459885479,0.618720757200421,0.00724022769850005,-386.644485983111,7.24022769850004,8.297,0.798,7.406,42.3,334.339049380741,1.9,12.7,NA,NA,NA,NA,0.657053067360375,0.00632164635857083,0.615893335578142,0.006334643917684,-348.64457483095,6.32164635857082,-389.447389590746,6.334643917684,5008.45945749441,209.674905989554,26731.399955373,26731.399955373,8069.383166,8069.383166,15,70,7.2235425398761,86.7272727272727,2.76118056445488,0.833515042320861,30.8223689212896,0.0487735849056604,0.17316157485811,5.33724994326818,0.00844571077373989,0.0667548678826685,4.13627335698405,127.489743368263,0.201740879769882,1.59455919535454,3856.65315895156,3373.78361839152,3893.44638483748,-482.869540560037,36.7932258859241,"c"
"477",2022,1,1,3,"c","75-85",75,85,NA,NA,NA,NA,NA,NA,NA,NA,NA,NA,NA,NA,NA,NA,NA,NA,NA,NA,NA,NA,NA,NA,NA,NA,NA,NA,NA,NA,NA,NA,NA,NA,NA,NA,NA,NA,NA,NA,NA,NA,NA,NA,NA,NA,NA,15,80,NA,NA,NA,NA,NA,NA,NA,NA,NA,NA,NA,NA,NA,NA,NA,NA,NA,NA,NA,"c"
"478",2022,1,1,3,"c","85-95",85,95,NA,NA,NA,NA,NA,NA,NA,NA,NA,NA,NA,NA,NA,NA,NA,NA,NA,NA,NA,NA,NA,NA,NA,NA,NA,NA,NA,NA,NA,NA,NA,NA,NA,NA,NA,NA,NA,NA,NA,NA,NA,NA,NA,NA,NA,15,90,NA,NA,NA,NA,NA,NA,NA,NA,NA,NA,NA,NA,NA,NA,NA,NA,NA,NA,NA,"c"
"479",2022,1,1,3,"c","95-105",95,105,NA,NA,NA,NA,NA,NA,NA,NA,NA,NA,NA,NA,NA,NA,NA,NA,NA,NA,NA,NA,NA,NA,NA,NA,NA,NA,NA,NA,NA,NA,NA,NA,NA,NA,NA,NA,NA,NA,NA,NA,NA,NA,NA,NA,NA,15,100,NA,NA,NA,NA,NA,NA,NA,NA,NA,NA,NA,NA,NA,NA,NA,NA,NA,NA,NA,"c"
"480",2022,1,1,3,"c","105-115",105,115,NA,NA,NA,NA,NA,NA,NA,NA,NA,NA,NA,NA,NA,NA,NA,NA,NA,NA,NA,NA,NA,NA,NA,NA,NA,NA,NA,NA,NA,NA,NA,NA,NA,NA,NA,NA,NA,NA,NA,NA,NA,NA,NA,NA,NA,15,110,NA,NA,NA,NA,NA,NA,NA,NA,NA,NA,NA,NA,NA,NA,NA,NA,NA,NA,NA,"c"
"481",2022,2,3,3,"c","0-5",0,5,720.57942057942,0.0322339580419581,85.9813084112138,455.203980659294,15.7345292289983,28.9302573997807,-28.5085733775176,-3.19448079414875,1.6116979020979,0.138575894385986,0.733651300655199,0.0253593077488747,1.6116979020979,0.138575894385986,0.733651300655199,0.0253593077488747,NA,NA,NA,NA,NA,NA,NA,NA,NA,NA,NA,NA,NA,NA,NA,NA,NA,NA,NA,NA,NA,NA,NA,435.8413,36.38191,NA,6222.816,NA,2865.271,31,2.5,45.5203980659294,8.59813084112138,NA,NA,NA,NA,0.197276642693599,NA,NA,NA,2.36329836479761,NA,NA,NA,NA,NA,NA,NA,NA,"c"
"482",2022,2,3,3,"c","5-15",5,15,872.488246561031,0.066162023506878,127.134724857685,430.453544002842,12.8917602841304,33.3898191182414,-27.0295493637549,-1.45974150376894,6.6162023506878,0.841149065457463,2.8479677496935,0.0852944946963672,8.2279002527857,0.979724959843449,3.5816190503487,0.110653802445242,NA,NA,NA,NA,NA,NA,NA,NA,NA,NA,NA,NA,NA,NA,NA,NA,NA,NA,NA,NA,NA,NA,NA,761.244223959787,43.9065512656669,16935.7863106943,16935.7863106943,14599.334594,14599.334594,31,10,43.0453544002842,12.7134724857685,0.112050589199562,0.0965921518593005,133.211334115461,NA,0.167009115939645,22.2475071437638,NA,NA,2.89557528871777,385.723447241856,NA,NA,NA,NA,NA,NA,NA,"c"
"483",2022,2,3,3,"c","15-25",15,25,872.073598837913,0.107705074930396,185.328185328185,395.834868322303,13.2682363634434,29.8332692815832,-26.2394745807849,0.25921813056179,10.7705074930396,1.99607860874865,4.2633424152717,0.142905639171888,18.9984077458253,2.9758035685921,7.8449614656204,0.25355944161713,NA,NA,NA,NA,NA,NA,NA,NA,NA,NA,NA,NA,NA,NA,NA,NA,NA,NA,NA,NA,NA,NA,NA,548.615355034926,48.7909658132763,40988.0466117995,40988.0466117995,41447.3345,41447.3345,31,20,39.5834868322303,18.5328185328185,0.441462063157443,0.446408826798769,221.164668176169,NA,0.337810787881405,74.711810808121,NA,NA,3.79841190349538,840.074508232965,NA,NA,NA,NA,NA,NA,NA,"c"
"484",2022,2,3,3,"c","25-35",25,35,764.719007111978,0.223771029690433,246.575342465756,405.55549512483,19.1531257678372,21.174376445951,-26.0483553389853,1.19273985894996,22.3771029690433,5.51764182798333,9.07515707406965,0.42859146748593,41.3755107148686,8.49344539657543,16.92011853969,0.68215090910306,NA,NA,NA,NA,NA,NA,NA,NA,NA,NA,NA,NA,NA,NA,NA,NA,NA,NA,NA,NA,NA,NA,NA,2635.29302400546,106.385568239528,7640.64192011192,7640.64192011192,4223.759384,4223.759384,31,30,40.555549512483,24.6575342465756,0.170975430995933,0.0945154986522309,30.9870477871202,NA,0.0935665750334582,2.89935193183894,NA,NA,2.31775180173489,71.820285839043,NA,NA,NA,NA,NA,NA,NA,"c"
"485",2022,2,3,3,"c","35-45",35,45,316.350822239624,0.955278623169908,806.324110671936,105.053619270941,4.46433086110408,23.5317727425248,-27.3652766521702,1.53871424059819,95.5278623169908,77.0264186271387,10.0355476776161,0.426467983837044,136.903373031859,85.5198640237142,26.9556662173061,1.1086188929401,NA,NA,NA,NA,8.155,1.685,6.354,40.4,291.855117339513,1.9,11.6,NA,NA,NA,NA,NA,NA,NA,NA,NA,NA,NA,NA,5303.00187164536,227.986745857233,20732.9942442817,20732.9942442817,5377.69798799999,5377.69798799999,31,40,10.5053619270941,80.6324110671936,1.98057861958671,0.513719992980022,25.7129781558984,0.0501039215686275,0.152050504636492,3.90967130431144,0.007618326558777,0.055035831478777,3.53671485436641,90.939471793965,0.177203283673775,1.28014072152368,NA,NA,NA,NA,NA,"c"
"486",2022,2,3,3,"c","45-55",45,55,322.09316249551,1.05206278086667,781.007751937985,124.280495723809,5.24328610399002,23.7027873854213,-27.6360339498567,0.894850168610174,105.206278086667,82.16691873823,13.0750883938679,0.551626615944329,242.109651118526,167.686782761944,40.030754611174,1.66024550888443,NA,NA,NA,NA,8.12100000000001,1.89,6.124,48.5,314.396544738783,2.3,13.2,NA,NA,NA,NA,NA,NA,NA,NA,NA,NA,NA,NA,5008.10476308055,219.245718278789,21222.1370507093,21222.1370507093,5597.192718,5597.192718,31,50,12.4280495723809,78.1007751937985,2.23270205215028,0.588859813594576,27.1727610872605,0.0620992555831265,0.155948764829268,4.23755852855907,0.0096843022050056,0.0627775495146379,3.56224859518063,96.7961300102728,0.221212985962755,1.43399172037194,NA,NA,NA,NA,NA,"c"
"487",2022,2,3,3,"c","55-65",55,65,333.23438883934,1.86470331951903,816.764132553607,104.303650439078,4.85354309105618,21.4902079743111,-27.4704124483829,1.21191937827779,186.470331951903,152.302278923679,19.4495363211702,0.905041791332113,428.579983070429,319.989061685624,59.4802909323442,2.56528730021655,NA,NA,NA,NA,8.032,1.819,6.115,42.2,365.26929822658,2.1,16.2,NA,NA,NA,NA,NA,NA,NA,NA,NA,NA,NA,NA,5217.08236598031,212.645158079317,24569.9258685102,24569.9258685102,7099.457482,7099.457482,31,60,10.4303650439078,81.6764132553607,4.58156223273475,1.32383819334696,30.0820333425912,0.0516673031026253,0.15655572890311,4.70951465683701,0.00808881229768939,0.070014094584444,3.84097216193821,115.54425264339,0.198452672899607,1.71774096116655,NA,NA,NA,NA,NA,"c"
"488",2022,2,3,3,"c","65-75",65,75,350.117955439056,0.641043171606424,843.866171003719,84.9054011539408,3.5921158399359,23.6365988563041,-27.1408025637143,1.56828990015989,64.1043171606424,54.0954646671593,5.4428027642238,0.230270133081019,492.684300231072,374.084526352783,64.923093696568,2.79555743329757,NA,NA,NA,NA,8.088,1.128,8.84200000000001,50.648199591633,294.27590223055,3.1,10.8,NA,NA,NA,NA,NA,NA,NA,NA,NA,NA,NA,NA,4812.37603975761,198.274795587895,49161.1127702941,49161.1127702941,18134.345164,18134.345164,31,70,8.49054011539408,84.3866171003719,3.15143956499704,1.16248981389362,58.257001476692,0.0600192321151949,0.1753533315003,10.2155592921559,0.0105245723054893,0.0611498145197673,4.25604358083745,247.944337173713,0.255444467570669,1.48418209867778,NA,NA,NA,NA,NA,"c"
"489",2022,2,3,3,"c","75-85",75,85,NA,NA,NA,NA,NA,NA,NA,NA,NA,NA,NA,NA,NA,NA,NA,NA,NA,NA,NA,NA,NA,NA,NA,NA,NA,NA,NA,NA,NA,NA,NA,NA,NA,NA,NA,NA,NA,NA,NA,NA,NA,NA,NA,NA,NA,31,80,NA,NA,NA,NA,NA,NA,NA,NA,NA,NA,NA,NA,NA,NA,NA,NA,NA,NA,NA,"c"
"490",2022,2,3,3,"c","85-95",85,95,NA,NA,NA,NA,NA,NA,NA,NA,NA,NA,NA,NA,NA,NA,NA,NA,NA,NA,NA,NA,NA,NA,NA,NA,NA,NA,NA,NA,NA,NA,NA,NA,NA,NA,NA,NA,NA,NA,NA,NA,NA,NA,NA,NA,NA,31,90,NA,NA,NA,NA,NA,NA,NA,NA,NA,NA,NA,NA,NA,NA,NA,NA,NA,NA,NA,"c"
"491",2022,2,3,3,"c","95-105",95,105,NA,NA,NA,NA,NA,NA,NA,NA,NA,NA,NA,NA,NA,NA,NA,NA,NA,NA,NA,NA,NA,NA,NA,NA,NA,NA,NA,NA,NA,NA,NA,NA,NA,NA,NA,NA,NA,NA,NA,NA,NA,NA,NA,NA,NA,31,100,NA,NA,NA,NA,NA,NA,NA,NA,NA,NA,NA,NA,NA,NA,NA,NA,NA,NA,NA,"c"
"492",2022,2,3,3,"c","105-115",105,115,NA,NA,NA,NA,NA,NA,NA,NA,NA,NA,NA,NA,NA,NA,NA,NA,NA,NA,NA,NA,NA,NA,NA,NA,NA,NA,NA,NA,NA,NA,NA,NA,NA,NA,NA,NA,NA,NA,NA,NA,NA,NA,NA,NA,NA,31,110,NA,NA,NA,NA,NA,NA,NA,NA,NA,NA,NA,NA,NA,NA,NA,NA,NA,NA,NA,"c"
"493",2022,2,4,1,"c","0-5",0,5,713.855421686747,0.0749901119630035,87.6565295169969,476.471841211253,10.5476927162565,45.1730870465059,-27.3927799110522,-1.65424105150523,3.74950559815018,0.328668648138396,1.78653383598251,0.0395486328871717,3.74950559815018,0.328668648138396,1.78653383598251,0.0395486328871717,1.12388984804662,0.00996010014101488,114.144026080735,9.96010014101488,NA,NA,NA,NA,NA,NA,NA,NA,NA,NA,NA,NA,NA,NA,NA,NA,NA,NA,NA,410.993922454376,39.0032779746304,4948.1849616457,4948.1849616457,2710.82608867723,2710.82608867723,37,2.5,47.6471841211253,8.76565295169969,0.0185532472143731,0.0101642575951068,56.4497019093852,NA,0.213279381343474,12.0395575002572,NA,NA,2.24741442434692,126.865874321236,NA,NA,-938.220233326784,NA,NA,NA,NA,"c"
"494",2022,2,4,1,"c","5-15",5,15,811.560448867246,0.0879089540332395,68.0628272251304,432.8151,7.24762000000001,59.7182385389962,-25.8001,0.154468,8.79089540332395,0.598333194990631,3.8048322730792,0.0637130693430388,12.5404010014741,0.927001843129027,5.59136610906171,0.10326170223021,1.02698579197947,0.00884545161669039,18.0802744970183,8.84545161669039,NA,NA,NA,NA,NA,NA,NA,NA,NA,NA,NA,NA,NA,NA,NA,NA,NA,NA,NA,42.7585277281609,33.3645136899384,9798.66927222259,9798.66927222259,8114.91959702895,8114.91959702895,37,10,43.28151,6.80628272251304,0.0861390766638732,0.0713374093838652,143.965063922656,NA,1.59179538776084,229.162924750778,NA,NA,2.03997660081753,293.685361737418,NA,NA,-213.903498071169,NA,NA,NA,NA,"c"
"495",2022,2,4,1,"c","15-25",15,25,771.930601173105,0.173745752340679,234.658388167733,387.311537315084,15.8071768565773,24.5022587416631,-25.8633480033505,1.16229757414598,17.3745752340679,4.07708981952537,6.72937344410343,0.274642983532818,29.914976235542,5.0040916626544,12.3207395531651,0.377904685763029,0.969488850581807,0.00853399326818704,-38.9180816029651,8.53399326818703,NA,NA,NA,NA,NA,NA,NA,NA,NA,NA,NA,NA,NA,NA,NA,NA,NA,NA,NA,1703.75056049394,92.7657809472406,15924.120501127,15924.120501127,17296.5487494362,17296.5487494362,37,20,38.7311537315084,23.4658388167733,0.276674829683194,0.300520187536802,67.8608620193219,NA,0.137730483328324,9.3465093249979,NA,NA,2.52957918072389,171.659423750053,NA,NA,248.912984362127,NA,NA,NA,NA,"c"
"496",2022,2,4,1,"c","25-35",25,35,674.220963172805,0.267708421416734,326.732673267325,355.816572091331,17.7492850398735,20.046811535901,-26.0532952525134,1.42266019083767,26.7708421416734,8.74690881856653,9.52550928284839,0.475163307930019,56.6858183772155,13.7510004812209,21.8462488360135,0.853067993693048,0.825828226976982,0.00889010156310474,-181.332950685142,8.89010156310474,NA,NA,NA,NA,NA,NA,NA,NA,NA,NA,NA,NA,NA,NA,NA,NA,NA,NA,NA,2782.03218946013,138.681166358374,5647.14160855188,5647.14160855188,3836.01353337074,3836.01353337074,37,30,35.5816572091331,32.6732673267325,0.151178736554218,0.102693312755191,17.2836758322346,NA,0.117443886704535,2.02986206627887,NA,NA,2.3559988846863,40.7203209840244,NA,NA,1537.26303793518,NA,NA,NA,NA,"c"
"497",2022,2,4,1,"c","35-45",35,45,650.799843932891,0.300262134082424,460.652591170826,293.323417150853,13.8438804804539,21.1879478131146,-26.7241397274807,0.559728328406242,30.0262134082424,13.8316530095551,8.80739152100641,0.41567930970431,86.7120317854579,27.582653490776,30.6536403570199,1.26874730339736,0.76366627850242,0.00793603533843525,-242.955861206885,7.93603533843525,5.163,4.335,0.429,26.6541864490745,310.252668205486,1.7090905853117,18.2,NA,NA,NA,NA,0.757329391005329,0.00686377128400179,0.673078922235241,0.00633326739465796,-249.237798321186,6.8637712840018,-332.757688315602,6.33326739465796,3347.96799116285,146.139799383778,6962.86324547335,6962.86324547335,6392.60005658784,6392.60005658784,37,40,29.3323417150853,46.0652591170826,0.20906841774099,0.191945573532649,15.115215628715,0.0578617964165325,0.137591695137691,2.07972814072662,0.00796130265266267,0.0926689469625801,3.15213646873228,47.6452224160248,0.182388278630915,2.12298545306423,2165.89275288134,2232.82852767286,3180.20595401512,66.9357747915251,1014.31320113379,"c"
"498",2022,2,4,1,"c","45-55",45,55,383.455915735948,0.743175307674547,833.333333333333,91.5519073391225,4.15962749194094,22.0096408912816,-27.5304233152554,0.841914340196433,74.3175307674547,61.9312756395455,6.8039116904944,0.309133244113471,161.029562552913,89.5139291303215,37.4575520475143,1.57788054751083,0.492667159535699,0.00632057828018419,-511.605008625281,6.32057828018419,8.047,2.719,5.215,41.8416434005203,212.305220816131,1.95190302533561,9.3,NA,NA,NA,NA,0.537335094180237,0.00593301114091708,0.482507764053844,0.00545746306900016,-467.324412419102,5.93301114091708,-521.676306808438,5.45746306900016,4845.72774684979,248.005302005061,25370.3973039345,25370.3973039345,4974.51999730455,4974.51999730455,37,50,9.15519073391225,83.3333333333333,1.8854652822177,0.369694042953,30.4444767647214,0.0502099720806244,0.171972792709017,5.23562169179393,0.00863474912054677,0.0438128660765456,3.36014321708464,102.29780209867,0.168712697116719,0.856051137212375,5686.73313422391,4989.5643417595,5854.11515904602,-697.168792464402,167.382024822112,"c"
"499",2022,2,4,1,"c","55-65",55,65,469.324722729187,0.73269670848769,701.550387596899,173.294217573714,6.53402421993262,26.5218205107145,-27.3748605824795,1.87137463020244,73.269670848769,51.4023659830511,12.697210281621,0.478745803912348,234.299233401682,140.916295113373,50.1547623291353,2.05662635142318,0.34779179202073,0.00545364360993529,-655.224087953737,5.4536436099353,8.03,1.262,6.63,39.8838479348502,303.753158941099,1.9774895338134,11.4,NA,NA,NA,NA,0.33043630542956,0.00496393982444773,0.307021309393125,0.00445886634484024,-672.429076270772,4.96393982444773,-695.641028936809,4.45886634484024,4851.11075618965,223.234342513613,29432.7520076778,29432.7520076778,11745.2588544373,11745.2588544373,37,60,17.3294217573714,70.1550387596899,2.156528051776,0.860571250298211,41.9538675026568,0.0568510097634882,0.144616444120921,6.06721913535448,0.00822159087667942,0.062615177060951,3.14266335411236,131.846881963885,0.178663585027998,1.36069188781998,8484.06320854917,8895.27314576891,9485.67263482794,411.209937219741,1001.60942627877,"c"
"500",2022,2,4,1,"c","65-75",65,75,524.218481621436,0.575009631465655,753.794266441823,142.50765105364,5.87142742637495,24.2713808252971,-27.4405968188997,1.8806060536941,57.5009631465655,43.3438963347636,8.19432719133898,0.33761273206172,291.800196548247,184.260191448136,58.3490895204743,2.3942390834849,0.309227614819461,0.00520521663432116,-693.453855509863,5.20521663432116,8.064,1.232,6.704,41.9478363883163,310.722408041809,2.25790811206066,12.8,NA,NA,NA,NA,0.301202749986476,0.00438033330433152,0.293035362832793,0.00438530921428928,-701.409132647846,4.38033330433152,-709.505696222808,4.38530921428928,4001.21077962015,198.246507472754,35213.3008461868,35213.3008461868,11875.495658,11875.495658,37,70,14.250765105364,75.3794266441823,2.02479871422551,0.682852438177857,46.7147369167533,0.0556489194144776,0.188391541450706,8.80066129621138,0.0104837857085596,0.0776570956032731,3.80230792487187,177.623814386876,0.211594327300224,1.5673537556999,9428.1526083604,9639.37228852406,9860.20212539015,211.219680163664,432.049517029749,"c"
"501",2022,2,4,1,"c","75-85",75,85,376.088218224028,0.955823832937373,899.999999999998,43.7088272768192,2.98561085540295,14.6398272895213,-26.8921271627975,1.84019969228008,95.5823832937373,86.0241449643634,4.17779388209269,0.285371801147068,387.382579841984,270.2843364125,62.526883402567,2.67961088463196,0.27879715438811,0.0051679825182344,-723.620437901725,5.1679825182344,8.106,0.149,7.771,17.987106379212,383.063138298434,1.34696802172278,14.7,NA,NA,NA,NA,0.26968756526075,0.00436784394133264,0.223905319614501,0.00391416809653686,-732.651033136604,4.36784394133264,-778.03627758559,3.91416809653686,4843.09883531171,233.889532549904,50010.1160187579,50010.1160187579,18515.321305,18515.321305,37,80,4.37088272768192,89.9999999999998,4.78008607786919,1.76973853778121,55.5667955763978,0.01998567375468,0.185831433675888,10.326057286737,0.00371396640681076,0.079094635753759,3.84797040802999,213.819385047031,0.0769042811925505,1.6377951339772,10260.3163909458,10527.1754538816,12021.6415300855,266.859062935766,1761.32513913972,"c"
"502",2022,2,4,1,"c","85-95",85,95,NA,NA,NA,NA,NA,NA,NA,NA,NA,NA,NA,NA,NA,NA,NA,NA,NA,NA,NA,NA,NA,NA,NA,NA,NA,NA,NA,NA,NA,NA,NA,NA,NA,NA,NA,NA,NA,NA,NA,NA,NA,NA,NA,NA,NA,37,90,NA,NA,NA,NA,NA,NA,NA,NA,NA,NA,NA,NA,NA,NA,NA,NA,NA,NA,NA,"c"
"503",2022,2,4,1,"c","95-105",95,105,NA,NA,NA,NA,NA,NA,NA,NA,NA,NA,NA,NA,NA,NA,NA,NA,NA,NA,NA,NA,NA,NA,NA,NA,NA,NA,NA,NA,NA,NA,NA,NA,NA,NA,NA,NA,NA,NA,NA,NA,NA,NA,NA,NA,NA,37,100,NA,NA,NA,NA,NA,NA,NA,NA,NA,NA,NA,NA,NA,NA,NA,NA,NA,NA,NA,"c"
"504",2022,2,4,1,"c","105-115",105,115,NA,NA,NA,NA,NA,NA,NA,NA,NA,NA,NA,NA,NA,NA,NA,NA,NA,NA,NA,NA,NA,NA,NA,NA,NA,NA,NA,NA,NA,NA,NA,NA,NA,NA,NA,NA,NA,NA,NA,NA,NA,NA,NA,NA,NA,37,110,NA,NA,NA,NA,NA,NA,NA,NA,NA,NA,NA,NA,NA,NA,NA,NA,NA,NA,NA,"c"
"505",2022,2,4,5,"w","0-5",0,5,877.154069271456,0.0508763189324617,97.9166666666642,447.2941350729,13.0276180832456,34.3342990418295,-26.996925439813,-2.41078285265266,2.54381594662308,0.249081978106837,1.13783395362942,0.0331398626266754,2.54381594662308,0.249081978106837,1.13783395362942,0.0331398626266754,NA,NA,NA,NA,NA,NA,NA,NA,NA,NA,NA,NA,NA,NA,NA,NA,NA,NA,NA,NA,NA,NA,NA,1,23.3033740716001,35840.3888229446,35840.3888229446,35701.33333,35701.33333,41,2.5,44.72941350729,9.79166666666642,0.0911713526209783,0.0908176210405603,366.029502872635,NA,97.9166666666642,35840.3888229446,NA,NA,4.20182357995942,1537.99139613106,NA,NA,NA,NA,NA,NA,NA,"w"
"506",2022,2,4,5,"w","5-15",5,15,927.156177156177,0.0609342411973991,117.338003502627,440.887511898791,11.7641844640971,37.4770995171258,-26.4637224877081,-0.708565497758515,6.09342411973991,0.714990220705035,2.68651459909621,0.0716841653625987,8.63724006636299,0.964072198811873,3.82434855272563,0.104824027989274,NA,NA,NA,NA,NA,NA,NA,NA,NA,NA,NA,NA,NA,NA,NA,NA,NA,NA,NA,NA,NA,NA,NA,358.081861656276,35.2315292892177,15574.3495338259,15574.3495338259,13079.649791,13079.649791,41,10,44.0887511898791,11.7338003502627,0.0949011170986748,0.0796998535142305,132.730650504695,NA,0.327684856641134,43.4938241825155,NA,NA,3.33048283369684,442.057153011303,NA,NA,NA,NA,NA,NA,NA,"w"
"507",2022,2,4,5,"w","15-25",15,25,880.215658380912,0.148692713266224,168.77402625789,424.248478061985,12.8014015719766,33.1407835053548,-25.5302165172124,0.874334259812089,14.8692713266224,2.50954678931506,6.30826573021027,0.190347513334771,23.5065113929854,3.47361898812693,10.1326142829359,0.295171541324045,NA,NA,NA,NA,NA,NA,NA,NA,NA,NA,NA,NA,NA,NA,NA,NA,NA,NA,NA,NA,NA,NA,NA,781.117543325004,60.5211042249098,NA,12068.3221873087,NA,9166.095692,41,20,42.4248478061985,16.877402625789,NA,NA,NA,NA,0.216067386656642,NA,NA,NA,2.78868055068342,NA,NA,NA,NA,NA,NA,NA,NA,"w"
"508",2022,2,4,5,"w","25-35",25,35,776.851397743992,0.205832255986851,202.226345083488,427.751603176701,21.9415874932524,19.4950161791276,-26.1788914455677,1.02243789304945,20.5832255986851,4.16247048285097,8.80450774838524,0.451628645366901,44.0897369916705,7.6360894709779,18.9371220313212,0.746800186690947,NA,NA,NA,NA,NA,NA,NA,NA,NA,NA,NA,NA,NA,NA,NA,NA,NA,NA,NA,NA,NA,NA,NA,1919.2171633504,77.1450865558662,9037.94019705287,9037.94019705287,5783.474086,5783.474086,41,30,42.7751603176701,20.2226345083488,0.186029962023364,0.119042551856287,44.6921996900137,NA,0.105369183303081,4.70918058135497,NA,NA,2.62137686419007,117.155098277165,NA,NA,NA,NA,NA,NA,NA,"w"
"509",2022,2,4,5,"w","35-45",35,45,259.213147410358,1.05618132663613,843.806104129265,75.923768572627,3.03921208968563,24.9813985770504,-27.279997447316,1.18203480068512,105.618132663613,89.1212250482914,8.01892666142519,0.320995905681274,149.707869655284,96.7573145192693,26.9560486927463,1.06779609237222,NA,NA,NA,NA,10.12,1.065,8.738,37.7301479430598,60.8429525019469,2.3,9.6,NA,NA,NA,NA,NA,NA,NA,NA,NA,NA,NA,NA,5078.167342008,218.764820321399,20343.1184099082,20343.1184099082,5202.747667,5202.747667,41,40,7.5923768572627,84.3806104129265,2.14860217900927,0.549504493308509,24.1087594772742,0.0447142391580517,0.166163508860582,4.00599606901969,0.0074298748745331,0.011981281514423,3.85713801190514,92.9908125996723,0.172468991529938,0.278120368771173,NA,NA,NA,NA,NA,"w"
"510",2022,2,4,5,"w","45-55",45,55,412.172466380147,0.735893249172101,716.417910447762,146.375815716482,5.60705200608434,26.1056640026962,-27.5772696200191,0.890625569614373,73.5893249172101,52.720710388449,10.7716974627818,0.412619171903435,223.297194572494,149.478024907718,37.7277461555282,1.48041526427566,NA,NA,NA,NA,10.066,3.561,6.798,44.2610563671466,454.210227751418,3,17.3,NA,NA,NA,NA,NA,NA,NA,NA,NA,NA,NA,NA,4917.58466222386,197.652457054801,19630.2237411013,19630.2237411013,4882.847996,4882.847996,41,50,14.6375815716482,71.6417910447762,1.44457491308144,0.359325487698992,27.4005206386205,0.0617810578458087,0.145684916408491,3.99184255878657,0.00900056824789481,0.0923644957738282,3.62463447772434,99.3168718143415,0.2239337523382,2.29802469708476,NA,NA,NA,NA,NA,"w"
"511",2022,2,4,5,"w","55-65",55,65,447.531873161164,0.753337084047761,686.411149825784,171.592988377817,7.26815223499888,23.6088874902114,-27.4031500731418,0.663248837587393,75.3337084047761,51.7098974067627,12.9267361507586,0.547536861112927,298.63090297727,201.187922314481,50.6544823062868,2.02795212538858,NA,NA,NA,NA,10.098,4.00199999999999,5.893,43.4056722244332,392,3.2,15.9,NA,NA,NA,NA,NA,NA,NA,NA,NA,NA,NA,NA,4377.61457805397,190.62757512822,23868.4470262073,23868.4470262073,6784.680474,6784.680474,41,60,17.1592988377817,68.6411149825784,1.79809862834715,0.511115140447894,34.7728136879264,0.0632356747635143,0.156800270463948,5.45238659105933,0.0099153709058893,0.0895464854227208,3.60079673344263,125.209833940094,0.227698811125503,2.05636566344787,NA,NA,NA,NA,NA,"w"
"512",2022,2,4,5,"w","65-75",65,75,447.531873161164,0.753337084047761,686.411149825784,171.592988377817,7.26815223499888,23.6088874902114,-27.4031500731418,0.663248837587393,75.3337084047761,51.7098974067627,12.9267361507586,0.547536861112927,373.964611382046,252.897819721244,63.5812184570454,2.57548898650151,NA,NA,NA,NA,10.098,4.00199999999999,5.893,43.4056722244332,392,3.2,15.9,NA,NA,NA,NA,NA,NA,NA,NA,NA,NA,NA,NA,4377.61457805397,190.62757512822,23868.4470262073,23868.4470262073,6784.680474,6784.680474,41,70,17.1592988377817,68.6411149825784,1.79809862834715,0.511115140447894,34.7728136879264,0.0632356747635143,0.156800270463948,5.45238659105933,0.0099153709058893,0.0895464854227208,3.60079673344263,125.209833940094,0.227698811125503,2.05636566344787,NA,NA,NA,NA,NA,"w"
"513",2022,2,4,5,"w","75-85",75,85,NA,NA,NA,NA,NA,NA,NA,NA,NA,NA,NA,NA,NA,NA,NA,NA,NA,NA,NA,NA,NA,NA,NA,NA,NA,NA,NA,NA,NA,NA,NA,NA,NA,NA,NA,NA,NA,NA,NA,NA,NA,NA,NA,NA,NA,41,80,NA,NA,NA,NA,NA,NA,NA,NA,NA,NA,NA,NA,NA,NA,NA,NA,NA,NA,NA,"w"
"514",2022,2,4,5,"w","85-95",85,95,NA,NA,NA,NA,NA,NA,NA,NA,NA,NA,NA,NA,NA,NA,NA,NA,NA,NA,NA,NA,NA,NA,NA,NA,NA,NA,NA,NA,NA,NA,NA,NA,NA,NA,NA,NA,NA,NA,NA,NA,NA,NA,NA,NA,NA,41,90,NA,NA,NA,NA,NA,NA,NA,NA,NA,NA,NA,NA,NA,NA,NA,NA,NA,NA,NA,"w"
"515",2022,2,4,5,"w","95-105",95,105,NA,NA,NA,NA,NA,NA,NA,NA,NA,NA,NA,NA,NA,NA,NA,NA,NA,NA,NA,NA,NA,NA,NA,NA,NA,NA,NA,NA,NA,NA,NA,NA,NA,NA,NA,NA,NA,NA,NA,NA,NA,NA,NA,NA,NA,41,100,NA,NA,NA,NA,NA,NA,NA,NA,NA,NA,NA,NA,NA,NA,NA,NA,NA,NA,NA,"w"
"516",2022,2,4,5,"w","105-115",105,115,NA,NA,NA,NA,NA,NA,NA,NA,NA,NA,NA,NA,NA,NA,NA,NA,NA,NA,NA,NA,NA,NA,NA,NA,NA,NA,NA,NA,NA,NA,NA,NA,NA,NA,NA,NA,NA,NA,NA,NA,NA,NA,NA,NA,NA,41,110,NA,NA,NA,NA,NA,NA,NA,NA,NA,NA,NA,NA,NA,NA,NA,NA,NA,NA,NA,"w"
"517",2022,2,3,5,"w","0-5",0,5,868.583797155226,0.0406103733359372,72.106261859583,434.610611541843,10.0408156709743,43.2843929998838,-28.0549480573611,-2.54370253035883,2.03051866679686,0.146413110698826,0.882484959523712,0.0203880636497797,2.03051866679686,0.146413110698826,0.882484959523712,0.0203880636497797,NA,NA,NA,NA,NA,NA,NA,NA,NA,NA,NA,NA,NA,NA,NA,NA,NA,NA,NA,NA,NA,NA,NA,1,24.614056739781,14554.2103532759,14554.2103532759,12205.0343091568,12205.0343091568,33,2.5,43.4610611541843,7.2106261859583,0.0295525958028148,0.024782549993639,201.843917267799,NA,72.106261859583,14554.2103532759,NA,NA,2.929474918413,591.296693070246,NA,NA,NA,NA,NA,NA,NA,"w"
"518",2022,2,3,5,"w","5-15",5,15,878.241932290635,0.102943882920526,145.669291338582,417.618922643378,14.3148925271938,29.1737378991867,-26.3960932075792,0.358390305891326,10.2943882920526,1.49957624726751,4.29913134779963,0.147363062033936,12.3249069588495,1.64598935796633,5.18161630732334,0.167751125683715,NA,NA,NA,NA,NA,NA,NA,NA,NA,NA,NA,NA,NA,NA,NA,NA,NA,NA,NA,NA,NA,NA,NA,500.324753805744,44.085709328224,20840.8660180463,20840.8660180463,21634.0106842845,21634.0106842845,33,10,41.7618922643378,14.5669291338582,0.214543967132413,0.222708906298439,143.069728880643,NA,0.291149478874554,41.6546770063229,NA,NA,3.30422927425426,472.735186427041,NA,NA,NA,NA,NA,NA,NA,"w"
"519",2022,2,3,5,"w","15-25",15,25,909.845220998883,0.0698894081781764,112.84046692607,415.176429457832,10.2630787007429,40.4534001505589,-26.2257651646179,-0.0550533680436403,6.98894081781764,0.78863534520121,2.90164349443362,0.071728049648097,19.3138477766671,2.43462470316754,8.08325980175696,0.239479175331812,NA,NA,NA,NA,NA,NA,NA,NA,NA,NA,NA,NA,NA,NA,NA,NA,NA,NA,NA,NA,NA,NA,NA,531.798666942154,37.7774596518712,13436.5976835737,13436.5976835737,12147.2528405301,12147.2528405301,33,20,41.5176429457832,11.284046692607,0.0939075860033222,0.0848964312015321,119.076055333739,NA,0.21218644186324,25.2663244923765,NA,NA,2.98697868956577,355.677639719434,NA,NA,NA,NA,NA,NA,NA,"w"
"520",2022,2,3,5,"w","25-35",25,35,860.013326418657,0.144792797722219,177.332580426734,405.451620270213,16.1806320813761,25.0578357032719,-25.5208978223069,0.853181447442584,14.4792797722219,2.56764804472872,5.87064744399307,0.234283898797633,33.793127548889,5.00227274789626,13.95390724575,0.473763074129446,NA,NA,NA,NA,NA,NA,NA,NA,NA,NA,NA,NA,NA,NA,NA,NA,NA,NA,NA,NA,NA,NA,NA,1014.89181005765,63.6271083011355,11529.7724598111,11529.7724598111,11578.3246468927,11578.3246468927,33,30,40.5451620270213,17.7332580426734,0.166942801155664,0.167645801855972,65.01778991805,NA,0.174730526613138,11.3605926716033,NA,NA,2.78706018804833,181.208493795487,NA,NA,NA,NA,NA,NA,NA,"w"
"521",2022,2,3,5,"w","35-45",35,45,415.658816040738,0.66093766450152,777.397260273974,119.097123477745,5.13509761509517,23.1927671886209,-26.9179227007197,1.01352424849156,66.093766450152,51.381112959536,7.87157746402297,0.339397942470833,99.886893999041,56.3833857074323,21.825484709773,0.813161016600279,NA,NA,NA,NA,10.34,2.677,8.043,41.2056069151744,362.302713905268,2.5,15.1,NA,NA,NA,NA,NA,NA,NA,NA,NA,NA,NA,NA,4906.94382980784,200.443551082007,20931.2621239702,20931.2621239702,3532.75839253133,3532.75839253133,33,40,11.9097123477745,77.7397260273974,1.3834259503286,0.23349330812078,26.9247953312744,0.0530045692477132,0.158427992501479,4.26564127284699,0.00839740749932082,0.07383469761859,3.8783849920715,104.424722127412,0.205572125881546,1.80750496561019,NA,NA,NA,NA,NA,"w"
"522",2022,2,3,5,"w","45-55",45,55,340.321453529001,0.790408737743896,791.366906474823,113.573473769537,4.85888596527512,23.374385524009,-27.3223673834754,0.502425299508085,79.0408737743896,62.5503317639057,8.97694660433693,0.384050592265464,178.927767773431,118.933717471338,30.8024313141099,1.19721160886574,NA,NA,NA,NA,10.226,2.32,8.054,20.0507125557405,379.751081174462,1.2,15.3,NA,NA,NA,NA,NA,NA,NA,NA,NA,NA,NA,NA,4689.42226440934,222.630862723947,23080.505562044,23080.505562044,4951.06998945556,4951.06998945556,33,50,11.3573473769537,79.1366906474823,1.82430332677862,0.391336898084725,29.16536611931,0.0253368095022538,0.168755736176917,4.92182283033348,0.00427573193992715,0.0809803553108464,3.55461456148641,103.671635098782,0.0900625919983185,1.70574320437027,NA,NA,NA,NA,NA,"w"
"523",2022,2,3,5,"w","55-65",55,65,317.260940032415,1.0014787683063,815.939278937381,105.642796655575,4.83465551374169,21.8511528598684,-27.0669109724807,0.778224468832796,100.14787683063,81.7145864082942,10.5799017875059,0.484180484908731,279.075644604061,200.648303879632,41.3823331016158,1.68139209377447,NA,NA,NA,NA,10.176,3.266,7.264,45.7309603337922,384.370137339895,2.7,15.7,NA,NA,NA,NA,NA,NA,NA,NA,NA,NA,NA,NA,5264.68444275904,176.153489547949,26436.3844011037,26436.3844011037,5563.02280125034,5563.02280125034,33,60,10.5642796655575,81.5939278937381,2.64754776884892,0.557124922305605,32.3999408822829,0.0560470141765314,0.154983510941403,5.02145659223011,0.00868636303486143,0.0730091502195447,4.63197908273785,150.075848448678,0.259608597315605,2.18201829737395,NA,NA,NA,NA,NA,"w"
"524",2022,2,3,5,"w","65-75",65,75,413.713627196773,0.871382934423039,754.455445544555,142.528617111626,5.59312269144357,25.4828340042795,-27.5060978475676,1.83744261586919,87.1382934423039,65.7419600030056,12.4197004617986,0.487375166345819,366.213938046365,266.390263882638,53.8020335634144,2.16876726012029,NA,NA,NA,NA,7.319,1.905,5.221,38.611996779444,394.680547929564,2.5,14.6,NA,NA,NA,NA,NA,NA,NA,NA,NA,NA,NA,NA,4802.83058714911,212.94689797415,26563.5133065988,26563.5133065988,7994.046814,7994.046814,33,70,14.2528617111626,75.4455445544555,2.31469921736895,0.696587597069847,35.2088562200325,0.0511786309018877,0.157085583564668,5.5308037259683,0.00803942510126378,0.0821766541142648,3.54292761586102,124.742429024833,0.181322184764256,1.8534223869158,NA,NA,NA,NA,NA,"w"
"525",2022,2,3,5,"w","75-85",75,85,616.122840690979,0.539015345057598,475.65543071161,293.960056961225,10.9918038579705,26.7435682768362,-27.2075268112574,1.86310808113173,53.9015345057598,25.6385576113539,15.8448981536106,0.592475094930938,420.115472552125,292.028821493992,69.646931717025,2.76124235505123,NA,NA,NA,NA,5.651,3.413,2.991,68.1,496.796522276584,3.8,18.5,NA,NA,NA,NA,NA,NA,NA,NA,NA,NA,NA,NA,3803.33302543672,166.526101028433,13918.5870741927,13918.5870741927,11231.428052,11231.428052,33,80,29.3960056961225,47.565543071161,0.75023320145102,0.605391206693837,29.2619114079485,0.143170866141732,0.125062787699742,3.65957621410092,0.0179053476370717,0.130621357360506,2.85634160515411,83.5820150008569,0.40894490160658,2.98329522644477,NA,NA,NA,NA,NA,"w"
"526",2022,2,3,5,"w","85-95",85,95,NA,NA,NA,NA,NA,NA,NA,NA,NA,NA,NA,NA,NA,NA,NA,NA,NA,NA,NA,NA,NA,NA,NA,NA,NA,NA,NA,NA,NA,NA,NA,NA,NA,NA,NA,NA,NA,NA,NA,NA,NA,NA,NA,NA,NA,33,90,NA,NA,NA,NA,NA,NA,NA,NA,NA,NA,NA,NA,NA,NA,NA,NA,NA,NA,NA,"w"
"527",2022,2,3,5,"w","95-105",95,105,NA,NA,NA,NA,NA,NA,NA,NA,NA,NA,NA,NA,NA,NA,NA,NA,NA,NA,NA,NA,NA,NA,NA,NA,NA,NA,NA,NA,NA,NA,NA,NA,NA,NA,NA,NA,NA,NA,NA,NA,NA,NA,NA,NA,NA,33,100,NA,NA,NA,NA,NA,NA,NA,NA,NA,NA,NA,NA,NA,NA,NA,NA,NA,NA,NA,"w"
"528",2022,2,3,5,"w","105-115",105,115,NA,NA,NA,NA,NA,NA,NA,NA,NA,NA,NA,NA,NA,NA,NA,NA,NA,NA,NA,NA,NA,NA,NA,NA,NA,NA,NA,NA,NA,NA,NA,NA,NA,NA,NA,NA,NA,NA,NA,NA,NA,NA,NA,NA,NA,33,110,NA,NA,NA,NA,NA,NA,NA,NA,NA,NA,NA,NA,NA,NA,NA,NA,NA,NA,NA,"w"
"529",2022,2,3,7,"w","0-5",0,5,886.031560490941,0.0255836353009936,95.3271028037386,442.781322912472,19.1481495533457,23.1239745479796,-28.998169397494,-2.51381293897222,1.27918176504968,0.121940691621559,0.566397794174208,0.0244939637430839,1.27918176504968,0.121940691621559,0.566397794174208,0.0244939637430839,1.0119287527521,0.00958044515553215,3.15380253467224,9.58044515553215,NA,NA,NA,NA,NA,NA,NA,NA,NA,NA,NA,NA,NA,NA,NA,NA,NA,NA,NA,706.9945,45.10408,NA,16347.078,NA,12778.08586,35,2.5,44.2781322912472,9.53271028037386,NA,NA,NA,NA,0.134834291926937,NA,NA,NA,2.11349179062601,NA,NA,NA,-95.2566472212139,NA,NA,NA,NA,"w"
"530",2022,2,3,7,"w","5-15",5,15,890.358510268012,0.0660206230421163,106.060606060608,436.069424351858,12.3087580834725,35.4275729033448,-26.6265391439041,-0.555909717061804,6.60206230421163,0.700218729234578,2.87895750853266,0.0812631877545541,7.88124406926131,0.822159420856136,3.44535530270687,0.105757151497638,1.14731063854819,0.0100963702968505,137.361722965147,10.0963702968505,NA,NA,NA,NA,NA,NA,NA,NA,NA,NA,NA,NA,NA,NA,NA,NA,NA,NA,NA,328.329259645987,34.1565809138751,17349.5455959,17349.5455959,15061.187622,15061.187622,35,10,43.6069424351858,10.6060606060608,0.114542780973892,0.099434899055865,163.581429904197,NA,0.323031234483839,52.8419112405843,NA,NA,3.10512947206387,507.941519077873,NA,NA,-1103.89990843592,NA,NA,NA,NA,"w"
"531",2022,2,3,7,"w","15-25",15,25,879.401833092137,0.068604679208876,188.644688644691,410.406649782053,15.7746445464418,26.0168556301717,-26.6054046239958,0.401625148442424,6.8604679208876,1.29419083489274,2.81558165534873,0.108221442874269,14.7417119901489,2.11635025574887,6.2609369580556,0.213978594371907,1.03875721805055,0.00909397175687953,29.7496245301605,9.09397175687953,NA,NA,NA,NA,NA,NA,NA,NA,NA,NA,NA,NA,NA,NA,NA,NA,NA,NA,NA,973.007221227265,63.717661235797,9147.23939104766,9147.23939104766,5905.477786,5905.477786,35,20,41.0406649782053,18.8644688644691,0.0627543424069619,0.0405143409083673,48.4892495874948,NA,0.193877994457997,9.40099846279676,NA,NA,2.96063422583234,143.558931913664,NA,NA,-305.454953114337,NA,NA,NA,NA,"w"
"532",2022,2,3,7,"w","25-35",25,35,820.66950053135,0.184358404449225,226.937269372693,426.496905048454,20.2209883251568,21.0917932491881,-26.2316882757717,1.03142286431054,18.4358404449225,4.18377928916136,7.86282889172657,0.372790914401232,33.1775524350714,6.30012954491024,14.1237658497822,0.586769508773139,0.964118158946694,0.00875163236394877,-44.2422012322885,8.75163236394877,NA,NA,NA,NA,NA,NA,NA,NA,NA,NA,NA,NA,NA,NA,NA,NA,NA,NA,NA,1544.59726917457,78.6443566583177,8102.35915135547,8102.35915135547,4739.1448,4739.1448,35,30,42.6496905048454,22.6937269372693,0.149373800541847,0.0873701173781842,35.7030785368673,NA,0.146923262070745,5.24561276460456,NA,NA,2.88561416248411,103.025309070267,NA,NA,293.537229763125,NA,NA,NA,NA,"w"
"533",2022,2,3,7,"w","35-45",35,45,569.634542119374,0.47635863507997,634.48275862069,108.518617741022,2.72212703711022,39.865375958436,-25.9561325442738,-0.573439722572588,47.635863507997,30.2241340878327,5.16937806278785,0.129670871991211,80.8134159430685,36.5242636327429,19.29314391257,0.71644038076435,0.756898001467528,0.00817582330322009,-249.665447060331,8.17582330322008,10.21,6.336,3.939,61.4946170990651,354.9,4.4,16.8,NA,NA,NA,NA,0.827705569487347,0.00693332388131483,0.793603978322592,0.00713307048060048,-179.471887568979,6.93332388131483,-213.277766447674,7.13307048060047,4266.59522651347,175.870608396543,20733.1272764915,20733.1272764915,5377.757684,5377.757684,35,40,10.8518617741022,63.448275862069,0.987640421036879,0.256174131014106,32.6772114683833,0.0969208639061352,0.148709386509854,4.85940807031605,0.0144130422114864,0.0831810802661994,3.60766795774138,117.888528762826,0.349658295150777,2.01796083629728,2237.40558428686,1519.02246867944,1856.99431356448,-718.383115607417,-380.411270722384,"w"
"534",2022,2,3,7,"w","45-55",45,55,465.455628350208,0.682837538821817,681.159420289855,202.529684367521,7.60062990857751,26.6464341513276,-26.9923897369231,0.83652275005459,68.2837538821817,46.512122209602,13.8294871211878,0.518999542026856,149.09716982525,83.0363858423449,33.1226310337578,1.23543992279121,0.580256595608414,0.00685505359671905,-424.775105216323,6.85505359671905,5.014,3.455,1.404,50.2,290.3,2.6,11.8,NA,NA,NA,NA,0.633836860111515,0.00631532971547222,0.571998478068147,0.00608154877885642,-371.659462508356,6.31532971547222,-432.961612408422,6.08154877885642,4772.39989287702,182.593750428291,10288.5201828501,10288.5201828501,7179.416543,7179.416543,35,50,20.2529684367521,68.1159420289855,0.702538779977595,0.490237512239876,15.1044232471629,0.0736978723404255,0.142728906960733,2.15583782033984,0.0105188167644806,0.0608289343969862,3.73046404212702,56.3465078006087,0.274927262747225,1.58986821465178,4372.24033703713,3662.75621005568,4487.38601190197,-709.484126981446,115.145674864838,"w"
"535",2022,2,3,7,"w","55-65",55,65,556.719022687609,0.467941182211329,568.273092369477,241.152207803401,10.3442986915475,23.3125719774942,-27.0281777426268,0.756950004991347,46.7941182211329,26.5918382662261,11.2845049212396,0.484052335886985,195.891288046383,109.628224108571,44.4071359549974,1.71949225867819,0.55358658845471,0.00665103681540971,-451.213843138438,6.65103681540971,7.312,4.78,3.88,57.2098209577827,368.062628404003,4.2,18.7,NA,NA,NA,NA,0.582943223314587,0.00652591000333091,0.552768534015309,0.00618572829134082,-422.111774628954,6.52591000333091,-452.024803810652,6.18572829134082,3969.98723901118,165.988626840762,12535.5144048861,12535.5144048861,9687.592486,9687.592486,35,60,24.1152207803401,56.8273092369477,0.586588343024955,0.453322348068043,22.0589617442872,0.100673112498148,0.143142296979025,3.15757045304971,0.0144105805670126,0.0927112875293971,3.42356644057691,75.5203211417117,0.344661089417083,2.21739666993629,4750.21093256898,4335.13283686449,4762.09035966404,-415.07809570449,11.8794270950602,"w"
"536",2022,2,3,7,"w","65-75",65,75,NA,NA,NA,NA,NA,NA,NA,NA,NA,NA,NA,NA,NA,NA,NA,NA,NA,NA,NA,NA,NA,NA,NA,NA,NA,NA,NA,NA,NA,NA,NA,NA,NA,NA,NA,NA,NA,NA,NA,NA,NA,NA,NA,NA,NA,35,70,NA,NA,NA,NA,NA,NA,NA,NA,NA,NA,NA,NA,NA,NA,NA,NA,NA,NA,NA,"w"
"537",2022,2,3,7,"w","75-85",75,85,NA,NA,NA,NA,NA,NA,NA,NA,NA,NA,NA,NA,NA,NA,NA,NA,NA,NA,NA,NA,NA,NA,NA,NA,NA,NA,NA,NA,NA,NA,NA,NA,NA,NA,NA,NA,NA,NA,NA,NA,NA,NA,NA,NA,NA,35,80,NA,NA,NA,NA,NA,NA,NA,NA,NA,NA,NA,NA,NA,NA,NA,NA,NA,NA,NA,"w"
"538",2022,2,3,7,"w","85-95",85,95,NA,NA,NA,NA,NA,NA,NA,NA,NA,NA,NA,NA,NA,NA,NA,NA,NA,NA,NA,NA,NA,NA,NA,NA,NA,NA,NA,NA,NA,NA,NA,NA,NA,NA,NA,NA,NA,NA,NA,NA,NA,NA,NA,NA,NA,35,90,NA,NA,NA,NA,NA,NA,NA,NA,NA,NA,NA,NA,NA,NA,NA,NA,NA,NA,NA,"w"
"539",2022,2,3,7,"w","95-105",95,105,NA,NA,NA,NA,NA,NA,NA,NA,NA,NA,NA,NA,NA,NA,NA,NA,NA,NA,NA,NA,NA,NA,NA,NA,NA,NA,NA,NA,NA,NA,NA,NA,NA,NA,NA,NA,NA,NA,NA,NA,NA,NA,NA,NA,NA,35,100,NA,NA,NA,NA,NA,NA,NA,NA,NA,NA,NA,NA,NA,NA,NA,NA,NA,NA,NA,"w"
"540",2022,2,3,7,"w","105-115",105,115,NA,NA,NA,NA,NA,NA,NA,NA,NA,NA,NA,NA,NA,NA,NA,NA,NA,NA,NA,NA,NA,NA,NA,NA,NA,NA,NA,NA,NA,NA,NA,NA,NA,NA,NA,NA,NA,NA,NA,NA,NA,NA,NA,NA,NA,35,110,NA,NA,NA,NA,NA,NA,NA,NA,NA,NA,NA,NA,NA,NA,NA,NA,NA,NA,NA,"w"
"541",2022,2,4,3,"c","0-5",0,5,720.982142857143,0.0737748579545454,119.999999999999,449.847831926122,12.183105449028,36.9239053054417,-27.056635669478,-0.75534753827871,3.68874289772727,0.442649147727267,1.65937299507549,0.0449403436973646,3.68874289772727,0.442649147727267,1.65937299507549,0.0449403436973646,NA,NA,NA,NA,NA,NA,NA,NA,NA,NA,NA,NA,NA,NA,NA,NA,NA,NA,NA,NA,NA,NA,NA,632.375397650847,51.4783367516328,5849.40193965318,5849.40193965318,2224.312753,2224.312753,39,2.5,44.9847831926122,11.9999999999999,0.0215769398608478,0.00820491786995294,48.7450161637769,NA,0.18976070297133,9.24988853358714,NA,NA,2.33107764493174,113.628417481216,NA,NA,NA,NA,NA,NA,NA,"c"
"542",2022,2,4,3,"c","5-15",5,15,876.331157677775,0.0506358327347678,77.6892430278879,437.718109945812,9.87424072870461,44.3292929524553,-26.494811955494,0.13075887770816,5.06358327347678,0.393385951525086,2.21642210001949,0.0499990401921519,8.75232617120405,0.836035099252353,3.87579509509498,0.0949393838895164,NA,NA,NA,NA,NA,NA,NA,NA,NA,NA,NA,NA,NA,NA,NA,NA,NA,NA,NA,NA,NA,NA,NA,421.394814531606,31.5729330643674,9566.24303207532,9566.24303207532,6373.184753,6373.184753,39,10,43.7718109945812,7.76892430278879,0.0484394682072304,0.032271151714068,123.134718002611,NA,0.184362123948397,22.7013781427484,NA,NA,2.46062799643934,302.988734450889,NA,NA,NA,NA,NA,NA,NA,"c"
"543",2022,2,4,3,"c","15-25",15,25,822.194972409565,0.171832395072738,186.138613861385,400.55573998377,13.925025173416,28.7651716959524,-25.8452161075179,-0.0716361439694509,17.1832395072738,3.19846438353214,6.88284521615442,0.239277042699624,25.9355656784779,4.03449948278449,10.7586403112494,0.33421642658914,NA,NA,NA,NA,NA,NA,NA,NA,NA,NA,NA,NA,NA,NA,NA,NA,NA,NA,NA,NA,NA,NA,NA,956.826896641727,58.0034619773968,24334.6398227121,24334.6398227121,22858.201574,22858.201574,39,20,40.055573998377,18.6138613861385,0.418147944396905,0.392777952351585,130.733969260316,NA,0.194537397009527,25.4326460806253,NA,NA,3.20909489736873,419.537713666039,NA,NA,NA,NA,NA,NA,NA,"c"
"544",2022,2,4,3,"c","25-35",25,35,733.29667308221,0.233355260592929,208.494208494206,427.393393869981,20.7236933180935,20.6234181962551,-26.1553213676289,0.150249102542815,23.3355260592929,4.8653220355282,9.9734496802226,0.483598285469166,49.2710917377708,8.89982151831269,20.732089991472,0.817814712058307,NA,NA,NA,NA,NA,NA,NA,NA,NA,NA,NA,NA,NA,NA,NA,NA,NA,NA,NA,NA,NA,NA,NA,2078.45409079958,78.7669384905936,7786.53127547248,7786.53127547248,4386.606341,4386.606341,39,30,42.7393393869981,20.8494208494206,0.181702803490287,0.102363766582265,37.3465111175444,NA,0.10031215479674,3.7463090043413,NA,NA,2.64697616143992,98.855324641091,NA,NA,NA,NA,NA,NA,NA,"c"
"545",2022,2,4,3,"c","35-45",35,45,563.674321503131,0.374509917537048,740.875912408756,138.620010344626,6.90406847067554,20.0780179010975,-26.882937120738,0.317002578636805,37.4509917537048,27.7465376861389,5.19145686431508,0.258564211362283,86.7220834914757,36.6463592044516,25.9235468557871,1.07637892342059,NA,NA,NA,NA,10.085,2.984,6.90799999999999,26.5919051887712,161,1.5,6,NA,NA,NA,NA,NA,NA,NA,NA,NA,NA,NA,NA,4510.85449140439,202.612306576119,20457.700715116,20457.700715116,5254.164578,5254.164578,39,40,13.8620010344626,74.0875912408756,0.76616118078157,0.196773674283286,27.612857122866,0.0358925222744992,0.164242919788374,4.53521627755871,0.00589509265693299,0.0356916855347012,3.65661851902573,100.969684718684,0.131245261643477,0.794621031272423,NA,NA,NA,NA,NA,"c"
"546",2022,2,4,3,"c","45-55",45,55,477.234401349073,0.626347693657353,745.13618677043,138.449221250098,6.33111778547925,21.8680533108449,-27.0106922775036,1.0504553832261,62.6347693657353,46.6714332044294,8.67173504186558,0.396548102320798,149.356852857211,83.317792408881,34.5952818976526,1.47292702574139,NA,NA,NA,NA,5.473,1.879,3.471,45.3702399344609,280.9,2.7,12.5,NA,NA,NA,NA,NA,NA,NA,NA,NA,NA,NA,NA,4394.0348429783,177.954499545234,19600.8153082213,19600.8153082213,4869.651449,4869.651449,39,50,13.8449221250098,74.513618677043,1.22769254621082,0.305009495399634,26.3050106225215,0.0608885204342372,0.169579034622623,4.46077830710504,0.0103254165148378,0.0639275768258598,4.18722869427095,110.145095281724,0.254954159913941,1.57849338295938,NA,NA,NA,NA,NA,"c"
"547",2022,2,4,3,"c","55-65",55,65,533.539454227719,0.498834499535132,635.160680529301,229.438214694693,10.2975695256816,22.2808123919423,-26.4508704877053,0.852655230359585,49.8834499535132,31.6840060196228,11.4451697001461,0.51367829407716,199.240302810724,115.001798428504,46.0404515977988,1.98660531981855,NA,NA,NA,NA,5.53200000000001,5.203,0.268,28.7786550820781,366.97508462905,2.1,20.7,NA,NA,NA,NA,NA,NA,NA,NA,NA,NA,NA,NA,4142.13921600059,139.57695667116,10966.3556796996,10966.3556796996,7936.04095700001,7936.04095700001,39,60,22.9438214694693,63.5160680529301,0.54703965472072,0.395877101907541,17.2654826028604,0.0453092516024384,0.15334121993673,2.647510165119,0.00694777591513815,0.0885955458019057,4.55061276357905,78.5685255019285,0.206184858650271,2.62919534414004,NA,NA,NA,NA,NA,"c"
"548",2022,2,4,3,"c","65-75",65,75,NA,NA,NA,NA,NA,NA,NA,NA,NA,NA,NA,NA,NA,NA,NA,NA,NA,NA,NA,NA,NA,NA,NA,NA,NA,NA,NA,NA,NA,NA,NA,NA,NA,NA,NA,NA,NA,NA,NA,NA,NA,NA,NA,NA,NA,39,70,NA,NA,NA,NA,NA,NA,NA,NA,NA,NA,NA,NA,NA,NA,NA,NA,NA,NA,NA,"c"
"549",2022,2,4,3,"c","75-85",75,85,NA,NA,NA,NA,NA,NA,NA,NA,NA,NA,NA,NA,NA,NA,NA,NA,NA,NA,NA,NA,NA,NA,NA,NA,NA,NA,NA,NA,NA,NA,NA,NA,NA,NA,NA,NA,NA,NA,NA,NA,NA,NA,NA,NA,NA,39,80,NA,NA,NA,NA,NA,NA,NA,NA,NA,NA,NA,NA,NA,NA,NA,NA,NA,NA,NA,"c"
"550",2022,2,4,3,"c","85-95",85,95,NA,NA,NA,NA,NA,NA,NA,NA,NA,NA,NA,NA,NA,NA,NA,NA,NA,NA,NA,NA,NA,NA,NA,NA,NA,NA,NA,NA,NA,NA,NA,NA,NA,NA,NA,NA,NA,NA,NA,NA,NA,NA,NA,NA,NA,39,90,NA,NA,NA,NA,NA,NA,NA,NA,NA,NA,NA,NA,NA,NA,NA,NA,NA,NA,NA,"c"
"551",2022,2,4,3,"c","95-105",95,105,NA,NA,NA,NA,NA,NA,NA,NA,NA,NA,NA,NA,NA,NA,NA,NA,NA,NA,NA,NA,NA,NA,NA,NA,NA,NA,NA,NA,NA,NA,NA,NA,NA,NA,NA,NA,NA,NA,NA,NA,NA,NA,NA,NA,NA,39,100,NA,NA,NA,NA,NA,NA,NA,NA,NA,NA,NA,NA,NA,NA,NA,NA,NA,NA,NA,"c"
"552",2022,2,4,3,"c","105-115",105,115,NA,NA,NA,NA,NA,NA,NA,NA,NA,NA,NA,NA,NA,NA,NA,NA,NA,NA,NA,NA,NA,NA,NA,NA,NA,NA,NA,NA,NA,NA,NA,NA,NA,NA,NA,NA,NA,NA,NA,NA,NA,NA,NA,NA,NA,39,110,NA,NA,NA,NA,NA,NA,NA,NA,NA,NA,NA,NA,NA,NA,NA,NA,NA,NA,NA,"c"
"553",2022,3,5,5,"w","0-5",0,5,836.87106918239,0.0569091588050314,126.334519572953,426.011572975219,12.8282606755094,33.2088335083901,-27.3068058069445,-0.50693648986268,2.84545794025157,0.359479561846727,1.2121980129614,0.0365022761987452,2.84545794025157,0.359479561846727,1.2121980129614,0.0365022761987452,1.09837760187435,0.00938026579976012,88.8530096042197,9.38026579976012,NA,NA,NA,NA,NA,NA,NA,NA,NA,NA,NA,NA,NA,NA,NA,NA,NA,NA,NA,1122.26054414494,49.4698805766506,8119.22197807423,8119.22197807423,4757.967695,4757.967695,49,2.5,42.6011572975219,12.6334519572953,0.0231029046461764,0.0135385969571982,64.2676443898274,NA,0.112571470352465,7.2347032250522,NA,NA,2.55376641504532,164.124551816817,NA,NA,-753.769997427577,NA,NA,NA,NA,"w"
"554",2022,3,5,5,"w","5-15",5,15,829.152429369114,0.105459079923327,214.141414141414,10.2927846294374,1.0738250766122,9.58515949535283,-12.291262145432,-1.77092362161296,10.5459079923327,2.25831565088336,0.108546759686943,0.0113244604578119,13.3913659325843,2.61779521273009,1.32074477264834,0.0478267366565571,1.05075816786141,0.00838781964551833,41.6465079856918,8.38781964551833,NA,NA,NA,NA,NA,NA,NA,NA,NA,NA,NA,NA,NA,NA,NA,NA,NA,NA,NA,837.51395512992,62.9255940118603,42325.277612992,42325.277612992,15066.877397,15066.877397,49,10,1.02927846294374,21.4141414141414,0.446358483456553,0.158893902760519,197.651060551236,NA,0.255686980294191,50.53680282429,NA,NA,3.4030892755824,672.6242044694,NA,NA,-397.729640840614,NA,NA,NA,NA,"w"
"555",2022,3,5,5,"w","15-25",15,25,714.222419140452,0.229265067714866,493.457943925236,262.7566863688,11.2989438622361,23.2549775954723,-25.9606383289353,1.46020430207522,22.9265067714866,11.3132668928458,6.02409294928766,0.259045312968202,36.3178727040708,13.9310621055758,7.344837721936,0.306872049624759,0.8894393532413,0.00863815002309697,-118.273428933224,8.63815002309697,NA,NA,NA,NA,NA,NA,NA,NA,NA,NA,NA,NA,NA,NA,NA,NA,NA,NA,NA,3451.95604755785,144.282213156212,8683.72390395184,8683.72390395184,5388.085092,5388.085092,49,20,26.27566863688,49.3457943925236,0.199087454885672,0.123529969347084,17.5976980629326,NA,0.14295023955312,2.51559515367969,NA,NA,3.42008854127416,60.1856854978383,NA,NA,941.178049952248,NA,NA,NA,NA,"w"
"556",2022,3,5,5,"w","25-35",25,35,272.088353413655,1.11723417976547,866.29001883239,76.9160409945997,3.10468390816834,24.7741938534341,-27.6074497557351,0.923744380768334,111.723417976547,96.784881862922,8.5933229971409,0.346865897957351,148.041290680618,110.715943968498,15.9381607190769,0.65373794758211,0.549426613447753,0.0065457445091187,-455.337744880857,6.5457445091187,8.04,0.956,6.926,40.1002000079671,157.227853536966,1.5,4.7,NA,NA,NA,NA,0.61296107779842,0.00587768729418801,0.475617197121729,0.00536406747944362,-392.354220268043,5.87768729418801,-528.50712212105,5.36406747944362,5443.26264795263,217.69930131777,24728.8577866619,24728.8577866619,7170.775547,7170.775547,49,30,7.69160409945997,86.629001883239,2.76279251458182,0.801143553653483,28.5457032276467,0.0462895787048491,0.159149038887225,4.54302123303992,0.00736694196137127,0.0288848552248538,3.97929627513085,113.591810524765,0.184199948117582,0.722224888115119,4810.80356666526,3931.78269415756,5969.6593327624,-879.020872507698,1158.85576609714,"w"
"557",2022,3,5,5,"w","35-45",35,45,214.15270018622,1.37355481062969,891.544117647061,59.8947036680756,2.34018228637263,25.5940334292994,-28.19365147407,0.592370010991058,137.355481062969,122.458471168273,8.22686583545252,0.321436863719753,285.396771743587,233.17441513677,24.1650265545294,0.975174811301863,0.451109547876024,0.00599543892843094,-552.802253043213,5.99543892843094,8.382,1.087,7.069,50.6693036364071,137.552152184314,1.8,3.5,NA,NA,NA,NA,0.465704886476326,0.00546222457095383,0.462881083378661,0.00552018545504214,-538.333478066364,5.46222457095383,-541.132794527457,5.52018545504214,5032.52651669418,214.163286925195,28801.5723737439,28801.5723737439,8998.338739,8998.338739,49,40,5.98947036680756,89.1544117647061,3.95605382876551,1.2359711462629,32.3052688068384,0.0568331983055781,0.17715636761964,5.72308407679556,0.0100683629720229,0.0273326234304019,4.1629176057541,134.484172274606,0.236591921817605,0.642276994153342,6394.63003950222,6138.84379384297,6187.70018612669,-255.786245659251,-206.929853375525,"w"
"558",2022,3,5,5,"w","45-55",45,55,355.657640232108,0.931556751679335,801.754385964914,102.579758886575,3.57276037850044,28.7116257512993,-27.5606289360844,0.429565877644885,93.1556751679335,74.6879711434135,9.55588669764272,0.33282290527245,378.552446911521,307.862386280184,33.7209132521721,1.30799771657431,0.52375565686587,0.00664837685721506,-480.786095508094,6.64837685721506,8.251,1.924,6.16,43.5160663401157,191.054690969717,1.8,4.6,NA,NA,NA,NA,0.508794108690009,0.00545009479103241,0.441298608053131,0.00505698297521502,-495.617904470535,5.45009479103241,-562.528117204111,5.05698297521502,5172.30741232386,198.699117315003,40853.2263244186,40853.2263244186,14406.318771,14406.318771,49,50,10.2579758886575,80.1754385964914,3.80570988103961,1.34203035179698,50.9547899451172,0.0542760564854834,0.155009036016422,7.89845286981187,0.00841327919458763,0.0369379999561701,4.0350173508515,205.603461537541,0.219004829654721,0.961527628061039,5195.18214707895,5427.99325775956,6571.263241322,232.811110680607,1376.08109424305,"w"
"559",2022,3,5,5,"w","55-65",55,65,285.429539565477,1.27861219152581,862.197392923648,79.8991415037167,3.16322273913725,25.258778180606,-27.3727955873163,0.900767011052288,127.861219152581,110.241609809395,10.2160016419098,0.404453515877255,506.413666064102,418.103996089579,43.936914894082,1.71245123245157,0.393156436199451,0.00570316791527835,-610.252823737011,5.70316791527835,8.80199999999999,0.549,8.044,19.1325023092052,297.036037370261,1.1,7.69999999999999,NA,NA,NA,NA,0.356843722897794,0.0050756050763057,0.32000091117494,0.00480089565959489,-646.250650985065,5.0756050763057,-682.773979900598,4.80089565959489,4594.64583058624,194.804786797315,43111.7723518736,43111.7723518736,15419.80388,15419.80388,49,60,7.98991415037167,86.2197392923648,5.51232377273909,1.9715949231905,50.0022068098406,0.0221903968467456,0.187652634112527,9.38304581930592,0.00416408642029413,0.0646482989815913,4.4259558869091,221.30756158846,0.0982137175567028,1.52478818541206,7499.18859239788,8277.66384459302,9153.05272354628,778.475252195141,1653.86413114841,"w"
"560",2022,3,5,5,"w","65-75",65,75,171.418986917142,1.74723600477211,934.52380952381,33.4719823013833,2.29203651968137,14.6035990325479,-24.8969952316047,1.28469306637242,174.723600477211,163.283364731679,5.84834526280718,0.400472873143985,681.137266541313,581.387360821258,49.7852601568891,2.11292410559555,0.258591357919803,0.00479233752480556,-743.651019605524,4.79233752480555,NA,NA,NA,NA,NA,NA,NA,NA,NA,NA,NA,NA,NA,NA,NA,NA,NA,NA,NA,4125.52073949204,162.688346741026,47490.9100052157,47490.9100052157,17384.869346,17384.869346,49,70,3.34719823013833,93.452380952381,8.29778278605049,3.03754696595902,50.8182986043072,NA,0.226522630362264,11.5114946703826,NA,NA,5.74425782942784,291.913409635994,NA,NA,10864.6825610111,NA,NA,NA,NA,"w"
"561",2022,3,5,5,"w","75-85",75,85,NA,NA,NA,NA,NA,NA,NA,NA,NA,NA,NA,NA,NA,NA,NA,NA,NA,NA,NA,NA,NA,NA,NA,NA,NA,NA,NA,NA,NA,NA,NA,NA,NA,NA,NA,NA,NA,NA,NA,NA,NA,NA,NA,NA,NA,49,80,NA,NA,NA,NA,NA,NA,NA,NA,NA,NA,NA,NA,NA,NA,NA,NA,NA,NA,NA,"w"
"562",2022,3,5,5,"w","85-95",85,95,NA,NA,NA,NA,NA,NA,NA,NA,NA,NA,NA,NA,NA,NA,NA,NA,NA,NA,NA,NA,NA,NA,NA,NA,NA,NA,NA,NA,NA,NA,NA,NA,NA,NA,NA,NA,NA,NA,NA,NA,NA,NA,NA,NA,NA,49,90,NA,NA,NA,NA,NA,NA,NA,NA,NA,NA,NA,NA,NA,NA,NA,NA,NA,NA,NA,"w"
"563",2022,3,5,5,"w","95-105",95,105,NA,NA,NA,NA,NA,NA,NA,NA,NA,NA,NA,NA,NA,NA,NA,NA,NA,NA,NA,NA,NA,NA,NA,NA,NA,NA,NA,NA,NA,NA,NA,NA,NA,NA,NA,NA,NA,NA,NA,NA,NA,NA,NA,NA,NA,49,100,NA,NA,NA,NA,NA,NA,NA,NA,NA,NA,NA,NA,NA,NA,NA,NA,NA,NA,NA,"w"
"564",2022,3,5,5,"w","105-115",105,115,NA,NA,NA,NA,NA,NA,NA,NA,NA,NA,NA,NA,NA,NA,NA,NA,NA,NA,NA,NA,NA,NA,NA,NA,NA,NA,NA,NA,NA,NA,NA,NA,NA,NA,NA,NA,NA,NA,NA,NA,NA,NA,NA,NA,NA,49,110,NA,NA,NA,NA,NA,NA,NA,NA,NA,NA,NA,NA,NA,NA,NA,NA,NA,NA,NA,"w"
"565",2022,3,5,1,"c","0-5",0,5,785.565690510482,0.0784874716796793,61.8181818181831,460.47763226596,11.3594532498571,40.5369538601477,-27.6847716317056,-1.93463410825304,3.92437358398396,0.242597639737195,1.80708625608002,0.0445787382622399,3.92437358398396,0.242597639737195,1.80708625608002,0.0445787382622399,NA,NA,NA,NA,NA,NA,NA,NA,NA,NA,NA,NA,NA,NA,NA,NA,NA,NA,NA,NA,NA,NA,NA,110.202627306182,38.2206401224072,7434.27033492457,7434.27033492457,3993.399982,3993.399982,45,2.5,46.047763226596,6.18181818181831,0.0291748541185736,0.0156715933996428,120.260255417895,NA,0.560950163614795,67.4600099530253,NA,NA,1.61740310000569,194.509309920379,NA,NA,NA,NA,NA,NA,NA,"c"
"566",2022,3,5,1,"c","5-15",5,15,843.570608495982,0.077288469091788,88.2352941176469,439.676418246853,12.9653902535173,33.9115452485186,-25.2534261016215,2.31879278726587,7.7288469091788,0.681957080221657,3.39819172620599,0.100207516387194,11.6532204931628,0.924554719958853,5.20527798228601,0.144786254649434,NA,NA,NA,NA,NA,NA,NA,NA,NA,NA,NA,NA,NA,NA,NA,NA,NA,NA,NA,NA,NA,NA,NA,1,32.5913052094288,20530.8039253327,20530.8039253327,18612.222837,18612.222837,45,10,43.9676418246853,8.82352941176469,0.158679440461264,0.143851020946695,232.682444487104,NA,88.2352941176469,20530.8039253327,NA,NA,2.70732618870753,629.947275612425,NA,NA,NA,NA,NA,NA,NA,"c"
"567",2022,3,5,1,"c","15-25",15,25,844.148742253008,0.138792927451695,178.498985801219,412.445132527353,15.6826864832245,26.2993928348015,-25.8069978919247,0.662922415183671,13.8792927451695,2.47743967865098,5.72444673566737,0.217664596731386,25.5325132383323,3.40199439860983,10.9297247179534,0.362450851380819,NA,NA,NA,NA,NA,NA,NA,NA,NA,NA,NA,NA,NA,NA,NA,NA,NA,NA,NA,NA,NA,NA,NA,947.458791240169,55.8535652267116,16121.6142748891,16121.6142748891,13690.526421,13690.526421,45,20,41.2445132527353,17.8498985801219,0.223756604045889,0.190014824032537,90.3176799718209,NA,0.188397624732126,17.0156363780074,NA,NA,3.19583870925133,288.640737783719,NA,NA,NA,NA,NA,NA,NA,"c"
"568",2022,3,5,1,"c","25-35",25,35,808.083745274789,0.148328030425506,194.672131147539,418.664861657691,17.631451672826,23.7453426652864,-25.5258963267944,1.67089736221707,14.8328030425506,2.88753337918501,6.20997343380522,0.261523850017277,40.3653162808829,6.28952777779485,17.1396981517586,0.623974701398097,NA,NA,NA,NA,NA,NA,NA,NA,NA,NA,NA,NA,NA,NA,NA,NA,NA,NA,NA,NA,NA,NA,NA,1708.4869527586,79.5590057145303,9804.58212464389,9804.58212464389,6639.227439,6639.227439,45,30,41.8664861657691,19.4672131147539,0.145429435569355,0.0984783529573846,50.3645902823818,NA,0.113944171966437,5.73875153615482,NA,NA,2.44688994538283,123.236609565286,NA,NA,NA,NA,NA,NA,NA,"c"
"569",2022,3,5,1,"c","35-45",35,45,309.567983037371,0.957316359920306,875,75.8303702350607,3.24301540201702,23.3826734797181,-27.4616644545789,0.547999739977266,95.7316359920306,83.7651814930268,7.25936540048374,0.310459169982442,136.096952272913,90.0547092708217,24.3990635522423,0.934433871380539,NA,NA,NA,NA,8.064,1.35,6.591,39.4311804792509,198.153902404574,1.9,9.5,NA,NA,NA,NA,NA,NA,NA,NA,NA,NA,NA,NA,5047.50713958576,208.345364577946,23070.187251271,23070.187251271,6426.474626,6426.474626,45,40,7.58303702350607,87.5,2.20854676820666,0.615216929608253,26.3659282871669,0.045064206262001,0.173352899917207,4.5706101275895,0.00781201083798505,0.0392577755562791,4.19975746411505,110.730504122351,0.189258736613259,0.951083806476726,NA,NA,NA,NA,NA,"c"
"570",2022,3,5,1,"c","45-55",45,55,241.599621391387,1.17840950610042,877.094972067039,69.7221445665414,2.92052716573561,23.8731368037045,-27.5987697967479,-0.00567630182048573,117.840950610042,103.357705283668,8.21612379429198,0.344157697492734,253.937902882955,193.412414554489,32.6151873465343,1.27859156887327,NA,NA,NA,NA,8.118,0.708,7.307,41.3474638581669,263.081065472431,1.9,8.8,NA,NA,NA,NA,NA,NA,NA,NA,NA,NA,NA,NA,5229.26716231551,210.25009766408,33026.8083893675,33026.8083893675,10894.343395,10894.343395,45,50,6.97221445665414,87.7094972067039,3.89191049621878,1.28379978193903,37.6547688006165,0.0471413759911584,0.167728085952041,6.31576229789401,0.00790693276414248,0.050309356417724,4.17167450484797,157.083438991477,0.196658476345768,1.25127678129672,NA,NA,NA,NA,NA,"c"
"571",2022,3,5,1,"c","55-65",55,65,296.987087517934,1.10563351252405,844.444444444443,96.1793055775368,3.36569387500754,28.5763676523675,-27.6272221823935,0.69498634319682,110.563351252405,93.3646077242532,10.6339063457816,0.372122394110528,364.50125413536,286.777022278743,43.2490936923159,1.6507139629838,NA,NA,NA,NA,8.326,2.112,5.904,55.7805560724665,259.555681934921,2.3,7.6,NA,NA,NA,NA,NA,NA,NA,NA,NA,NA,NA,NA,4875.08392569163,233.040889095686,48016.4870081037,48016.4870081037,17620.713318,17620.713318,45,60,9.61793055775368,84.4444444444443,5.30886371898351,1.94820511589596,56.8616293517019,0.0660559216647631,0.173216391208002,9.84936623450879,0.0114419683686887,0.0532412745895647,3.6235891809429,206.043184929612,0.239359523081647,1.11377742739536,NA,NA,NA,NA,NA,"c"
"572",2022,3,5,1,"c","65-75",65,75,204.473133921265,1.4461881393086,943.231441048035,29.4175624334134,1.96303679376798,14.985741748094,-27.2083480789625,0.994411207602862,144.61881393086,136.409012266663,4.25433298785729,0.283892052817365,509.120068066221,423.186034545406,47.5034266801732,1.93460601580117,NA,NA,NA,NA,8.098,0.196,7.706,15.3320267058621,273.460656506582,1.2,7,NA,NA,NA,NA,NA,NA,NA,NA,NA,NA,NA,NA,4558.02884844875,196.096610722069,47682.1022342452,47682.1022342452,17470.663691,17470.663691,45,70,2.94175624334134,94.3231441048035,6.89572907084655,2.52658666157736,50.5518583872322,0.0162547875724186,0.20693845353108,10.461123397776,0.00336374060271253,0.0599953764223431,4.81003438853358,243.156177246867,0.0781860872016418,1.39452005569929,NA,NA,NA,NA,NA,"c"
"573",2022,3,5,1,"c","75-85",75,85,674.861221252974,0.326494608095112,951.002227171492,25.1807368564479,1.85242715681894,13.5933749209816,-26.7753492223451,1.51143429463977,32.6494608095112,31.0497099457935,0.82213748114921,0.0604807478590344,541.769528875732,454.235744491199,48.3255641613224,1.9950867636602,NA,NA,NA,NA,NA,NA,NA,NA,NA,NA,NA,NA,NA,NA,NA,NA,NA,NA,NA,NA,NA,NA,NA,4976.45350273721,213.305214099264,38263.8624492304,38263.8624492304,13244.384634,13244.384634,45,80,2.51807368564479,95.1002227171492,1.24929447745668,0.432422017053875,40.2353026690971,NA,0.19110039441711,7.68898220955627,NA,NA,4.4584105981063,179.385499837917,NA,NA,NA,NA,NA,NA,NA,"c"
"574",2022,3,5,1,"c","85-95",85,95,NA,NA,NA,NA,NA,NA,NA,NA,NA,NA,NA,NA,NA,NA,NA,NA,NA,NA,NA,NA,NA,NA,NA,NA,NA,NA,NA,NA,NA,NA,NA,NA,NA,NA,NA,NA,NA,NA,NA,NA,NA,NA,NA,NA,NA,45,90,NA,NA,NA,NA,NA,NA,NA,NA,NA,NA,NA,NA,NA,NA,NA,NA,NA,NA,NA,"c"
"575",2022,3,5,1,"c","95-105",95,105,NA,NA,NA,NA,NA,NA,NA,NA,NA,NA,NA,NA,NA,NA,NA,NA,NA,NA,NA,NA,NA,NA,NA,NA,NA,NA,NA,NA,NA,NA,NA,NA,NA,NA,NA,NA,NA,NA,NA,NA,NA,NA,NA,NA,NA,45,100,NA,NA,NA,NA,NA,NA,NA,NA,NA,NA,NA,NA,NA,NA,NA,NA,NA,NA,NA,"c"
"576",2022,3,5,1,"c","105-115",105,115,NA,NA,NA,NA,NA,NA,NA,NA,NA,NA,NA,NA,NA,NA,NA,NA,NA,NA,NA,NA,NA,NA,NA,NA,NA,NA,NA,NA,NA,NA,NA,NA,NA,NA,NA,NA,NA,NA,NA,NA,NA,NA,NA,NA,NA,45,110,NA,NA,NA,NA,NA,NA,NA,NA,NA,NA,NA,NA,NA,NA,NA,NA,NA,NA,NA,"c"
"577",2022,3,6,1,"c","0-5",0,5,642.066420664207,0.102011070110701,107.438016528925,455.458724691275,13.4263087579627,33.9228549634803,-27.7656484079291,-2.49011302393651,5.10055350553505,0.547993351834341,2.32309159485061,0.0684816062018229,5.10055350553505,0.547993351834341,2.32309159485061,0.0684816062018229,1.14992282039086,0.00144763046300405,139.951253247054,1.44763046300405,NA,NA,NA,NA,NA,NA,NA,NA,NA,NA,NA,NA,NA,NA,NA,NA,NA,NA,NA,379.9467,35.19246,NA,6222.816,NA,2865.271,53,2.5,45.5458724691275,10.7438016528925,NA,NA,NA,NA,0.282771284837913,NA,NA,NA,3.0528703173613,NA,NA,NA,-1122.16854866004,NA,NA,NA,NA,"c"
"578",2022,3,6,1,"c","5-15",5,15,793.736501079914,0.0740568466522678,59.2885375494059,493.317686217356,9.03535056204917,54.5986215841385,-28.0102817708297,-2.36310085829177,7.40568466522678,0.439072213353357,3.65335522390503,0.0669129571023157,12.5062381707618,0.987065565187698,5.97644681875564,0.135394563304139,1.1618897199634,0.00144183319791407,151.814381731248,1.44183319791407,NA,NA,NA,NA,NA,NA,NA,NA,NA,NA,NA,NA,NA,NA,NA,NA,NA,NA,NA,95.9835541855565,32.6290226962829,2730.58493792323,2730.58493792323,1994.7877061445,1994.7877061445,53,10,49.3317686217356,5.92885375494059,0.0202218510018773,0.0147727687257772,46.0558659529728,NA,0.617694750444317,28.4484666263184,NA,NA,1.81704913755079,83.6857715090038,NA,NA,-1205.3335641728,NA,NA,NA,NA,"c"
"579",2022,3,6,1,"c","15-25",15,25,857.554122524182,0.100803961883924,74.9542961608782,455.217989530471,8.90836031158087,51.1000872897662,-26.3650033699458,-0.268758287551955,10.0803961883924,0.755569001323755,4.58877768655063,0.0897998013296863,22.5866343591543,1.74263456651145,10.5652245053063,0.225194364633825,1.09047917882645,0.00144440619346959,81.0230778101286,1.44440619346959,NA,NA,NA,NA,NA,NA,NA,NA,NA,NA,NA,NA,NA,NA,NA,NA,NA,NA,NA,331.072925259138,37.5134372438924,10099.5763040079,10099.5763040079,6968.510575,6968.510575,53,20,45.5217989530471,7.49542961608782,0.101807730479299,0.0702453474390021,134.743127763226,NA,0.226398145067918,30.5055941862438,NA,NA,1.99806527121376,269.225564118421,NA,NA,-695.79607396938,NA,NA,NA,NA,"c"
"580",2022,3,6,1,"c","25-35",25,35,834.398802875851,0.135913531405709,176.220962097791,418.816515458359,16.0169440596472,26.1483410255217,-26.1636068093649,0.666849337070873,13.5913531405709,2.39508132664223,5.69228316269793,0.217691942947434,36.1779874997252,4.13771589315369,16.2575076680042,0.442886307581259,0.973709498084159,0.00131181761609511,-34.7340334872959,1.31181761609511,NA,NA,NA,NA,NA,NA,NA,NA,NA,NA,NA,NA,NA,NA,NA,NA,NA,NA,NA,439.609415975444,42.9070378909356,NA,18063.6561562324,NA,17779.266283317,53,30,41.8816515458359,17.6220962097791,NA,NA,NA,NA,0.400858024632563,NA,NA,NA,4.10704096017355,NA,NA,NA,214.01740643406,NA,NA,NA,NA,"c"
"581",2022,3,6,1,"c","35-45",35,45,766.958041958043,0.200026101579975,254.295532646048,389.62819994491,18.3302411535366,21.2560324046657,-26.095180497138,1.59789336049858,20.0026101579975,5.08657440443921,7.79358099006033,0.366652667896274,56.1805976577227,9.2242902975929,24.0510886580645,0.809538975477534,0.914754712753512,0.00128000376488385,-93.1775918121398,1.28000376488385,1,1,0,NA,NA,NA,NA,NA,NA,NA,NA,NA,NA,NA,NA,NA,NA,NA,NA,2501.71928061846,96.720462233158,9133.46836110092,9133.46836110092,5890.106066,5890.106066,53,40,38.962819994491,25.4295532646048,0.182693207017506,0.117817495427454,35.9167472037888,NA,0.101648308271895,3.65087659189444,NA,NA,2.62918028692867,94.4316037188019,NA,NA,715.734862768896,NA,NA,NA,NA,"c"
"582",2022,3,6,1,"c","45-55",45,55,494.218807171607,0.552316519881789,649.910233393178,178.835547214624,8.11745451355783,22.0309885218244,-27.2334570346909,0.945084477044593,55.2316519881789,35.8956158343281,9.87738270687367,0.448340422722698,111.412249645902,45.119906131921,33.9284713649382,1.25787939820023,0.732353089226775,0.00111835089570761,-273.997517851111,1.11835089570761,8.068,2.277,5.633,39.6903586976959,279.613498276712,2,14.2,NA,NA,NA,NA,0.633614393603302,0.00647086240964749,0.584549706784972,0.00634699626736185,-371.879999896037,6.47086240964749,-420.519221795919,6.34699626736185,4642.74865241985,167.214445163521,21762.4057982677,21762.4057982677,5839.629367,5839.629367,53,50,17.8835547214624,64.9910233393178,1.20197362347545,0.322532376938093,33.4852487006495,0.061070524294521,0.139983936682516,4.68739693391002,0.0085488924060123,0.0602258530904908,3.88668713852815,130.146685455231,0.237362021318686,1.67218506752377,2502.21940503444,3665.57615831577,4313.025825285,1163.35675328133,1810.80642025056,"c"
"583",2022,3,6,1,"c","55-65",55,65,516.040187077776,0.461932858933533,613.360323886641,245.903536935779,10.8922155798274,22.5760806085399,-26.2126491384121,0.124326387980896,46.1932858933533,28.3331287969354,11.3590923838612,0.503147228291006,157.605535539255,73.4530349288564,45.2875637487994,1.76102662649124,0.73791999604275,0.00108213951977663,-268.478884522813,1.08213951977663,3.643,2.545,1.01,37.495688340321,352.900657675547,2.4,23.1,NA,NA,NA,NA,0.7504047542789,0.00658175611255485,0.715316646505394,0.00651321230763905,-256.102387991551,6.58175611255485,-290.88622889044,6.51321230763905,4001.71152467503,148.478283568733,8379.44096433974,8379.44096433974,5048.433507,5048.433507,53,60,24.5903536935779,61.3360323886641,0.387073912092222,0.233203732302435,13.6615308131479,0.0611315842908202,0.153274497700443,2.09396427320438,0.00936991287580779,0.0881874306779785,4.13097665964536,56.43546492414,0.252533147872521,2.37678298262509,2441.38828923489,2306.61606921189,2691.29576569747,-134.772220022996,249.907476462581,"c"
"584",2022,3,6,1,"c","65-75",65,75,381.558789735733,0.627489841007929,739.776951672862,120.168496241609,5.52019120458603,21.7689010738933,-26.9652139598891,0.192877825603958,62.7489841007929,46.4202521786534,7.54045106008091,0.346386390129906,220.354519640048,119.87328710751,52.8280148088803,2.10741301662114,0.664811780460414,0.00101224412667749,-340.953141488521,1.01224412667749,8.02,2.574,5.251,48.4826392718576,252.821170853027,2.3,13.9,NA,NA,NA,NA,0.668708088678984,0.00650143149115413,0.389648243379772,0.00477660285542624,-337.090620145319,6.50143149115413,-613.730595227854,4.77660285542624,4571.26729583692,182.433451109161,26094.0758962486,26094.0758962486,7783.394554,7783.394554,53,70,12.0168496241609,73.9776951672862,1.63737675353859,0.488400101119144,35.2728965632707,0.0655368339906015,0.161831917452428,5.70828048493524,0.0106059515084605,0.0553065822869892,4.05505101819407,143.033395123545,0.265755205402805,1.38582682789764,3279.48281572794,3232.54068353826,7571.18995449164,-46.9421321896843,4291.7071387637,"c"
"585",2022,3,6,1,"c","75-85",75,85,293.136246786632,1.29054733356426,850.894632206762,75.7793100206406,2.48312879703203,30.517671943242,-27.7971596402733,0.722052179027674,129.054733356426,109.811979873858,9.77967864864769,0.320459524790631,349.409252996473,229.685266981367,62.607693457528,2.42787254141177,0.377650266279481,0.000776364711241094,-625.624531750706,0.776364711241094,8.07600000000001,1.797,5.393,34.7221287761577,222.182732006129,1.7,6.9,NA,NA,NA,NA,0.412652405082203,0.00542910593522409,0.448864089518727,0.00565054296828118,-590.925914341818,5.42910593522409,-555.028239886092,5.65054296828118,5060.29700286227,225.619973557137,40787.9573964829,40787.9573964829,14377.030421,14377.030421,53,80,7.57793100206406,85.0894632206762,5.26387896595637,1.85542382743938,47.9353798374552,0.0408066139588955,0.168151124672221,8.06038803125822,0.00686167803125345,0.0439070536532648,3.77136216617487,180.781677940201,0.153896520014282,0.984765349021116,7822.42882720912,7110.4073358813,6434.71522347681,-712.021491327814,-1387.7136037323,"c"
"586",2022,3,6,1,"c","85-95",85,95,NA,NA,NA,NA,NA,NA,NA,NA,NA,NA,NA,NA,NA,NA,NA,NA,NA,NA,NA,NA,NA,NA,NA,NA,NA,NA,NA,NA,NA,NA,NA,NA,NA,NA,NA,NA,NA,NA,NA,NA,NA,NA,NA,NA,NA,53,90,NA,NA,NA,NA,NA,NA,NA,NA,NA,NA,NA,NA,NA,NA,NA,NA,NA,NA,NA,"c"
"587",2022,3,6,1,"c","95-105",95,105,NA,NA,NA,NA,NA,NA,NA,NA,NA,NA,NA,NA,NA,NA,NA,NA,NA,NA,NA,NA,NA,NA,NA,NA,NA,NA,NA,NA,NA,NA,NA,NA,NA,NA,NA,NA,NA,NA,NA,NA,NA,NA,NA,NA,NA,53,100,NA,NA,NA,NA,NA,NA,NA,NA,NA,NA,NA,NA,NA,NA,NA,NA,NA,NA,NA,"c"
"588",2022,3,6,1,"c","105-115",105,115,NA,NA,NA,NA,NA,NA,NA,NA,NA,NA,NA,NA,NA,NA,NA,NA,NA,NA,NA,NA,NA,NA,NA,NA,NA,NA,NA,NA,NA,NA,NA,NA,NA,NA,NA,NA,NA,NA,NA,NA,NA,NA,NA,NA,NA,53,110,NA,NA,NA,NA,NA,NA,NA,NA,NA,NA,NA,NA,NA,NA,NA,NA,NA,NA,NA,"c"
"589",2022,3,6,5,"w","0-5",0,5,819.651741293532,0.0547212686567164,98.6460348162479,439.917521678638,10.0488629087398,43.7778409033752,-27.8519096593739,-1.14151254837344,2.73606343283582,0.269901808654985,1.20364224452868,0.0274943263461831,2.73606343283582,0.269901808654985,1.20364224452868,0.0274943263461831,NA,NA,NA,NA,NA,NA,NA,NA,NA,NA,NA,NA,NA,NA,NA,NA,NA,NA,NA,NA,NA,NA,NA,223.297984386665,31.4032043735238,12105.6911463978,12105.6911463978,9207.808272,9207.808272,57,2.5,43.9917521678638,9.86460348162479,0.0331219388748634,0.0251931475095824,122.718476915444,NA,0.441768585987017,54.213168021416,NA,NA,3.14127289823381,385.492225647016,NA,NA,NA,NA,NA,NA,NA,"w"
"590",2022,3,6,5,"w","5-15",5,15,872.609463970155,0.0935390488906342,117.647058823528,419.255765853331,9.08863916392809,46.1296524475651,-26.52787689386,0.412139847241081,9.35390488906342,1.10045939871333,3.9216785579835,0.0850142663104002,12.0899683218992,1.37036120736832,5.12532080251218,0.112508592656583,NA,NA,NA,NA,NA,NA,NA,NA,NA,NA,NA,NA,NA,NA,NA,NA,NA,NA,NA,NA,NA,NA,NA,67.8583736036006,26.4622135956332,44160.6319947334,44160.6319947334,46382.4771677877,46382.4771677877,57,10,41.9255765853331,11.7647058823528,0.413074351519667,0.433857279946642,375.365371955238,NA,1.73371468509946,650.776457636618,NA,NA,4.44585100178249,1668.81851494165,NA,NA,NA,NA,NA,NA,NA,"w"
"591",2022,3,6,5,"w","15-25",15,25,874.70398277718,0.201949614639397,176.211453744493,396.527913823876,13.0062243455506,30.4875499060207,-25.9673718029533,0.142155518630281,20.1949614639397,3.55858351787484,8.00786593904959,0.26266019944975,32.284929785839,4.92894472524316,13.1331867415618,0.375168792106333,NA,NA,NA,NA,NA,NA,NA,NA,NA,NA,NA,NA,NA,NA,NA,NA,NA,NA,NA,NA,NA,NA,NA,1011.39767543409,51.836652876747,19883.1009126992,19883.1009126992,17889.233388,17889.233388,57,20,39.6527913823876,17.6211453744493,0.401538456715585,0.361272378890083,112.836597679568,NA,0.174225685924049,19.6590336280587,NA,NA,3.3993601817516,383.572237196249,NA,NA,NA,NA,NA,NA,NA,"w"
"592",2022,3,6,5,"w","25-35",25,35,837.845373891001,0.13311423819977,201.058201058199,405.400659569859,16.6816915846596,24.3021313223811,-25.6483381798861,1.38855291288599,13.311423819977,2.67637092676783,5.39645999643259,0.222057066717547,45.5963536058159,7.60531565201099,18.5296467379944,0.597225858823881,NA,NA,NA,NA,NA,NA,NA,NA,NA,NA,NA,NA,NA,NA,NA,NA,NA,NA,NA,NA,NA,NA,NA,1098.58990811361,62.8407296664386,20289.550187591,20289.550187591,18342.926719,18342.926719,57,30,40.5400659569859,20.1058201058199,0.270082801663718,0.244170471655389,100.913815406704,NA,0.183014789753017,18.4687207098327,NA,NA,3.19948864574656,322.872606592712,NA,NA,NA,NA,NA,NA,NA,"w"
"593",2022,3,6,5,"w","35-45",35,45,559.241770102537,0.533051823439831,627.049180327871,203.775665533882,8.62002083257994,23.6398112593532,-26.5398027229024,1.1038465498181,53.3051823439831,33.4249708960223,10.8622990085501,0.459491782289607,98.901535949799,41.0302865480333,29.3919457465445,1.05671764111349,NA,NA,NA,NA,5.059,2.296,2.763,42.9630811881914,262.848969745368,2.5,13.9,NA,NA,NA,NA,NA,NA,NA,NA,NA,NA,NA,NA,4317.01399422586,166.290366735595,9187.26562493413,9187.26562493413,5950.156511,5950.156511,57,40,20.3775665533882,62.7049180327871,0.489728869379722,0.317174177794093,14.6515870096988,0.0685162863393377,0.1452506712201,2.12815284759845,0.00995203658029737,0.0608867541538982,3.7708088125447,55.2483334139377,0.25836181633121,1.58066263792239,NA,NA,NA,NA,NA,"w"
"594",2022,3,6,5,"w","45-55",45,55,439.577583103324,0.728784586936089,740.350877192983,161.287223619496,6.14338461621251,26.2538053036523,-26.9550296410265,0.779069805849542,72.8784586936089,53.955630822286,11.7543642643603,0.447720401991596,171.779994643408,94.9859173703193,41.1463100109048,1.50443804310508,NA,NA,NA,NA,8.11,2.546,5.42499999999999,41.0715479345617,227.499590971298,2.2,9.5,NA,NA,NA,NA,NA,NA,NA,NA,NA,NA,NA,NA,4576.9424064588,186.337210998563,30843.1262379804,30843.1262379804,9914.45220999999,9914.45220999999,57,50,16.1287223619496,74.0350877192983,2.24779950151642,0.722549995856244,41.6601468143337,0.0554757874945501,0.161756651372372,6.73880584436802,0.00897357761736376,0.0497055830657296,3.97317783831536,165.523172063675,0.220415169436439,1.22090262998008,NA,NA,NA,NA,NA,"w"
"595",2022,3,6,5,"w","55-65",55,65,306.323805319501,1.06877376006987,849.290780141843,76.2679474433133,2.60780408791406,29.2460418314318,-27.5824545213587,0.67673362288159,106.877376006987,90.7699700484875,8.15131809618016,0.27871525805655,278.657370650395,185.755887418807,49.2976281070849,1.78315330116163,NA,NA,NA,NA,8.00600000000001,1.961,5.929,42.5563871452789,254.865189433426,2,7.9,NA,NA,NA,NA,NA,NA,NA,NA,NA,NA,NA,NA,5025.97510222628,186.704956495391,43246.4092627096,43246.4092627096,15480.219963,15480.219963,57,60,7.62679474433133,84.9290780141843,4.62206274372266,1.65448528965642,50.9206154993074,0.0501081468683451,0.168980299915462,8.6045808789529,0.008467289686021,0.0507096004754445,4.54883896005626,231.629679653294,0.227933890690949,1.36506922053629,NA,NA,NA,NA,NA,"w"
"596",2022,3,6,5,"w","65-75",65,75,600.349040139616,0.447957862453076,572.398190045249,259.895160318996,9.10741969724184,28.5366403392724,-28.3271923346149,1.98757975721379,44.7957862453076,25.6410269684679,11.6422080478397,0.40797402600395,323.453156895703,211.396914387275,60.9398361549246,2.19112732716558,NA,NA,NA,NA,5.015,4.289,0.577,17.5565152395348,368.06581266795,1.4,15.9,NA,NA,NA,NA,NA,NA,NA,NA,NA,NA,NA,NA,3632.88149519615,168.157382334874,14379.3583827482,14379.3583827482,11745.757595,11745.757595,57,70,25.9895160318996,57.2398190045249,0.64413466445826,0.526160446514818,25.1212506133387,0.0306718566635351,0.157560380321281,3.95811380078386,0.0048326694010664,0.101315116706849,3.40394327086608,85.5113119810148,0.104405260094809,2.18881744920941,NA,NA,NA,NA,NA,"w"
"597",2022,3,6,5,"w","75-85",75,85,NA,NA,NA,NA,NA,NA,NA,NA,NA,NA,NA,NA,NA,NA,NA,NA,NA,NA,NA,NA,NA,NA,NA,NA,NA,NA,NA,NA,NA,NA,NA,NA,NA,NA,NA,NA,NA,NA,NA,NA,NA,NA,NA,NA,NA,57,80,NA,NA,NA,NA,NA,NA,NA,NA,NA,NA,NA,NA,NA,NA,NA,NA,NA,NA,NA,"w"
"598",2022,3,6,5,"w","85-95",85,95,NA,NA,NA,NA,NA,NA,NA,NA,NA,NA,NA,NA,NA,NA,NA,NA,NA,NA,NA,NA,NA,NA,NA,NA,NA,NA,NA,NA,NA,NA,NA,NA,NA,NA,NA,NA,NA,NA,NA,NA,NA,NA,NA,NA,NA,57,90,NA,NA,NA,NA,NA,NA,NA,NA,NA,NA,NA,NA,NA,NA,NA,NA,NA,NA,NA,"w"
"599",2022,3,6,5,"w","95-105",95,105,NA,NA,NA,NA,NA,NA,NA,NA,NA,NA,NA,NA,NA,NA,NA,NA,NA,NA,NA,NA,NA,NA,NA,NA,NA,NA,NA,NA,NA,NA,NA,NA,NA,NA,NA,NA,NA,NA,NA,NA,NA,NA,NA,NA,NA,57,100,NA,NA,NA,NA,NA,NA,NA,NA,NA,NA,NA,NA,NA,NA,NA,NA,NA,NA,NA,"w"
"600",2022,3,6,5,"w","105-115",105,115,NA,NA,NA,NA,NA,NA,NA,NA,NA,NA,NA,NA,NA,NA,NA,NA,NA,NA,NA,NA,NA,NA,NA,NA,NA,NA,NA,NA,NA,NA,NA,NA,NA,NA,NA,NA,NA,NA,NA,NA,NA,NA,NA,NA,NA,57,110,NA,NA,NA,NA,NA,NA,NA,NA,NA,NA,NA,NA,NA,NA,NA,NA,NA,NA,NA,"w"
"601",2022,3,6,7,"w","0-5",0,5,867.455621301775,0.0293188165680473,87.0229007633593,456.421709563481,13.6759983870278,33.3739224476959,-26.4349403830071,-0.97939192727972,1.46594082840237,0.127570423235016,0.669087219018314,0.020048204404709,1.46594082840237,0.127570423235016,0.669087219018314,0.020048204404709,1.07678588541425,0.00902122142659307,67.4485259275823,9.02122142659307,NA,NA,NA,NA,NA,NA,NA,NA,NA,NA,NA,NA,NA,NA,NA,NA,NA,NA,NA,234.2918,30.44949,NA,16347.078,NA,12778.08586,59,2.5,45.6421709563481,8.70229007633593,NA,NA,NA,NA,0.371429562465948,NA,NA,NA,2.85794280177958,NA,NA,NA,-594.285934260013,NA,NA,NA,NA,"w"
"602",2022,3,6,7,"w","5-15",5,15,883.444400888541,0.0802182255324709,160.98484848485,429.264439888866,13.698508631818,31.3365820635248,-26.5051133145124,-0.28386204658451,8.02182255324709,1.29139188830684,3.44348316520749,0.109887005488567,9.48776338164946,1.41896231154185,4.1125703842258,0.129935209893276,1.14327669466798,0.00967677752708898,133.362759469306,9.67677752708898,NA,NA,NA,NA,NA,NA,NA,NA,NA,NA,NA,NA,NA,NA,NA,NA,NA,NA,NA,622.402225307988,53.2227705186362,16125.0637173418,16125.0637173418,13694.376813,13694.376813,59,10,42.9264439888866,16.098484848485,0.129352399800319,0.109853860771187,100.165101679487,NA,0.258650824079539,25.9077860934101,NA,NA,3.02473634717081,302.973023768004,NA,NA,-1075.6061130233,NA,NA,NA,NA,"w"
"603",2022,3,6,7,"w","15-25",15,25,851.579955314395,0.14853581232046,215.827338129495,417.775719992259,16.8415073566803,24.8063140159806,-26.1570847485146,1.1479216880233,14.853581232046,3.2058088990027,6.20546559368151,0.250156697592551,24.3413446136954,4.62477121054456,10.3180359779073,0.380091907485827,0.985102079929378,0.00766897113073244,-23.4402425285583,7.66897113073244,NA,NA,NA,NA,NA,NA,NA,NA,NA,NA,NA,NA,NA,NA,NA,NA,NA,NA,NA,1426.74483407281,73.8353770844165,10319.0805048896,10319.0805048896,7213.529076,7213.529076,59,20,41.7775719992259,21.5827338129495,0.1532753005194,0.107146740100092,47.8117396726555,NA,0.15127255622394,7.23260407779615,NA,NA,2.92308845233821,139.75794412334,NA,NA,120.575400157469,NA,NA,NA,NA,"w"
"604",2022,3,6,7,"w","25-35",25,35,749.799839871898,0.240553990794712,361.396303901438,343.908570705418,14.7281019958907,23.3505017008554,-25.6653925213839,2.66710023907807,24.0553990794712,8.69353231619493,8.27285791516935,0.354290371194307,48.3967436931666,13.3183035267395,18.5908938930767,0.734382278680134,0.87524927301145,0.00755844748595813,-132.3404597416,7.55844748595814,3.663,3.533,0.446,74.0579011861937,340.132668360453,4.10707267829466,19.2,NA,NA,NA,NA,0.823938244270626,0.00642508257671862,0.752596277132885,0.00635888875827409,-183.206544387713,6.42508257671862,-253.929868949734,6.35888875827409,3051.58951181071,121.265116803481,8531.22311722364,8531.22311722364,5217.858217,5217.858217,59,30,34.3908570705418,36.1396303901438,0.205221976720825,0.125517661750033,23.6062821482267,0.204921578850433,0.118428872069034,2.79566536855788,0.0242686314458625,0.111460819695448,2.98021651590958,70.3518319373667,0.610710673756328,2.80486818737546,1070.36953417748,1555.66835527743,2283.19024954288,485.298821099946,1212.8207153654,"w"
"605",2022,3,6,7,"w","35-45",35,45,293.091732729332,1.09524129343401,822.878228782291,102.68167420433,3.64837689880928,28.1444809712074,-27.4581146567316,1.09254424394153,109.524129343401,90.1250215630202,11.246120966752,0.399585303358663,157.920873036567,103.44332508976,29.8370148598287,1.1339675820388,0.54808470411239,0.00676687145592941,-456.668017836107,6.7668714559294,8.128,3.606,4.373,42.8044847960866,168.771186823943,1.83929828663691,6.7,NA,NA,NA,NA,0.60832657611822,0.0058888997694154,0.526747550467708,0.00542491853522387,-396.948533820951,5.8888997694154,-477.820146141303,5.42491853522387,5493.5562294013,220.018926759299,23512.4362037423,23512.4362037423,6624.926516,6624.926516,59,40,10.268167420433,82.2878228782291,2.57517910395714,0.725589308628911,28.5734090188975,0.0520180061871723,0.149789716245786,4.28000282911544,0.00779176238644808,0.0307216636685516,3.74003382755576,106.865516299263,0.194549102782029,0.767075766207054,4830.44721478106,3992.74970808147,5149.42513059549,-837.697506699596,318.977915814428,"w"
"606",2022,3,6,7,"w","45-55",45,55,355.33756491633,0.857430719066104,781.03448275862,123.624553988561,5.19543112731316,23.7948595523957,-27.2671056080428,1.21338751813026,85.7430719066104,66.9682958167146,10.5999490220638,0.445472224735054,243.663944943178,170.411620906474,40.4369638818925,1.57943980677385,0.604509969341517,0.00705528744100142,-400.732044854131,7.05528744100142,8.113,2.877,5.067,35.487421662761,238.022814166534,1.69633876572362,11.5,NA,NA,NA,NA,0.638713369923053,0.00648616600597787,0.500048711331037,0.00536412269928638,-366.825239400022,6.48616600597787,-504.287466029558,5.36412269928637,4844.45501983532,234.530729826424,29247.9536392322,29247.9536392322,9198.644936,9198.644936,59,50,12.3624553988561,78.103448275862,2.50780939200989,0.788720074190826,37.4477110612686,0.0454364339170009,0.161222362383534,6.03740844315372,0.00732536921438221,0.0491330424561616,3.3302010501424,124.708406701666,0.151312459945122,1.01488966645307,4043.30706233252,3601.18976789476,5567.26874331243,-442.117294437766,1523.9616809799,"w"
"607",2022,3,6,7,"w","55-65",55,65,424.410946875457,0.806026398332569,750.915750915751,141.170040890028,5.4219388244039,26.0368192010261,-27.1709034979744,0.742105874361944,80.6026398332569,60.5257918161819,11.3786779611051,0.43702258226138,324.266584776435,230.937412722656,51.8156418429976,2.01646238903523,0.505750853148936,0.0065064793201333,-498.634770390996,6.5064793201333,8.176,2.414,5.496,44.1693000929286,318.511247943597,2.5,15,NA,NA,NA,NA,0.539077817520093,0.0057512308800378,0.468699857652063,0.00514692154147198,-465.596801121974,5.7512308800378,-535.364477812887,5.14692154147198,4824.68602235654,209.052567456461,30897.2869763973,30897.2869763973,9938.755944,9938.755944,59,60,14.1170040890028,75.0915750915751,2.49040289398333,0.801089965744873,41.1461431441779,0.0588205801237537,0.155640335440725,6.40399952105195,0.00915485482127909,0.0660169898036236,3.59199487503134,147.796735301193,0.211283222350893,1.52359405014211,5476.18539512656,4963.55330330291,6087.34858045827,-512.632091823644,611.16318533171,"w"
"608",2022,3,6,7,"w","65-75",65,75,NA,NA,NA,NA,NA,NA,NA,NA,NA,NA,NA,NA,NA,NA,NA,NA,NA,NA,NA,NA,NA,NA,NA,NA,NA,NA,NA,NA,NA,NA,NA,NA,NA,NA,NA,NA,NA,NA,NA,NA,NA,NA,NA,NA,NA,59,70,NA,NA,NA,NA,NA,NA,NA,NA,NA,NA,NA,NA,NA,NA,NA,NA,NA,NA,NA,"w"
"609",2022,3,6,7,"w","75-85",75,85,NA,NA,NA,NA,NA,NA,NA,NA,NA,NA,NA,NA,NA,NA,NA,NA,NA,NA,NA,NA,NA,NA,NA,NA,NA,NA,NA,NA,NA,NA,NA,NA,NA,NA,NA,NA,NA,NA,NA,NA,NA,NA,NA,NA,NA,59,80,NA,NA,NA,NA,NA,NA,NA,NA,NA,NA,NA,NA,NA,NA,NA,NA,NA,NA,NA,"w"
"610",2022,3,6,7,"w","85-95",85,95,NA,NA,NA,NA,NA,NA,NA,NA,NA,NA,NA,NA,NA,NA,NA,NA,NA,NA,NA,NA,NA,NA,NA,NA,NA,NA,NA,NA,NA,NA,NA,NA,NA,NA,NA,NA,NA,NA,NA,NA,NA,NA,NA,NA,NA,59,90,NA,NA,NA,NA,NA,NA,NA,NA,NA,NA,NA,NA,NA,NA,NA,NA,NA,NA,NA,"w"
"611",2022,3,6,7,"w","95-105",95,105,NA,NA,NA,NA,NA,NA,NA,NA,NA,NA,NA,NA,NA,NA,NA,NA,NA,NA,NA,NA,NA,NA,NA,NA,NA,NA,NA,NA,NA,NA,NA,NA,NA,NA,NA,NA,NA,NA,NA,NA,NA,NA,NA,NA,NA,59,100,NA,NA,NA,NA,NA,NA,NA,NA,NA,NA,NA,NA,NA,NA,NA,NA,NA,NA,NA,"w"
"612",2022,3,6,7,"w","105-115",105,115,NA,NA,NA,NA,NA,NA,NA,NA,NA,NA,NA,NA,NA,NA,NA,NA,NA,NA,NA,NA,NA,NA,NA,NA,NA,NA,NA,NA,NA,NA,NA,NA,NA,NA,NA,NA,NA,NA,NA,NA,NA,NA,NA,NA,NA,59,110,NA,NA,NA,NA,NA,NA,NA,NA,NA,NA,NA,NA,NA,NA,NA,NA,NA,NA,NA,"w"
"613",2022,3,5,3,"c","0-5",0,5,745.431789737171,0.015121351689612,114.545454545456,451.654347985058,12.6056558360166,35.8295001751993,-28.0096115444602,-2.63232751995214,0.756067584480601,0.086604105131415,0.341481211901224,0.00953072775873084,0.756067584480601,0.086604105131415,0.341481211901224,0.00953072775873084,1.07617767314768,0.00900115093365848,66.8455877797158,9.00115093365848,NA,NA,NA,NA,NA,NA,NA,NA,NA,NA,NA,NA,NA,NA,NA,NA,NA,NA,NA,495.400760766174,35.5144104406236,5045.24398290627,5045.24398290627,1326.682656,1326.682656,47,2.5,45.1654347985058,11.4545454545456,0.00381454543127122,0.00100306175109423,44.0457808031494,NA,0.231217760683902,10.1841668048782,NA,NA,3.22532327368813,142.061881932164,NA,NA,-589.747288682015,NA,NA,NA,NA,"c"
"614",2022,3,5,3,"c","5-15",5,15,908.209982788296,0.0441014316695353,82.8025477707038,452.150479874951,8.87618994637882,50.939703026456,-26.5970575828548,-0.819139411952843,4.41014316695353,0.365171090257312,1.99404834925528,0.0391452684406041,5.16621075143413,0.451775195388727,2.3355295611565,0.048675996199335,1.17895000622611,0.00894998408064509,168.726729552399,8.94998408064509,NA,NA,NA,NA,NA,NA,NA,NA,NA,NA,NA,NA,NA,NA,NA,NA,NA,NA,NA,478.333700145966,31.8369554723463,14766.4446536396,14766.4446536396,12177.837243,12177.837243,47,10,45.2150479874951,8.28025477707038,0.0651221349894462,0.0537060057054887,178.333216201641,NA,0.173106238898568,30.8705923273513,NA,NA,2.60083122089442,463.814596419742,NA,NA,-1322.42633609269,NA,NA,NA,NA,"c"
"615",2022,3,5,3,"c","15-25",15,25,861.744285825727,0.0869904953584523,171.232876712331,419.270054518565,13.9826958855629,29.9849226465306,-26.0371089056715,0.627488158050457,8.69904953584523,1.48956327668585,3.64725097315352,0.121636164153171,13.8652602872794,1.94133847207457,5.98278053431002,0.170312160352506,1.00477408570596,0.00822428768004078,-3.93882274520285,8.22428768004077,NA,NA,NA,NA,NA,NA,NA,NA,NA,NA,NA,NA,NA,NA,NA,NA,NA,NA,NA,751.563152898935,49.6961854977753,28964.6840371682,28964.6840371682,28026.423815,28026.423815,47,20,41.9270054518565,17.1232876712331,0.251965221229432,0.243803249079277,169.15375477706,NA,0.227835646348348,38.5392550518814,NA,NA,3.44559396253856,582.835156200567,NA,NA,-38.2589771512839,NA,NA,NA,NA,"c"
"616",2022,3,5,3,"c","25-35",25,35,798.519542045006,0.173065322110135,225.122349102773,419.777357226344,18.2810335142411,22.9624521446959,-26.1913543030057,0.601372365682265,17.3065322110135,3.89608718616618,7.26489035429185,0.316381295364832,31.1717924982929,5.83742565824075,13.2476708886019,0.486693455717338,0.985379857443921,0.00820613385097063,-23.1648737644873,8.20613385097063,NA,NA,NA,NA,NA,NA,NA,NA,NA,NA,NA,NA,NA,NA,NA,NA,NA,NA,NA,1537.11738991743,76.1361437825183,16462.7079797447,16462.7079797447,14071.267509,14071.267509,47,30,41.9777357226344,22.5122349102773,0.284912385931961,0.243524844394296,73.1278260259675,NA,0.146457486317858,10.7101175796528,NA,NA,2.95683939215298,216.22723665609,NA,NA,118.310586918857,NA,NA,NA,NA,"c"
"617",2022,3,5,3,"c","35-45",35,45,671.750663129974,0.296263390512893,523.478260869566,271.92223200928,11.9254192614992,22.8019012201249,-26.2027090239943,0.634379773658326,29.6263390512893,15.508744442501,8.05606024109028,0.353306514369952,60.7981315495822,21.3461701007418,21.3037311296922,0.83999997008729,0.881649790255905,0.001232332501172,-125.995444645921,1.232332501172,6.75,5.027,1.593,58.7162628006295,318.157983576376,3.2,16.8,NA,NA,NA,NA,0.884343892084307,0.00591914095338061,0.753300003292322,0.00539419613047401,-123.324704748249,5.9191409533806,-253.232245158669,5.39419613047401,3017.44495838165,117.606520578631,19799.8764285623,19799.8764285623,17796.335219,17796.335219,47,40,27.192223200928,52.3478260869566,0.586597852246218,0.527240261068495,37.8236842073864,0.11216561830685,0.173483946878794,6.56180202179449,0.0194589341679727,0.105439531777579,4.45109895517716,168.356961256449,0.499260266452421,2.70527503076377,1011.83961226779,987.330196415606,2275.68238499238,-24.50941585218,1263.8427727246,"c"
"618",2022,3,5,3,"c","45-55",45,55,547.144574691915,0.497541280486293,570.110701107013,249.922747740072,9.47761708997933,26.3697874019741,-26.5538095827785,1.06814970938938,49.7541280486293,28.3653608247721,12.4346883933248,0.471550574290709,110.552259598212,49.7115309255139,33.738419523017,1.311550544378,0.695310053888477,0.00107633312849395,-310.719334141022,1.07633312849395,7.087,4.609,2.268,31.7759166231865,274.8,1.9,12,NA,NA,NA,NA,0.708752384131361,0.00529092364794462,0.558205974756837,0.00468637684785849,-297.393569198181,5.29092364794462,-446.634513890452,4.68637684785849,4489.21813215848,176.926698028459,11134.8569325334,11134.8569325334,8124.128129,8124.128129,47,50,24.9922747740072,57.0110701107013,0.554005097624434,0.404208911213737,19.5310435515634,0.0557363974426117,0.126995544507635,2.48035551063312,0.00707827414211841,0.0612133320124216,3.22229888117456,62.9348597843743,0.179599331120029,1.55318560207232,2919.17141217653,2765.35269971952,4683.45793398542,-153.818712457006,1764.28652180889,"c"
"619",2022,3,5,3,"c","55-65",55,65,272.640988853327,1.10349616767074,878.354203935599,74.8485573514666,3.08178118494293,24.2874340712976,-26.9057345432455,-0.664533325312837,110.349616767074,96.9260497900415,8.25950961930269,0.34007337271843,220.901876365285,146.637580715555,41.9979291423196,1.65162391709643,0.516954492390965,0.00666231499892186,-487.52828361779,6.66231499892186,10.768,1.521,8.625,16.3797655582402,172.907801350995,1,8.4,NA,NA,NA,NA,0.398320447076796,0.00385089821815972,0.398952206073444,0.00393751207938328,-605.133592631214,3.85089821815972,-604.507311938972,3.93751207938328,4832.69794323448,197.718462656796,35803.3901563172,35803.3901563172,12140.288459,12140.288459,47,60,7.48485573514666,87.8354203935599,3.95089038271163,1.33967617889238,40.7619044753184,0.0186482463280169,0.181752349154213,7.40857189438873,0.00338936257772349,0.0357787313384766,4.44244908711568,181.082685325475,0.0828438848762068,0.874515202210186,5300.17686063668,7394.36408293196,7381.63337891948,2094.18722229528,2081.4565182828,"c"
"620",2022,3,5,3,"c","65-75",65,75,369.256381798002,0.81013129527129,803.883495145634,126.604614850652,4.20957961699892,30.0753581995227,-28.0306856940547,0.455203937036296,81.013129527129,65.1251177169544,10.2566360616282,0.341031218766695,301.915005892414,211.76269843251,52.2545652039478,1.99265513586312,0.40089965856804,0.00591239728540689,-602.576746798001,5.91239728540689,10.659,5.936,4.363,36.4700326584986,316.079246879207,2,10.5,NA,NA,NA,NA,0.497790814014866,0.00427508019565101,0.370555815909152,0.00382767457611875,-506.525783966754,4.27508019565101,-632.657462524273,3.82767457611875,4606.76803378959,222.149964766557,37656.4373792597,37656.4373792597,12971.812698,12971.812698,47,70,12.6604614850652,80.3883495145634,3.05066583893619,1.05088714230473,46.8431527785475,0.0453673111573109,0.174500536872995,8.17415530868026,0.00791662015343496,0.068611930221109,3.61865236391274,169.509085535217,0.164168527763768,1.42281925280229,7342.51634364449,5603.62272536342,7974.77035237083,-1738.89361828106,632.25400872634,"c"
"621",2022,3,5,3,"c","75-85",75,85,276.195383347073,0.868663841701027,952.879581151834,20.0531825261039,1.29646099581576,15.4676327254149,-27.2206919978572,1.58041025678792,86.8663841701027,82.7732037641818,1.74194745714573,0.112618878924086,388.781390062517,294.535902196692,53.9965126610935,2.10527401478721,0.315172573506657,0.00529025153160968,-687.560448590896,5.29025153160967,10.781,0.973,9.022,13.9819999628493,215.836412816165,1.1,8.6,NA,NA,NA,NA,0.3803573276435,0.00396913177165558,0.325894711760058,0.00346762034827499,-622.940944696157,3.96913177165558,-676.931287465718,3.46762034827499,4660.58769499965,188.402243403827,44834.3482350497,44834.3482350497,16192.781267,16192.781267,47,80,2.00531825261039,95.2879581151834,3.89459771780199,1.40660835832166,47.0514313895301,0.0146734175434297,0.204454812034581,9.61989156070436,0.00300005082574685,0.0463109862834973,5.05768702079308,237.971413848562,0.074213553460082,1.14561487653592,9275.18245511249,7765.0523139353,9006.44632909612,-1510.13014117719,-268.736126016371,"c"
"622",2022,3,5,3,"c","85-95",85,95,NA,NA,NA,NA,NA,NA,NA,NA,NA,NA,NA,NA,NA,NA,NA,NA,NA,NA,NA,NA,NA,NA,NA,NA,NA,NA,NA,NA,NA,NA,NA,NA,NA,NA,NA,NA,NA,NA,NA,NA,NA,NA,NA,NA,NA,47,90,NA,NA,NA,NA,NA,NA,NA,NA,NA,NA,NA,NA,NA,NA,NA,NA,NA,NA,NA,"c"
"623",2022,3,5,3,"c","95-105",95,105,NA,NA,NA,NA,NA,NA,NA,NA,NA,NA,NA,NA,NA,NA,NA,NA,NA,NA,NA,NA,NA,NA,NA,NA,NA,NA,NA,NA,NA,NA,NA,NA,NA,NA,NA,NA,NA,NA,NA,NA,NA,NA,NA,NA,NA,47,100,NA,NA,NA,NA,NA,NA,NA,NA,NA,NA,NA,NA,NA,NA,NA,NA,NA,NA,NA,"c"
"624",2022,3,5,3,"c","105-115",105,115,NA,NA,NA,NA,NA,NA,NA,NA,NA,NA,NA,NA,NA,NA,NA,NA,NA,NA,NA,NA,NA,NA,NA,NA,NA,NA,NA,NA,NA,NA,NA,NA,NA,NA,NA,NA,NA,NA,NA,NA,NA,NA,NA,NA,NA,47,110,NA,NA,NA,NA,NA,NA,NA,NA,NA,NA,NA,NA,NA,NA,NA,NA,NA,NA,NA,"c"
"625",2022,3,6,3,"c","0-5",0,5,878.333657776912,0.0437074167802219,73.0593607305937,459.186912151566,9.68539170917822,47.4102572141118,-28.2797210071516,-1.2366825817314,2.1853708390111,0.159661796457432,1.00349368747158,0.0211661726056379,2.1853708390111,0.159661796457432,1.00349368747158,0.0211661726056379,NA,NA,NA,NA,NA,NA,NA,NA,NA,NA,NA,NA,NA,NA,NA,NA,NA,NA,NA,NA,NA,NA,NA,234.2918,30.44949,NA,6222.816,NA,2865.271,55,2.5,45.9186912151566,7.30593607305937,NA,NA,NA,NA,0.311830634834824,NA,NA,NA,2.39936237784586,NA,NA,NA,NA,NA,NA,NA,NA,"c"
"626",2022,3,6,3,"c","5-15",5,15,904.571320182094,0.0440880500758725,76.7716535433099,444.959288238993,7.30482685290577,60.9130506716931,-26.4734733284028,-0.523297745432193,4.40880500758725,0.338471250582498,1.96173873816053,0.0322055572086488,6.59417584659835,0.49813304703993,2.96523242563211,0.0533717298142867,NA,NA,NA,NA,NA,NA,NA,NA,NA,NA,NA,NA,NA,NA,NA,NA,NA,NA,NA,NA,NA,NA,NA,376.489,40.72898,NA,15352.804,NA,13020.101,55,10,44.4959288238993,7.67716535433099,NA,NA,NA,NA,0.203914732019554,NA,NA,NA,1.88493926298449,NA,NA,NA,NA,NA,NA,NA,NA,"c"
"627",2022,3,6,3,"c","15-25",15,25,904.009932861216,0.0988361726294491,91.0714285714288,450.527728313335,12.0025266113438,37.5360741035587,-25.8083286957855,0.461597088421626,9.88361726294491,0.900115143589628,4.45284363299303,0.118628379214833,16.4777931095433,1.39824819062956,7.41807605862515,0.17200010902912,NA,NA,NA,NA,NA,NA,NA,NA,NA,NA,NA,NA,NA,NA,NA,NA,NA,NA,NA,NA,NA,NA,NA,828.406654444443,33.5719598676361,17045.8977280573,17045.8977280573,14722.244927,14722.244927,55,20,45.0527728313335,9.10714285714288,0.168475129047421,0.1455090341098,187.170641719844,NA,0.109935655493381,20.5767271865879,NA,NA,2.71272302631408,507.742109643406,NA,NA,NA,NA,NA,NA,NA,"c"
"628",2022,3,6,3,"c","25-35",25,35,799.290005461496,0.173473547784061,223.50674373796,397.01656798193,18.210051629477,21.8020561424038,-26.8646134909073,0.840971375895788,17.3473547784061,3.8772507789887,6.88718725768773,0.315896226149631,33.8251478879494,5.27549896961825,14.3052633163129,0.48789633517875,NA,NA,NA,NA,NA,NA,NA,NA,NA,NA,NA,NA,NA,NA,NA,NA,NA,NA,NA,NA,NA,NA,NA,1428.46614519893,73.6279309067188,12371.9566844045,12371.9566844045,9505.023463,9505.023463,55,30,39.701656798193,22.350674373796,0.214620721907438,0.164887014189735,55.3538406828092,NA,0.156466251922851,8.6610079811738,NA,NA,3.0356244021189,168.033469527738,NA,NA,NA,NA,NA,NA,NA,"c"
"629",2022,3,6,3,"c","35-45",35,45,290.225563909774,1.04262230458276,847.826086956523,80.8965169996055,2.93832243880283,27.5315315743787,-27.6522200413432,0.558785464057494,104.262230458276,88.3962388667996,8.43445129868473,0.306356051275185,138.087378346226,93.6717378364178,22.7397146149976,0.794252386453935,NA,NA,NA,NA,8.003,0.477,7.385,30.6320572064439,274.28757185509,9.29275950906469,8.5,NA,NA,NA,NA,NA,NA,NA,NA,NA,NA,NA,NA,5338.05402548637,181.829971319495,29099.1072254863,29099.1072254863,9131.852574,9131.852574,55,40,8.08965169996055,84.7826086956523,3.03393782367374,0.952107317581389,34.3220239069838,0.0361301187563184,0.158826808966077,5.45125753440365,0.00573843146963146,0.0513834387110945,4.6627411356008,160.034712728167,0.168465390959228,1.50848383170636,NA,NA,NA,NA,NA,"c"
"630",2022,3,6,3,"c","45-55",45,55,209.144122765385,1.09937430794565,885.245901639346,62.9274745032473,2.06339725324434,30.4970234908981,-27.669258351018,0.726596430633634,109.937430794565,97.3216600476482,6.91808487327753,0.226844592730246,248.024809140791,190.993397884066,29.6577994882751,1.02109697918418,NA,NA,NA,NA,10.303,1.541,8.574,29.5288924648015,177.229332514772,1.183875941699,5.5,NA,NA,NA,NA,NA,NA,NA,NA,NA,NA,NA,NA,5297.07638849604,234.785322862689,27710.6167936968,27710.6167936968,8508.790498,8508.790498,55,50,6.29274745032473,88.5245901639346,3.04643401603175,0.935434566519327,31.3027337854722,0.0333567118583868,0.167119715993125,5.23130398003652,0.00557456421223811,0.0334579529379019,3.77044821561129,118.025336745189,0.125769754705114,0.75485694912208,NA,NA,NA,NA,NA,"c"
"631",2022,3,6,3,"c","55-65",55,65,327.590741714887,1.03007027907278,800.403225806452,112.423430160135,3.9075631161637,28.7707266186164,-27.1755100270775,1.13643265437804,103.007027907278,82.4471574177205,11.5804034079369,0.402506462956124,351.031837048069,273.440555301787,41.238202896212,1.42360344214031,NA,NA,NA,NA,10.249,3.233,6.894,23.9790181127999,192.434294314741,1.3,7.8,NA,NA,NA,NA,NA,NA,NA,NA,NA,NA,NA,NA,5000.32235035275,197.605310196234,28980.1514863811,28980.1514863811,9078.473157,9078.473157,55,60,11.2423430160135,80.0403225806452,2.9851592729148,0.935146537838573,36.2069398923048,0.0299586725036492,0.160070325416118,5.79565665088305,0.00479549445669403,0.0384843777723981,4.05051476102339,146.656744485267,0.121348045196697,0.97383159452366,NA,NA,NA,NA,NA,"c"
"632",2022,3,6,3,"c","65-75",65,75,184.186425155185,1.65481967411891,938.69731800766,20.7229252397681,1.29917966758195,15.9507770609879,-27.0442650873723,1.87948747080289,165.481967411891,155.337478988173,3.42927043920635,0.214990807412988,516.51380445996,428.77803428996,44.6674733354184,1.63859424955329,NA,NA,NA,NA,10.181,0.409,8.984,15.1371310354861,204.332767567795,1.2,6.9,NA,NA,NA,NA,NA,NA,NA,NA,NA,NA,NA,NA,4715.53403258316,185.130251419231,40402.0392703511,40402.0392703511,14203.856056,14203.856056,55,70,2.07229252397681,93.869731800766,6.68580894591018,2.35048204498218,43.0405397941293,0.0161256783684159,0.199064901561837,8.56786081728668,0.00321005657702655,0.0433318402869975,5.07046963319875,218.235750022615,0.0817647624817825,1.1037243562376,NA,NA,NA,NA,NA,"c"
"633",2022,3,6,3,"c","75-85",75,85,149.64234620887,1.20368630145761,962.301587301586,3.9803719529094,0.79331109633548,5.01741620821368,-24.8531175483633,3.20250305220728,120.368630145761,115.830923850583,0.479111919442312,0.0954897699453334,636.882434605721,544.608958140543,45.1465852548607,1.73408401949863,NA,NA,NA,NA,NA,NA,NA,NA,NA,NA,NA,NA,NA,NA,NA,NA,NA,NA,NA,NA,NA,NA,NA,4125.6563579444,137.568500496177,35203.1072531105,35203.1072531105,11870.921452,11870.921452,55,80,0.39803719529094,96.2301587301586,4.23734979693122,1.42888655374517,36.5821980527169,NA,0.233248119526138,8.53272890392897,NA,NA,6.99507215555009,255.895114987379,NA,NA,NA,NA,NA,NA,NA,"c"
"634",2022,3,6,3,"c","85-95",85,95,NA,NA,NA,NA,NA,NA,NA,NA,NA,NA,NA,NA,NA,NA,NA,NA,NA,NA,NA,NA,NA,NA,NA,NA,NA,NA,NA,NA,NA,NA,NA,NA,NA,NA,NA,NA,NA,NA,NA,NA,NA,NA,NA,NA,NA,55,90,NA,NA,NA,NA,NA,NA,NA,NA,NA,NA,NA,NA,NA,NA,NA,NA,NA,NA,NA,"c"
"635",2022,3,6,3,"c","95-105",95,105,NA,NA,NA,NA,NA,NA,NA,NA,NA,NA,NA,NA,NA,NA,NA,NA,NA,NA,NA,NA,NA,NA,NA,NA,NA,NA,NA,NA,NA,NA,NA,NA,NA,NA,NA,NA,NA,NA,NA,NA,NA,NA,NA,NA,NA,55,100,NA,NA,NA,NA,NA,NA,NA,NA,NA,NA,NA,NA,NA,NA,NA,NA,NA,NA,NA,"c"
"636",2022,3,6,3,"c","105-115",105,115,NA,NA,NA,NA,NA,NA,NA,NA,NA,NA,NA,NA,NA,NA,NA,NA,NA,NA,NA,NA,NA,NA,NA,NA,NA,NA,NA,NA,NA,NA,NA,NA,NA,NA,NA,NA,NA,NA,NA,NA,NA,NA,NA,NA,NA,55,110,NA,NA,NA,NA,NA,NA,NA,NA,NA,NA,NA,NA,NA,NA,NA,NA,NA,NA,NA,"c"
"637",2022,1,2,3,"c","0-5",0,5,774.497607655502,0.0691095233032075,101.071975497704,454.573024458821,11.8142815054561,38.4765695864694,-27.7565026405179,-1.39352009396931,3.45547616516038,0.34925180229799,1.57076625134232,0.0408239681505987,3.45547616516038,0.34925180229799,1.57076625134232,0.0408239681505987,1.18581842424062,0.00874184060642389,175.535588011965,8.74184060642389,NA,NA,NA,NA,NA,NA,NA,NA,NA,NA,NA,NA,NA,NA,NA,NA,NA,NA,NA,467.254715806932,40.0499382348324,5752.55015233841,5752.55015233841,2116.203297,2116.203297,23,2.5,45.4573024458821,10.1071975497704,0.0198777999402951,0.0073124900534173,56.9153825678324,NA,0.216310230969326,12.3113795489554,NA,NA,2.52364872337804,143.634432557883,NA,NA,-1369.08981176301,NA,NA,NA,NA,"c"
"638",2022,1,2,3,"c","5-15",5,15,845.407196969697,0.0741797342639356,149.136577708007,422.196106845861,14.4169657178386,29.2846716229243,-26.1577747197977,0.357783309144374,7.41797342639356,1.10629117034128,3.13183950130942,0.106944668584154,10.8734495915539,1.45554297263927,4.70260575265174,0.147768636734752,1.02849492221391,0.00850873667538616,19.5763182936601,8.50873667538616,NA,NA,NA,NA,NA,NA,NA,NA,NA,NA,NA,NA,NA,NA,NA,NA,NA,NA,NA,514.032649682855,45.9810130426439,18849.688732169,18849.688732169,16735.701463,16735.701463,23,10,42.2196106845861,14.9136577708007,0.13982649011102,0.12414498872459,126.392123393596,NA,0.290130554547499,36.6702168506199,NA,NA,3.24343827678816,409.945050899321,NA,NA,-225.699128424504,NA,NA,NA,NA,"c"
"639",2022,1,2,3,"c","15-25",15,25,833.729960446167,0.103853779474473,185.935830974315,408.393736848829,16.1970369575917,25.2141016852722,-26.1467218150412,0.220832135229118,10.3853779474473,1.93101387864094,4.24132330854542,0.168212350433362,21.2588275390012,3.3865568512802,8.94392906119716,0.315980987168114,1.00261969178485,0.00840288966810396,-6.07453481805547,8.40288966810397,NA,NA,NA,NA,NA,NA,NA,NA,NA,NA,NA,NA,NA,NA,NA,NA,NA,NA,NA,1050.2784417476,69.1018324890031,NA,13099.8024112909,NA,40612.6784435313,23,20,40.8393736848829,18.5935830974315,NA,NA,NA,NA,0.177034797234273,NA,NA,NA,2.69075108831455,NA,NA,NA,-21.0164677772831,NA,NA,NA,NA,"c"
"640",2022,1,2,3,"c","25-35",25,35,418.189311718643,0.78638264303724,850.993377483443,75.4136643617744,3.41515268652993,22.0820769329645,-26.6640630035052,1.41925706566876,78.638264303724,66.9206421392617,5.93039967019355,0.268561679600914,99.8970918427252,70.3071989905419,14.8743287313907,0.584542666769028,0.698232663941538,0.00710835628311995,-307.822067530027,7.10835628311995,8.486,2.264,6.265,30.4718718151502,337.852708949051,1.41625125237941,7,NA,NA,NA,NA,0.557610777051111,0.0059935008698705,0.616013963008879,0.00678115314722806,-447.224550333369,5.9935008698705,-389.327808181971,6.78115314722806,5153.62336246397,224.846765076627,21717.4824839191,21717.4824839191,5819.470774,5819.470774,23,30,7.54136643617744,85.0993377483443,1.70782512758193,0.457633080833609,25.5201545141773,0.0358074135726668,0.165125256083242,4.21402204943744,0.00591270833586517,0.0655563445729806,3.78477038437012,96.5879250098077,0.135522838430722,1.50259092601982,2885.47691443729,4692.02784228949,3891.87321426642,1806.55092785221,1006.39629982913,"c"
"641",2022,1,2,3,"c","35-45",35,45,207.116692830978,1.43222156609332,908.637873754153,49.7863295377654,1.66896861478412,29.8305966312047,-27.9601446448729,0.596067762556843,143.222156609332,130.137075855987,7.13050548606163,0.23903328432267,243.119248452057,200.444274846529,22.0048342174523,0.823575951091698,0.485634857336725,0.0063377630079472,-518.576330145978,6.3377630079472,9.04899999999999,0.497,8.42,32.9737333691989,313.45146817986,1.29577744737488,17.9,NA,NA,NA,NA,0.90515460575146,0.00765034617369552,0.505842292565188,0.0055230600485342,-102.694451391094,7.65034617369552,-498.544123892549,5.5230600485342,5474.68440014582,240.669250811933,23659.9689244162,23659.9689244162,6691.12938,6691.12938,23,40,4.97863295377654,90.8637873754153,3.38863177466467,0.958317979955663,26.0389420338182,0.0362891910205809,0.165970822670609,4.32170463082511,0.00602294688773669,0.0572547100927884,3.77546309172746,98.3090645963114,0.137008501326851,1.30241593856459,5802.22192111919,800.484552295025,5474.7331653722,-5001.73736882417,-327.488755746991,"c"
"642",2022,1,2,3,"c","45-55",45,55,294.850299401198,1.0553911340097,856.33270321361,81.6632594694193,2.63493980025747,30.9924573842027,-27.6889605512466,0.880760682424276,105.53911340097,90.3765942734202,8.61866800183586,0.278089210384102,348.658361853027,290.82086911995,30.6235022192882,1.1016651614758,0.504018331796989,0.00533944174480244,-500.352268166854,5.33944174480244,8.125,1.488,6.542,35.5639173273673,270.672652172118,1.62548264425003,8.9,NA,NA,NA,NA,0.442780378505815,0.00501007976822786,0.428047766531552,0.00516608669604262,-561.059195938607,5.01007976822786,-575.664053921993,5.16608669604263,5096.41323994489,233.295482131951,29134.967720542,29134.967720542,9147.944377,9147.944377,23,50,8.16632594694193,85.633270321361,3.07487866219188,0.965465938989969,34.0229534749817,0.0415304906538131,0.168026543943063,5.71675928713682,0.0069782248128199,0.0531104208839715,3.6705927409656,124.884406051478,0.152441517522626,1.16021386140271,5503.75081875895,6544.33561749348,6816.16506067961,1040.58479873453,1312.41424192066,"c"
"643",2022,1,2,3,"c","55-65",55,65,200.514087988137,1.61206498241019,940.915805022157,23.1989769941277,1.27618302520449,18.1784090024316,-26.4013040599283,2.67617061093966,161.206498241019,151.681742067252,3.7398258439973,0.205728996607846,509.864860094046,442.502611187201,34.3633280632855,1.30739415808365,0.335433258457469,0.00465478534798022,-667.475454370612,4.65478534798022,8.186,0.0610000000000004,8.029,15.0820315974421,423.398316498058,0.963523374362869,8.9,NA,NA,NA,NA,0.360546766706914,0.00474532233416627,0.287094910350438,0.00426411515799185,-642.579718157069,4.74532233416627,-715.394636012535,4.26411515799185,4994.68896848545,226.016007169105,40071.961414285,40071.961414285,14055.739087,14055.739087,23,60,2.31989769941277,94.0915805022157,6.45986057724612,2.26587647840469,42.5882541247581,0.0160290979457901,0.18838326289364,8.02291427296545,0.00301961377226968,0.0847697062158499,4.16304940878884,177.297006155423,0.0667299267266399,1.87331119508395,8774.70515649803,8194.73323553909,10024.721458301,-579.971920958935,1250.01630180297,"c"
"644",2022,1,2,3,"c","65-75",65,75,336.630154639175,0.81701342844458,948.031496062992,20.3564116295662,1.28594283319876,15.8299506821232,-26.4100273810144,2.78303511433295,81.701342844458,77.4554462871869,1.6631461656301,0.105063256293546,591.566202938504,519.958057474388,36.0264742289156,1.41245741437719,0.284639317253056,0.00431572507669447,-717.828935410014,4.31572507669447,8.011,0.048,7.83799999999999,14.0192889646866,413.100454363407,1.01254012380293,9.3,NA,NA,NA,NA,0.289431257497375,0.00425891746744118,0.257733493973859,0.00407352410044996,-713.078548523058,4.25891746744118,-744.501444575751,4.07352410044996,5264.94524747511,221.433332516328,39340.3840345136,39340.3840345136,13727.455859,13727.455859,23,70,2.03564116295662,94.8031496062992,3.21416220363644,1.12155157751832,41.4969167141464,0.0147877881936478,0.180064834770625,7.47213545162315,0.00266276063771219,0.0784624407179763,4.28134050682314,177.662430436541,0.0633115565997854,1.86557484218392,10093.7252005773,9959.61433769867,10891.3759397769,-134.110862878679,797.650739199584,"c"
"645",2022,1,2,3,"c","75-85",75,85,NA,NA,NA,NA,NA,NA,NA,NA,NA,NA,NA,NA,NA,NA,NA,NA,NA,NA,NA,NA,NA,NA,NA,NA,NA,NA,NA,NA,NA,NA,NA,NA,NA,NA,NA,NA,NA,NA,NA,NA,NA,NA,NA,NA,NA,23,80,NA,NA,NA,NA,NA,NA,NA,NA,NA,NA,NA,NA,NA,NA,NA,NA,NA,NA,NA,"c"
"646",2022,1,2,3,"c","85-95",85,95,NA,NA,NA,NA,NA,NA,NA,NA,NA,NA,NA,NA,NA,NA,NA,NA,NA,NA,NA,NA,NA,NA,NA,NA,NA,NA,NA,NA,NA,NA,NA,NA,NA,NA,NA,NA,NA,NA,NA,NA,NA,NA,NA,NA,NA,23,90,NA,NA,NA,NA,NA,NA,NA,NA,NA,NA,NA,NA,NA,NA,NA,NA,NA,NA,NA,"c"
"647",2022,1,2,3,"c","95-105",95,105,NA,NA,NA,NA,NA,NA,NA,NA,NA,NA,NA,NA,NA,NA,NA,NA,NA,NA,NA,NA,NA,NA,NA,NA,NA,NA,NA,NA,NA,NA,NA,NA,NA,NA,NA,NA,NA,NA,NA,NA,NA,NA,NA,NA,NA,23,100,NA,NA,NA,NA,NA,NA,NA,NA,NA,NA,NA,NA,NA,NA,NA,NA,NA,NA,NA,"c"
"648",2022,1,2,3,"c","105-115",105,115,NA,NA,NA,NA,NA,NA,NA,NA,NA,NA,NA,NA,NA,NA,NA,NA,NA,NA,NA,NA,NA,NA,NA,NA,NA,NA,NA,NA,NA,NA,NA,NA,NA,NA,NA,NA,NA,NA,NA,NA,NA,NA,NA,NA,NA,23,110,NA,NA,NA,NA,NA,NA,NA,NA,NA,NA,NA,NA,NA,NA,NA,NA,NA,NA,NA,"c"
"649",2022,1,1,7,"w","0-5",0,5,813.31592689295,0.0749984595300261,106.48918469218,440.236510611193,12.2984093551958,35.7962154207531,-27.276849574371,-0.517174547843107,3.7499229765013,0.399326240426096,1.65085300623567,0.0461180878154672,3.7499229765013,0.399326240426096,1.65085300623567,0.0461180878154672,NA,NA,NA,NA,NA,NA,NA,NA,NA,NA,NA,NA,NA,NA,NA,NA,NA,NA,NA,NA,NA,NA,NA,476.800168415422,39.0692835766251,9188.98700367747,9188.98700367747,5952.077976,5952.077976,19,2.5,44.0236510611193,10.648918469218,0.034457993495862,0.0223198339601298,86.2903310814085,NA,0.223341331959009,19.2721974789056,NA,NA,2.72564979297168,235.197223047499,NA,NA,NA,NA,NA,NA,NA,"w"
"650",2022,1,1,7,"w","5-15",5,15,855.560780625441,0.0910934824829532,159.274193548388,432.590927752824,13.2801455823415,32.574260957503,-26.702010252928,0.563398843645538,9.10934824829532,1.45088409599866,3.94062140995363,0.12097347089761,12.8592712247966,1.85021033642476,5.59147441618931,0.167091558713077,NA,NA,NA,NA,NA,NA,NA,NA,NA,NA,NA,NA,NA,NA,NA,NA,NA,NA,NA,NA,NA,NA,NA,889.810516798075,51.5632010970546,22580.4780061367,22580.4780061367,20900.142926,20900.142926,19,10,43.2590927752824,15.9274193548388,0.205693437770872,0.19038668035208,141.771102418275,NA,0.17899787712279,25.3767263702289,NA,NA,3.08891205665441,437.918467544998,NA,NA,NA,NA,NA,NA,NA,"w"
"651",2022,1,1,7,"w","15-25",15,25,808.204266239248,0.168543694827387,238.908129457459,406.475677377203,18.3727816014545,22.1237962870589,-26.2601177418546,1.75203390770577,16.8543694827387,4.02664588630597,6.85089125226186,0.309661649536577,29.7136407075353,5.87685622273073,12.4423656684512,0.476753208249653,NA,NA,NA,NA,NA,NA,NA,NA,NA,NA,NA,NA,NA,NA,NA,NA,NA,NA,NA,NA,NA,NA,NA,1310.93622745111,80.6580232807307,11098.0802279556,11098.0802279556,8083.07664574292,8083.07664574292,19,20,40.6475677377203,23.8908129457459,0.187051144711041,0.136235160344647,46.4533385831551,NA,0.182242373392926,8.46576667541937,NA,NA,2.961988401649,137.594250101179,NA,NA,NA,NA,NA,NA,NA,"w"
"652",2022,1,1,7,"w","25-35",25,35,698.529685464358,0.244741579576229,345.167652859962,357.668068508347,16.6853649198561,21.4360351257713,-26.7846421574597,1.80528633605228,24.4741579576229,8.44768765795666,8.75362480507117,0.408360256629138,54.1877986651582,14.3245438806874,21.1959904735223,0.885113464878792,NA,NA,NA,NA,NA,NA,NA,NA,NA,NA,NA,NA,NA,NA,NA,NA,NA,NA,NA,NA,NA,NA,NA,2537.42866234399,117.766819897761,8583.55637350426,8583.55637350426,5276.274484,5276.274484,19,30,35.7668068508347,34.5167652859962,0.210075314523304,0.129132375149191,24.8677890363808,NA,0.136030485499879,3.38277741592745,NA,NA,2.93094144139766,72.8860334426628,NA,NA,NA,NA,NA,NA,NA,"w"
"653",2022,1,1,7,"w","35-45",35,45,207.823778312453,1.39492924779032,937.304075235111,26.5467214922778,1.35615500275612,19.5749906451156,-27.0255636523332,-3.6500655881355,139.492924779032,130.747286861851,3.70307982425221,0.189174027788167,193.68072344419,145.071830742538,24.8990702977745,1.07428749266696,NA,NA,NA,NA,8.163,0.187,7.882,23.5499789250788,335.684149334661,1.31758615461254,14.9,NA,NA,NA,NA,NA,NA,NA,NA,NA,NA,NA,NA,4895.12416007514,232.107381296046,25694.5718556904,25694.5718556904,7604.123735,7604.123735,19,40,2.65467214922778,93.7304075235111,3.58421097909525,1.06072146017681,27.413272314265,0.0251252283515054,0.191477078943126,5.24901330700792,0.00481090533252528,0.0685752063395075,4.03823467397449,110.70122678657,0.101461568320576,1.44624504167106,NA,NA,NA,NA,NA,"w"
"654",2022,1,1,7,"w","45-55",45,55,311.03744149766,0.955969277010545,875.239923224567,61.8455619011601,2.47941309097935,24.9436296541983,-27.3640324529474,0.484307423969711,95.5969277010545,83.6702476615754,5.9122457096963,0.237024273999401,289.277651145244,228.742078404114,30.8113160074708,1.31131176666636,NA,NA,NA,NA,8.088,2.176,5.987,33.1079768741762,304.408204571239,1.60721059236676,15,NA,NA,NA,NA,NA,NA,NA,NA,NA,NA,NA,NA,4709.82762539535,201.678798776479,28998.4849877949,28998.4849877949,9086.700012,9086.700012,19,50,6.18455619011601,87.5239923224567,2.77216607281834,0.868660604088335,33.1320409619324,0.0378273156829952,0.185832687061684,6.15701619979366,0.00702955171770157,0.0646325574485726,4.3397715998626,143.785490412078,0.1641619103001,1.50937136882006,NA,NA,NA,NA,NA,"w"
"655",2022,1,1,7,"w","55-65",55,65,224.90339201374,1.26644621036806,916.808149405775,39.7390038657839,1.59084938499739,24.9797399053268,-27.5803302589169,-0.181817935493079,126.644621036806,116.10882064495,5.03273108496237,0.20147251748963,415.92227218205,344.850899049064,35.8440470924332,1.51278428415599,NA,NA,NA,NA,8.135,0.124,7.923,19.8897524382248,371.780113337914,1.3,7.5,NA,NA,NA,NA,NA,NA,NA,NA,NA,NA,NA,NA,5140.2388644348,225.157934343173,36660.491740553,36660.491740553,12524.898594,12524.898594,19,60,3.97390038657839,91.6808149405775,4.64285408350529,1.58621103596155,39.9870919170105,0.0216945633076192,0.178359055597426,7.13205995040544,0.00386942182314553,0.0723274001739982,4.07184473458718,162.821229673733,0.0883368933732975,1.65119703386187,NA,NA,NA,NA,NA,"w"
"656",2022,1,1,7,"w","65-75",65,75,346.256391526662,0.860986218303851,850.287907869484,94.2247408071432,3.18108752231323,29.6202918486897,-27.0460312018351,1.63612669863004,86.0986218303852,73.2086170266041,8.11262032582028,0.273887251593004,502.020894012435,418.059516075668,43.9566674182535,1.78667153574899,NA,NA,NA,NA,8.075,1.276,6.668,43.0446442427869,360.276766490559,2.17427602943559,12.4,NA,NA,NA,NA,NA,NA,NA,NA,NA,NA,NA,NA,4364.3761306658,188.213655969556,45915.6589798858,45915.6589798858,16678.001548,16678.001548,19,70,9.42247408071432,85.0287907869484,3.95327495860211,1.43595294816783,54.000131667089,0.0506236109491917,0.194824616946975,10.5205549671268,0.00986272561164894,0.0825494310536424,4.51767382918814,243.954981605122,0.228700962324166,1.91419036325842,NA,NA,NA,NA,NA,"w"
"657",2022,1,1,7,"w","75-85",75,85,NA,NA,NA,NA,NA,NA,NA,NA,NA,NA,NA,NA,NA,NA,NA,NA,NA,NA,NA,NA,NA,NA,NA,NA,NA,NA,NA,NA,NA,NA,NA,NA,NA,NA,NA,NA,NA,NA,NA,NA,NA,NA,NA,NA,NA,19,80,NA,NA,NA,NA,NA,NA,NA,NA,NA,NA,NA,NA,NA,NA,NA,NA,NA,NA,NA,"w"
"658",2022,1,1,7,"w","85-95",85,95,NA,NA,NA,NA,NA,NA,NA,NA,NA,NA,NA,NA,NA,NA,NA,NA,NA,NA,NA,NA,NA,NA,NA,NA,NA,NA,NA,NA,NA,NA,NA,NA,NA,NA,NA,NA,NA,NA,NA,NA,NA,NA,NA,NA,NA,19,90,NA,NA,NA,NA,NA,NA,NA,NA,NA,NA,NA,NA,NA,NA,NA,NA,NA,NA,NA,"w"
"659",2022,1,1,7,"w","95-105",95,105,NA,NA,NA,NA,NA,NA,NA,NA,NA,NA,NA,NA,NA,NA,NA,NA,NA,NA,NA,NA,NA,NA,NA,NA,NA,NA,NA,NA,NA,NA,NA,NA,NA,NA,NA,NA,NA,NA,NA,NA,NA,NA,NA,NA,NA,19,100,NA,NA,NA,NA,NA,NA,NA,NA,NA,NA,NA,NA,NA,NA,NA,NA,NA,NA,NA,"w"
"660",2022,1,1,7,"w","105-115",105,115,NA,NA,NA,NA,NA,NA,NA,NA,NA,NA,NA,NA,NA,NA,NA,NA,NA,NA,NA,NA,NA,NA,NA,NA,NA,NA,NA,NA,NA,NA,NA,NA,NA,NA,NA,NA,NA,NA,NA,NA,NA,NA,NA,NA,NA,19,110,NA,NA,NA,NA,NA,NA,NA,NA,NA,NA,NA,NA,NA,NA,NA,NA,NA,NA,NA,"w"
"661",2022,1,2,7,"w","0-5",0,5,815.752949340736,0.0363814226231783,76.3546798029527,452.944836014324,13.2932743427144,34.0732331506097,-28.2834039496908,-0.498934547989091,1.81907113115892,0.138894593758434,0.823938875201166,0.0241814115954072,1.81907113115892,0.138894593758434,0.823938875201166,0.0241814115954072,NA,NA,NA,NA,NA,NA,NA,NA,NA,NA,NA,NA,NA,NA,NA,NA,NA,NA,NA,NA,NA,NA,NA,323.0182,27.59104,NA,16347.078,NA,12778.08586,27,2.5,45.2944836014324,7.63546798029527,NA,NA,NA,NA,0.236378878350981,NA,NA,NA,2.76737229923021,NA,NA,NA,NA,NA,NA,NA,NA,"w"
"662",2022,1,2,7,"w","5-15",5,15,878.319275226491,0.0595237769447048,141.962421711903,425.144519032045,14.3818394381461,29.5612060515987,-27.592377323268,-0.65941297830121,5.95237769447048,0.845013952450941,2.53062075201273,0.0856061402770766,7.7714488256294,0.983908546209375,3.35455962721389,0.109787551872484,NA,NA,NA,NA,NA,NA,NA,NA,NA,NA,NA,NA,NA,NA,NA,NA,NA,NA,NA,NA,NA,NA,NA,221.524512317328,30.11138044877,32931.3723911169,32931.3723911169,32454.184334,32454.184334,27,10,42.5144519032045,14.1962421711903,0.196019966469185,0.193179562921935,231.972461402127,NA,0.64084294883153,148.657916212647,NA,NA,4.71457700032819,1093.65203123599,NA,NA,NA,NA,NA,NA,NA,"w"
"663",2022,1,2,7,"w","15-25",15,25,873.846765641569,0.0460774688494168,142.284569138276,430.323914914049,15.3157429867082,28.0968357387237,-26.4634978760629,0.274910693322548,4.60774688494168,0.655611280222159,1.98282367846112,0.0705710670375719,12.3791957105711,1.63951982643153,5.33738330567501,0.180358618910056,NA,NA,NA,NA,NA,NA,NA,NA,NA,NA,NA,NA,NA,NA,NA,NA,NA,NA,NA,NA,NA,NA,NA,543.21148131777,51.1954556002269,14551.4828871505,14551.4828871505,11937.889171,11937.889171,27,20,43.0323914914049,14.2284569138276,0.0670495499445499,0.0550067716404543,102.270281136452,NA,0.261932183011135,26.7878779952335,NA,NA,2.77924217042509,284.233878115659,NA,NA,NA,NA,NA,NA,NA,"w"
"664",2022,1,2,7,"w","25-35",25,35,797.090247783587,0.160240219675827,280.876494023904,373.233909139175,16.8210806531775,22.1884620158855,-25.8957360366026,1.50922781004753,16.0240219675827,4.50077111041665,5.9807083590929,0.269541365904996,28.4032176781538,6.14029093684818,11.3180916647679,0.449899984815051,NA,NA,NA,NA,NA,NA,NA,NA,NA,NA,NA,NA,NA,NA,NA,NA,NA,NA,NA,NA,NA,NA,NA,2141.53753552476,97.3428007662511,13595.4892977917,13595.4892977917,10870.774668,10870.774668,27,30,37.3233909139175,28.0876494023904,0.21785441916785,0.174193532084674,48.4037987765351,NA,0.131156465560188,6.34847116721691,NA,NA,2.88543674327156,139.666099503737,NA,NA,NA,NA,NA,NA,NA,"w"
"665",2022,1,2,7,"w","35-45",35,45,671.218109953287,0.31884204799871,493.478260869566,275.819723979356,12.0634908799107,22.8640056783793,-26.2711568300099,1.3431279230148,31.884204799871,15.7341619338494,8.79429256720168,0.384634813816451,60.2874224780248,21.8744528706976,20.1123842319696,0.834534798631502,NA,NA,NA,NA,5.111,4.527,1.033,74.4426987279356,311.532975129856,4.00974286277513,17.6,NA,NA,NA,NA,NA,NA,NA,NA,NA,NA,NA,NA,3317.54772907939,143.537292790843,11604.0579832067,11604.0579832067,8647.86725399999,8647.86725399999,27,40,27.5819723979356,49.3478260869566,0.36998616124614,0.275730370608634,23.5148311553968,0.150853045880398,0.148747900910081,3.49778177462025,0.0224390739206014,0.0939045947701574,3.43797943569023,80.8435059459822,0.518629669548043,2.17039745610787,NA,NA,NA,NA,NA,"w"
"666",2022,1,2,7,"w","45-55",45,55,269.296233256864,1.29886464589997,879.643387815751,51.8164231960226,2.22054665064329,23.3349851852973,-27.0707144828617,0.45895763721493,129.886464589997,114.253769743356,6.7302520166305,0.288418953909216,190.173887068022,136.128222614053,26.8426362486001,1.12295375254072,NA,NA,NA,NA,8.032,0.208,7.626,25.3479167430414,278.431528295116,1.17152488929487,8.1,NA,NA,NA,NA,NA,NA,NA,NA,NA,NA,NA,NA,5077.42665661433,201.857956839037,37070.8545352365,37070.8545352365,12709.042099,12709.042099,27,50,5.18164231960226,87.9643387815751,4.81500223491193,1.65073254656454,42.1430491591455,0.0288161283244372,0.173245907288458,7.30111078747825,0.00499227629610776,0.0548371344630661,4.35773452575459,183.648220341381,0.125573037297975,1.37934383491823,NA,NA,NA,NA,NA,"w"
"667",2022,1,2,7,"w","55-65",55,65,227.409422884147,1.34893472674645,900.000000000001,42.3936531470097,1.83489265979114,23.1041597560454,-27.4594747012388,0.750099053394953,134.893472674645,121.404125407181,5.71862709236453,0.247515042864443,325.067359742667,257.532348021234,32.5612633409646,1.37046879540516,NA,NA,NA,NA,8.06,0.921,6.991,35.2034852917201,283.926623427355,1.7775496561772,12.9,NA,NA,NA,NA,NA,NA,NA,NA,NA,NA,NA,NA,5068.66361815408,219.519170058481,29074.5877263166,29074.5877263166,9120.849855,9120.849855,27,60,4.23936531470097,90.0000000000001,3.92197210498646,1.23034311068498,32.3050974736851,0.0391149836574667,0.177561595679093,5.73614465599614,0.00694531891318142,0.0560160714572644,4.09986972782485,132.446691186792,0.160366337401612,1.29340240923704,NA,NA,NA,NA,NA,"w"
"668",2022,1,2,7,"w","65-75",65,75,259.500351864884,1.43222900966724,888.663967611336,55.3351968084916,2.0946669644305,26.417181226485,-27.544805703289,0.964731273517097,143.222900966724,127.277031425895,7.9252674124768,0.300004279204898,468.290260709391,384.809379447129,40.4865307534414,1.67047307461006,NA,NA,NA,NA,8.054,0.347,7.582,27.6787045901108,290.888746199265,1.27597304337574,8.3,NA,NA,NA,NA,NA,NA,NA,NA,NA,NA,NA,NA,5101.8797067939,227.751011564395,36034.5835079325,36034.5835079325,12244.032645,12244.032645,27,70,5.53351968084916,88.8663967611336,5.16097758513376,1.75362587494817,40.5491668631404,0.0311464238439971,0.174183637930144,7.06300139925823,0.00542519741366159,0.0570159946758258,3.90191007937663,158.219202893613,0.121530545133429,1.27722263098277,NA,NA,NA,NA,NA,"w"
"669",2022,1,2,7,"w","75-85",75,85,NA,NA,NA,NA,NA,NA,NA,NA,NA,NA,NA,NA,NA,NA,NA,NA,NA,NA,NA,NA,NA,NA,NA,NA,NA,NA,NA,NA,NA,NA,NA,NA,NA,NA,NA,NA,NA,NA,NA,NA,NA,NA,NA,NA,NA,27,80,NA,NA,NA,NA,NA,NA,NA,NA,NA,NA,NA,NA,NA,NA,NA,NA,NA,NA,NA,"w"
"670",2022,1,2,7,"w","85-95",85,95,NA,NA,NA,NA,NA,NA,NA,NA,NA,NA,NA,NA,NA,NA,NA,NA,NA,NA,NA,NA,NA,NA,NA,NA,NA,NA,NA,NA,NA,NA,NA,NA,NA,NA,NA,NA,NA,NA,NA,NA,NA,NA,NA,NA,NA,27,90,NA,NA,NA,NA,NA,NA,NA,NA,NA,NA,NA,NA,NA,NA,NA,NA,NA,NA,NA,"w"
"671",2022,1,2,7,"w","95-105",95,105,NA,NA,NA,NA,NA,NA,NA,NA,NA,NA,NA,NA,NA,NA,NA,NA,NA,NA,NA,NA,NA,NA,NA,NA,NA,NA,NA,NA,NA,NA,NA,NA,NA,NA,NA,NA,NA,NA,NA,NA,NA,NA,NA,NA,NA,27,100,NA,NA,NA,NA,NA,NA,NA,NA,NA,NA,NA,NA,NA,NA,NA,NA,NA,NA,NA,"w"
"672",2022,1,2,7,"w","105-115",105,115,NA,NA,NA,NA,NA,NA,NA,NA,NA,NA,NA,NA,NA,NA,NA,NA,NA,NA,NA,NA,NA,NA,NA,NA,NA,NA,NA,NA,NA,NA,NA,NA,NA,NA,NA,NA,NA,NA,NA,NA,NA,NA,NA,NA,NA,27,110,NA,NA,NA,NA,NA,NA,NA,NA,NA,NA,NA,NA,NA,NA,NA,NA,NA,NA,NA,"w"
"673",2022,3,5,7,"w","0-5",0,5,792.984473835538,0.11147740080506,83.4879406307976,445.32300935565,10.1779164855488,43.7538478516646,-28.0436989475244,-2.58511701067445,5.57387004025302,0.465350931004426,2.48217258008277,0.0567303837709977,5.57387004025302,0.465350931004426,2.48217258008277,0.0567303837709977,NA,NA,NA,NA,NA,NA,NA,NA,NA,NA,NA,NA,NA,NA,NA,NA,NA,NA,NA,NA,NA,NA,NA,84.9880273556674,32.48758212058,NA,NA,1009.208135,1009.208135,51,2.5,44.532300935565,8.34879406307976,NA,0.0056251949880561,NA,NA,0.98234943471988,NA,NA,NA,2.56984161889691,NA,NA,NA,NA,NA,NA,NA,NA,"w"
"674",2022,3,5,7,"w","5-15",5,15,859.096939475731,0.0858783801231123,41.8006430868193,441.623215340629,9.93146060119925,44.467096339012,-26.8529872392107,0.213090422070268,8.58783801231123,0.358977151640041,3.79258863582136,0.0852897748687502,14.1617080525642,0.824328082644467,6.27476121590413,0.142020158639748,NA,NA,NA,NA,NA,NA,NA,NA,NA,NA,NA,NA,NA,NA,NA,NA,NA,NA,NA,NA,NA,NA,NA,241.721229530484,35.1938118023636,20681.5599359366,20681.5599359366,18780.50213,18780.50213,51,10,44.1623215340629,4.18006430868193,0.177609886571729,0.161283910082306,494.766549236607,NA,0.172929134805463,85.5595512901708,NA,NA,1.18772707320132,587.64762544271,NA,NA,NA,NA,NA,NA,NA,"w"
"675",2022,3,5,7,"w","15-25",15,25,892.70061961614,0.118921095494769,141.693811074921,428.187691764073,15.0310207588326,28.4869336975973,-26.0577890772506,1.29246937463259,11.8921095494769,1.68503832378585,5.09205493819601,0.178750545504499,26.0538176020412,2.50936640643032,11.3668161541001,0.320770704144247,NA,NA,NA,NA,NA,NA,NA,NA,NA,NA,NA,NA,NA,NA,NA,NA,NA,NA,NA,NA,NA,NA,NA,414.540866593051,38.9467017443492,20489.988865459,20489.988865459,18566.663596,18566.663596,51,20,42.8187691764073,14.1693811074921,0.2436691922556,0.220796797451917,144.607507625191,NA,0.341809028961238,49.4281517618714,NA,NA,3.63814661392937,526.103314215353,NA,NA,NA,NA,NA,NA,NA,"w"
"676",2022,3,5,7,"w","25-35",25,35,840.579528349222,0.140643661461883,231.164383561643,410.684931503334,16.451967376486,24.9626638629436,-26.0381402319706,1.30545848145925,14.0643661461883,3.25118053036886,5.77602324738515,0.231386493008044,40.1181837482295,5.76054693679918,17.1428394014853,0.552157197152291,NA,NA,NA,NA,NA,NA,NA,NA,NA,NA,NA,NA,NA,NA,NA,NA,NA,NA,NA,NA,NA,NA,NA,1466.00115993702,75.1460597525975,13703.1473326351,13703.1473326351,10990.946447,10990.946447,51,30,41.0684931503334,23.1164383561643,0.192726081441344,0.154580695123755,59.2788003130291,NA,0.157683629371462,9.34729637814461,NA,NA,3.07620099207733,182.353504332094,NA,NA,NA,NA,NA,NA,NA,"w"
"677",2022,3,5,7,"w","35-45",35,45,614.283491520149,0.410354049869708,546.32587859425,225.239587539684,9.02530767755422,24.9564442107443,-26.3309315411943,1.59746365357007,41.0354049869708,22.4187036829777,9.24279769378918,0.370357155680454,81.1535887352003,28.1792506197769,26.3856370952745,0.922514352832745,NA,NA,NA,NA,5.027,4.784,0.772,113.60280422098,331.644707674004,4.67425845112287,20.2,NA,NA,NA,NA,NA,NA,NA,NA,NA,NA,NA,NA,3289.92329355231,141.670277191564,18709.6019272908,18709.6019272908,16579.331522,16579.331522,51,40,22.5239587539684,54.632587859425,0.767756092231388,0.680339583418521,34.2462304283159,0.207939635796296,0.166060369755415,5.68694168765528,0.0345305328071394,0.10080621281474,3.85631968416013,132.064412508998,0.801881710638346,2.3409618040456,NA,NA,NA,NA,NA,"w"
"678",2022,3,5,7,"w","45-55",45,55,505.060867186431,0.619003011792491,628.571428571432,202.672626318572,7.02335145527458,28.8569677324582,-27.5599269270122,0.175948188730401,61.9003011792491,38.9087607412425,12.545496609909,0.434747570369214,143.053889914449,67.0880113610193,38.9311337051835,1.35726192320196,NA,NA,NA,NA,5.082,2.375,2.606,59.5551963406814,326.381364666102,2.46733794370554,14.1,NA,NA,NA,NA,NA,NA,NA,NA,NA,NA,NA,NA,4425.79042520807,192.032551513536,14801.2064768061,14801.2064768061,12216.639643,12216.639643,51,50,20.2672626318572,62.8571428571432,0.91619913873055,0.756213673300054,23.5473739403732,0.0947469032692654,0.14202467089071,3.34430803422199,0.0134563977547314,0.0737453275706696,3.27325457906612,77.0765495753088,0.310130734978457,1.69961478975139,NA,NA,NA,NA,NA,"w"
"679",2022,3,5,7,"w","55-65",55,65,208.538173530848,1.53630970854183,939.457202505221,26.8931947869082,1.4085998934836,19.0921459751065,-27.2455554660413,0.731691393023024,153.630970854183,144.329722096832,4.13162762448336,0.216404569180983,296.684860768632,211.417733457851,43.0627613296669,1.57366649238294,NA,NA,NA,NA,8.008,0.104,7.763,17.6626533197723,367.863742545093,1.14244312602421,10.3,NA,NA,NA,NA,NA,NA,NA,NA,NA,NA,NA,NA,4966.42816945113,216.011443781048,48402.2388439733,48402.2388439733,17793.813063,17793.813063,51,60,2.68931947869082,93.9457202505221,7.43608294511567,2.73368077606653,51.5214942361404,0.0188009132003798,0.189161540336754,9.7458852101595,0.00355640970072146,0.0740700821584112,4.34910848268514,224.072567623012,0.0817672110819989,1.70298265733534,NA,NA,NA,NA,NA,"w"
"680",2022,3,5,7,"w","65-75",65,75,162.871952390094,1.48635258165864,954.682779456196,11.5830175190666,1.09969679865512,10.5329191948473,-24.9385534682578,2.63862680833407,148.635258165864,141.899521390976,1.72164479928619,0.163453717572277,445.320118934496,353.317254848827,44.7844061289531,1.73712020995522,NA,NA,NA,NA,8.086,0.0409999999999999,7.766,11.0374607036021,381.377607128526,1.1,15.6,NA,NA,NA,NA,NA,NA,NA,NA,NA,NA,NA,NA,4225.64888608907,184.790794037544,42008.3034295918,42008.3034295918,14924.640484,14924.640484,51,70,1.15830175190666,95.4682779456196,6.24391502536733,2.21832779137205,44.0023684658065,0.011561390800292,0.225925722934301,9.94126690645881,0.00261201557468195,0.090253027974953,5.16628971929323,227.328983829449,0.0597294944322801,2.06383445189938,NA,NA,NA,NA,NA,"w"
"681",2022,3,5,7,"w","75-85",75,85,NA,NA,NA,NA,NA,NA,NA,NA,NA,NA,NA,NA,NA,NA,NA,NA,NA,NA,NA,NA,NA,NA,NA,NA,NA,NA,NA,NA,NA,NA,NA,NA,NA,NA,NA,NA,NA,NA,NA,NA,NA,NA,NA,NA,NA,51,80,NA,NA,NA,NA,NA,NA,NA,NA,NA,NA,NA,NA,NA,NA,NA,NA,NA,NA,NA,"w"
"682",2022,3,5,7,"w","85-95",85,95,NA,NA,NA,NA,NA,NA,NA,NA,NA,NA,NA,NA,NA,NA,NA,NA,NA,NA,NA,NA,NA,NA,NA,NA,NA,NA,NA,NA,NA,NA,NA,NA,NA,NA,NA,NA,NA,NA,NA,NA,NA,NA,NA,NA,NA,51,90,NA,NA,NA,NA,NA,NA,NA,NA,NA,NA,NA,NA,NA,NA,NA,NA,NA,NA,NA,"w"
"683",2022,3,5,7,"w","95-105",95,105,NA,NA,NA,NA,NA,NA,NA,NA,NA,NA,NA,NA,NA,NA,NA,NA,NA,NA,NA,NA,NA,NA,NA,NA,NA,NA,NA,NA,NA,NA,NA,NA,NA,NA,NA,NA,NA,NA,NA,NA,NA,NA,NA,NA,NA,51,100,NA,NA,NA,NA,NA,NA,NA,NA,NA,NA,NA,NA,NA,NA,NA,NA,NA,NA,NA,"w"
"684",2022,3,5,7,"w","105-115",105,115,NA,NA,NA,NA,NA,NA,NA,NA,NA,NA,NA,NA,NA,NA,NA,NA,NA,NA,NA,NA,NA,NA,NA,NA,NA,NA,NA,NA,NA,NA,NA,NA,NA,NA,NA,NA,NA,NA,NA,NA,NA,NA,NA,NA,NA,51,110,NA,NA,NA,NA,NA,NA,NA,NA,NA,NA,NA,NA,NA,NA,NA,NA,NA,NA,NA,"w"
"685",2022,3,6,8,"w","0-5",0,5,928.584712665055,0.0639795276176306,125.498007968125,413.773546371525,10.1829522917293,40.6339472598332,-27.9585501396548,-0.603419384567458,3.19897638088153,0.401465163337715,1.3236518018761,0.0325750238688855,3.19897638088153,0.401465163337715,1.3236518018761,0.0325750238688855,NA,NA,NA,NA,NA,NA,NA,NA,NA,NA,NA,NA,NA,NA,NA,NA,NA,NA,NA,NA,NA,NA,NA,1,22.98277543334,51670.7850905525,51670.7850905525,48760.8730990751,48760.8730990751,60,2.5,41.3773546371525,12.5498007968125,0.165293621086283,0.155984881355103,411.725938340601,NA,125.498007968125,51670.7850905525,NA,NA,5.46052448417832,2248.23956708014,NA,NA,NA,NA,NA,NA,NA,"w"
"686",2022,3,6,8,"w","5-15",5,15,921.823386919181,0.0760869522131689,98.920863309352,429.319467899495,9.02099638560625,47.5911362279792,-27.0568106230544,-0.0097971405542963,7.60869522131689,0.752658699950408,3.2665609838252,0.0686380120906792,10.8076716021984,1.15412386328812,4.5902127857013,0.101213035959565,NA,NA,NA,NA,NA,NA,NA,NA,NA,NA,NA,NA,NA,NA,NA,NA,NA,NA,NA,NA,NA,NA,NA,504.539358017581,35.1560943155095,16129.3822053736,16129.3822053736,10864.6929675726,10864.6929675726,60,10,42.9319467899495,9.8920863309352,0.12272355330882,0.0826661374634449,163.053391021596,NA,0.196061737776075,31.9685311939759,NA,NA,2.81376146114479,458.793347765538,NA,NA,NA,NA,NA,NA,NA,"w"
"687",2022,3,6,8,"w","15-25",15,25,870.637970791699,0.138554495003843,176.591375770025,404.371516838087,13.8532126622236,29.1897285270709,-25.4823675040829,0.844530205278148,13.8554495003843,2.44675288918497,5.60274913094392,0.191942488459523,24.6631211025827,3.60087675247309,10.1929619166452,0.293155524419088,NA,NA,NA,NA,NA,NA,NA,NA,NA,NA,NA,NA,NA,NA,NA,NA,NA,NA,NA,NA,NA,NA,NA,1104.74489941307,63.3027688804016,11638.6560247064,11638.6560247064,11977.8535247744,11977.8535247744,60,20,40.4371516838087,17.6591375770025,0.161258810802663,0.165958544635512,65.9072730701381,NA,0.159848102366297,10.5351525323989,NA,NA,2.78963114715662,183.856981780614,NA,NA,NA,NA,NA,NA,NA,"w"
"688",2022,3,6,8,"w","25-35",25,35,801.708039171031,0.143809953453466,226.939970717422,395.823475286983,20.2242077284725,19.5717666966863,-26.0669197517433,1.08771214526457,14.3809953453466,3.26362266256035,5.69233555568103,0.290844237206486,39.0441164479294,6.86449941503344,15.8852974723262,0.583999761625574,NA,NA,NA,NA,NA,NA,NA,NA,NA,NA,NA,NA,NA,NA,NA,NA,NA,NA,NA,NA,NA,NA,NA,1600.78503720662,79.4741413691084,12835.4788564663,12835.4788564663,15671.7728020147,15671.7728020147,60,30,39.5823475286983,22.6939970717422,0.184586961690137,0.225375691719103,56.5589165094615,NA,0.141767923514224,8.0182401497607,NA,NA,2.85551962950346,161.505096316215,NA,NA,NA,NA,NA,NA,NA,"w"
"689",2022,3,6,8,"w","35-45",35,45,307.486344650316,0.998055322749611,871.328671328668,69.5429268857792,2.99571167415634,23.2141589211398,-26.9763265629671,1.19913695592619,99.8055322749611,86.9634218283924,6.9407688337939,0.298988598181489,138.84964872289,93.8279212434258,22.8260663061201,0.882988359807063,NA,NA,NA,NA,8.145,0.976,7.005,46.9880926704935,253.077155903028,2.4,11.6,NA,NA,NA,NA,NA,NA,NA,NA,NA,NA,NA,NA,5265.17475562527,222.102817907989,18782.5703743172,18782.5703743172,3546.8633319107,3546.8633319107,60,40,6.95429268857792,87.1328671328668,1.87460443370064,0.353996582747889,21.5562404777478,0.0539269442366019,0.165489031564954,3.56732136084373,0.00892431777697251,0.0480662404666896,3.92308697177194,84.5670061786352,0.211560092362085,1.13945945525045,NA,NA,NA,NA,NA,"w"
"690",2022,3,6,8,"w","45-55",45,55,391.952102478418,0.89676303247801,782.214156079856,121.2918992723,4.98629292738175,24.3250649407774,-26.9944048501267,1.51769882189085,89.676303247801,70.1460738653399,10.8770091406445,0.447152316638251,228.525951970691,163.973995108766,33.7030754467647,1.33014067644531,NA,NA,NA,NA,8.127,2.741,5.377,45.8709152127978,268.418456585932,2.5,14.1,NA,NA,NA,NA,NA,NA,NA,NA,NA,NA,NA,NA,4640.3701134092,197.209276584265,25416.5179081713,25416.5179081713,5663.17114310791,5663.17114310791,60,50,12.12918992723,78.2214156079856,2.27925936743633,0.507852252773541,32.4930426157827,0.0586423997268017,0.168567191185786,5.47726092682254,0.00988518460634107,0.0578441913092854,3.96641663935939,128.880944894654,0.232600190048351,1.36108433251739,NA,NA,NA,NA,NA,"w"
"691",2022,3,6,8,"w","55-65",55,65,228.870111356734,1.46165605244216,922.165820642978,33.0288296289926,1.40364674702696,23.530727869352,-27.9857171214363,0.875597465899504,146.165605244216,134.78892530981,4.82767887322979,0.205164876328271,374.691557214907,298.762920418576,38.5307543199945,1.53530555277358,NA,NA,NA,NA,8.083,0.194,7.736,27.5820889225978,355.357281063057,1.6,9.5,NA,NA,NA,NA,NA,NA,NA,NA,NA,NA,NA,NA,4941.70388236685,207.10068751176,37022.3544347913,37022.3544347913,13562.357283144,13562.357283144,60,60,3.30288296289926,92.2165820642978,5.41139484352715,1.98235016082904,40.1471770109388,0.02991011844634,0.18660887875809,7.49181968731386,0.00558149366679317,0.0719098694543504,4.45274147431603,178.765000153314,0.133182024907723,1.71586722058988,NA,NA,NA,NA,NA,"w"
"692",2022,3,6,8,"w","65-75",65,75,181.660376014813,1.3981317234915,958.402662229614,11.4394982833235,1.18809616847898,9.62842788893811,-26.2588329157453,2.73643545909638,139.81317234915,133.997316594193,1.59939254507412,0.166111494370916,514.504729564057,432.760237012769,40.1301468650686,1.7014170471445,NA,NA,NA,NA,9.09699999999999,0.04,7.902,10.1222353910596,197.73583358967,2.49354877,4.9,NA,NA,NA,NA,NA,NA,NA,NA,NA,NA,NA,NA,4447.06165785147,197.925908834494,42018.862861245,42018.862861245,12542.2606398542,12542.2606398542,60,70,1.14394982833235,95.8402662229614,5.87479051513455,1.7535732484879,43.8425982284867,0.0105615685243522,0.215513688805622,9.44868007104398,0.00227616259225648,0.0444643786848692,4.84222943763786,212.295919764508,0.0511415380162474,0.999039664660664,NA,NA,NA,NA,NA,"w"
"693",2022,3,6,8,"w","75-85",75,85,NA,NA,NA,NA,NA,NA,NA,NA,NA,NA,NA,NA,NA,NA,NA,NA,NA,NA,NA,NA,NA,NA,NA,NA,NA,NA,NA,NA,NA,NA,NA,NA,NA,NA,NA,NA,NA,NA,NA,NA,NA,NA,NA,NA,NA,60,80,NA,NA,NA,NA,NA,NA,NA,NA,NA,NA,NA,NA,NA,NA,NA,NA,NA,NA,NA,"w"
"694",2022,3,6,8,"w","85-95",85,95,NA,NA,NA,NA,NA,NA,NA,NA,NA,NA,NA,NA,NA,NA,NA,NA,NA,NA,NA,NA,NA,NA,NA,NA,NA,NA,NA,NA,NA,NA,NA,NA,NA,NA,NA,NA,NA,NA,NA,NA,NA,NA,NA,NA,NA,60,90,NA,NA,NA,NA,NA,NA,NA,NA,NA,NA,NA,NA,NA,NA,NA,NA,NA,NA,NA,"w"
"695",2022,3,6,8,"w","95-105",95,105,NA,NA,NA,NA,NA,NA,NA,NA,NA,NA,NA,NA,NA,NA,NA,NA,NA,NA,NA,NA,NA,NA,NA,NA,NA,NA,NA,NA,NA,NA,NA,NA,NA,NA,NA,NA,NA,NA,NA,NA,NA,NA,NA,NA,NA,60,100,NA,NA,NA,NA,NA,NA,NA,NA,NA,NA,NA,NA,NA,NA,NA,NA,NA,NA,NA,"w"
"696",2022,3,6,8,"w","105-115",105,115,NA,NA,NA,NA,NA,NA,NA,NA,NA,NA,NA,NA,NA,NA,NA,NA,NA,NA,NA,NA,NA,NA,NA,NA,NA,NA,NA,NA,NA,NA,NA,NA,NA,NA,NA,NA,NA,NA,NA,NA,NA,NA,NA,NA,NA,60,110,NA,NA,NA,NA,NA,NA,NA,NA,NA,NA,NA,NA,NA,NA,NA,NA,NA,NA,NA,"w"
"697",2022,2,4,6,"w","0-5",0,5,872.929662292967,0.0982839928299993,66.666666666668,442.26821136303,11.3872976793812,38.8387327542899,NA,NA,4.91419964149996,0.327613309433338,2.17339428572703,0.0559594541736683,4.91419964149996,0.327613309433338,2.17339428572703,0.0559594541736683,1.13418961778761,0.00151270401583456,124.218484353045,1.51270401583456,NA,NA,NA,NA,NA,NA,NA,NA,NA,NA,NA,NA,NA,NA,NA,NA,NA,NA,NA,NA,NA,NA,NA,NA,NA,42,2.5,44.226821136303,6.6666666666668,NA,NA,NA,NA,NA,NA,NA,NA,NA,NA,NA,NA,-1011.50252953337,NA,NA,NA,NA,"w"
"698",2022,2,4,6,"w","5-15",5,15,859.662143059089,0.0667653923915433,148.148148148148,409.954095525494,12.8479797086368,31.9080590740589,NA,NA,6.67653923915433,0.989116924319161,2.73707460502799,0.0857800406685725,11.5907388806543,1.3167302337525,4.91046889075502,0.141739494842241,1.06693197965963,0.00153924890392306,57.5521361414504,1.53924890392306,NA,NA,NA,NA,NA,NA,NA,NA,NA,NA,NA,NA,NA,NA,NA,NA,NA,NA,NA,NA,NA,NA,NA,NA,NA,42,10,40.9954095525494,14.8148148148148,NA,NA,NA,NA,NA,NA,NA,NA,NA,NA,NA,NA,-520.43574741814,NA,NA,NA,NA,"w"
"699",2022,2,4,6,"w","15-25",15,25,839.730176043775,0.0995767279506549,184.90471609355,396.192394565009,16.8355535129598,23.5330780339373,NA,NA,9.95767279506549,1.84122066112405,3.94515422897184,0.167642933205869,21.5484116757198,3.15795089487655,8.85562311972686,0.309382428048109,0.971806402043157,0.00138464270730346,-36.7371528927793,1.38464270730346,NA,NA,NA,NA,NA,NA,NA,NA,NA,NA,NA,NA,NA,NA,NA,NA,NA,NA,NA,NA,NA,NA,NA,NA,NA,42,20,39.6192394565009,18.490471609355,NA,NA,NA,NA,NA,NA,NA,NA,NA,NA,NA,NA,229.733109782906,NA,NA,NA,NA,"w"
"700",2022,2,4,6,"w","25-35",25,35,800.31499606255,0.177767993566453,287.999999999997,355.280331197129,17.6644045116637,20.1127827978883,NA,NA,17.7767993566453,5.11971821471378,6.31574716305384,0.314016574758465,39.325211032365,8.27766910959033,15.1713702827807,0.623399002806574,0.916925705950836,0.00134626402339874,-91.1353699223969,1.34626402339875,6.063727,3.0686364,2.991909,162.495642189865,419.218281808788,8.04896375237609,19.5095165780142,1.27011244822023,1.07430801021053,-25.7998440586055,-25.8944806515105,NA,NA,NA,NA,NA,NA,NA,NA,NA,NA,NA,NA,NA,NA,42,30,35.5280331197129,28.7999999999997,NA,NA,NA,0.564220979825926,NA,NA,NA,NA,NA,NA,NA,NA,696.692680145268,NA,NA,NA,NA,"w"
"701",2022,2,4,6,"w","35-45",35,45,367.335865436788,0.980756291029328,776.470588235296,117.723426664283,4.73886453304726,24.8421168917826,NA,NA,98.0756291029328,76.1528414211009,11.5457991302525,0.464767120312186,137.400840135298,84.4305105306913,26.7171694130332,1.08816612311876,0.601491567503221,0.00108908200774977,-403.796395448723,1.08908200774976,8.072128,2.1237646,5.880161,55.0023348674229,265.074025001196,2.62509869856781,10.7742233687258,0.971098149793202,0.77889573625182,-27.2952620411684,-27.0953110050055,NA,NA,NA,NA,NA,NA,NA,NA,NA,NA,NA,NA,NA,NA,42,40,11.7723426664283,77.6470588235296,NA,NA,NA,0.0708363403595596,NA,NA,NA,NA,NA,NA,NA,NA,4083.51741340521,NA,NA,NA,NA,"w"
"702",2022,2,4,6,"w","45-55",45,55,586.416344561016,0.371506212946692,456,291.583349738593,13.2074684529468,22.077156631295,NA,NA,37.1506212946692,16.9406833103691,10.8325026019696,0.490665658756716,174.551461429967,101.37119384106,37.5496720150027,1.57883178187548,0.712133625548372,0.00121722329254118,-294.127037829446,1.21722329254118,7.824527,2.3143012,5.376788,70.5335508460065,291.594307458041,3.17232398794159,12.3444443854347,0.955365704637847,0.737368252377638,-27.2444594457278,-26.9819737280127,NA,NA,NA,NA,NA,NA,NA,NA,NA,NA,NA,NA,NA,NA,42,50,29.1583349738593,45.6,NA,NA,NA,0.154678839574576,NA,NA,NA,NA,NA,NA,NA,NA,2727.12083116938,NA,NA,NA,NA,"w"
"703",2022,2,4,6,"w","55-65",55,65,351.167020309185,1.0537998522357,824.561403508769,113.570430473507,4.27988738489407,26.5358455164861,NA,NA,105.37998522357,86.89226851768,11.9680502851326,0.45101446937868,279.931446653537,188.26346235874,49.5177223001353,2.02984625125416,0.433485332384875,0.000930143409494216,-570.325617762569,0.930143409494216,8.052,0.667,7.21499999999999,27.9886453337245,294.390681470614,1.59765648822413,9.65869065678129,1.23506136965649,1.40286358241877,-27.1942124280981,-27.6513136080536,NA,NA,NA,NA,NA,NA,NA,NA,NA,NA,NA,NA,NA,NA,42,60,11.3570430473507,82.4561403508769,NA,NA,NA,0.0339436762557937,NA,NA,NA,NA,NA,NA,NA,NA,6714.76316081969,NA,NA,NA,NA,"w"
"704",2022,2,4,6,"w","65-75",65,75,291.62656400385,1.19935194475196,884.745762711865,58.1698082109977,2.47981718089077,23.4572970375593,NA,NA,119.935194475196,106.112155111953,6.97660726037088,0.297417355853067,399.866641128733,294.375617470694,56.4943295605062,2.32726360710722,0.242159359207618,0.000723794123508837,-759.969564603021,0.723794123508838,8.104,0.95,6.623,27.0997202806553,293.787168886084,1.77974854193502,8.94525110021855,1.42321038189694,0.973735312805609,-26.5710867363572,-28.3195425546879,NA,NA,NA,NA,NA,NA,NA,NA,NA,NA,NA,NA,NA,NA,42,70,5.81698082109977,88.4745762711865,NA,NA,NA,0.0306299520413537,NA,NA,NA,NA,NA,NA,NA,NA,11392.0733389945,NA,NA,NA,NA,"w"
"705",2022,2,4,6,"w","75-85",75,85,222.023676569131,1.74170562900148,944.827586206896,15.6599421859706,1.41013220228385,11.1053007374825,NA,NA,174.170562900148,164.561152533243,2.72750094551428,0.245603519435403,574.037204028881,458.936770003937,59.2218305060205,2.57286712654263,0.187569953053752,0.000663348653633066,-814.079052545384,0.663348653633066,8.017,3.037,7.603,18.2885634982009,290.200379410318,1.84604199616516,13.275682942122,3.1598367965723,2.59069017057619,-25.381182607561,-26.5027244525764,NA,NA,NA,NA,NA,NA,NA,NA,NA,NA,NA,NA,NA,NA,42,80,1.56599421859706,94.4827586206896,NA,NA,NA,0.0193565088119645,NA,NA,NA,NA,NA,NA,NA,NA,13444.0562744382,NA,NA,NA,NA,"w"
"706",2022,2,4,6,"w","85-95",85,95,NA,NA,NA,NA,NA,NA,NA,NA,NA,NA,NA,NA,NA,NA,NA,NA,NA,NA,NA,NA,NA,NA,NA,NA,NA,NA,NA,NA,NA,NA,NA,NA,NA,NA,NA,NA,NA,NA,NA,NA,NA,NA,NA,NA,NA,42,90,NA,NA,NA,NA,NA,NA,NA,NA,NA,NA,NA,NA,NA,NA,NA,NA,NA,NA,NA,"w"
"707",2022,2,4,6,"w","95-105",95,105,NA,NA,NA,NA,NA,NA,NA,NA,NA,NA,NA,NA,NA,NA,NA,NA,NA,NA,NA,NA,NA,NA,NA,NA,NA,NA,NA,NA,NA,NA,NA,NA,NA,NA,NA,NA,NA,NA,NA,NA,NA,NA,NA,NA,NA,42,100,NA,NA,NA,NA,NA,NA,NA,NA,NA,NA,NA,NA,NA,NA,NA,NA,NA,NA,NA,"w"
"708",2022,2,4,6,"w","105-115",105,115,NA,NA,NA,NA,NA,NA,NA,NA,NA,NA,NA,NA,NA,NA,NA,NA,NA,NA,NA,NA,NA,NA,NA,NA,NA,NA,NA,NA,NA,NA,NA,NA,NA,NA,NA,NA,NA,NA,NA,NA,NA,NA,NA,NA,NA,42,110,NA,NA,NA,NA,NA,NA,NA,NA,NA,NA,NA,NA,NA,NA,NA,NA,NA,NA,NA,"w"
"709",2022,2,4,7,"w","0-5",0,5,929.536366583811,0.0187151410353399,137.09677419355,417.505199123905,17.0775453692115,24.4476117672397,NA,NA,0.935757051766995,0.128289273226122,0.390683434229577,0.0159804335061105,0.935757051766995,0.128289273226122,0.390683434229577,0.0159804335061105,1.03751283905415,0.0014307300419458,28.3916314570827,1.4307300419458,NA,NA,NA,NA,NA,NA,NA,NA,NA,NA,NA,NA,NA,NA,NA,NA,NA,NA,NA,NA,NA,NA,NA,NA,NA,43,2.5,41.7505199123905,13.709677419355,NA,NA,NA,NA,NA,NA,NA,NA,NA,NA,NA,NA,-295.826053790045,NA,NA,NA,NA,"w"
"710",2022,2,4,7,"w","5-15",5,15,922.58860340574,0.0420646156579245,142,417.630968952277,10.013176083379,41.7081418997021,NA,NA,4.20646156579245,0.597317542342526,1.75674861958241,0.0421200403462462,5.14221861755945,0.725606815568648,2.14743205381199,0.0581004738523566,1.08075509882633,0.00145478363173963,71.2537305088265,1.45478363173963,NA,NA,NA,NA,NA,NA,NA,NA,NA,NA,NA,NA,NA,NA,NA,NA,NA,NA,NA,NA,NA,NA,NA,NA,NA,43,10,41.7630968952277,14.2,NA,NA,NA,NA,NA,NA,NA,NA,NA,NA,NA,NA,-623.842478069048,NA,NA,NA,NA,"w"
"711",2022,2,4,7,"w","15-25",15,25,896.677130388179,0.0491811939215622,215.094339622643,403.32080608365,13.9620953495174,28.886839402482,NA,NA,4.91811939215622,1.05785964284116,1.98357987766008,0.0686672518935957,10.0603380097157,1.7834664584098,4.13101193147207,0.126767725745952,1.0095228529292,0.00140077216052728,0.647716960808564,1.40077216052728,NA,NA,NA,NA,NA,NA,NA,NA,NA,NA,NA,NA,NA,NA,NA,NA,NA,NA,NA,NA,NA,NA,NA,NA,NA,43,20,40.332080608365,21.5094339622643,NA,NA,NA,NA,NA,NA,NA,NA,NA,NA,NA,NA,-76.1351383523725,NA,NA,NA,NA,"w"
"712",2022,2,4,7,"w","25-35",25,35,835.780315388798,0.15599149211065,242.592592592593,388.322498611825,16.9455735218509,22.9158663831055,NA,NA,15.599149211065,3.78423804935096,6.05750059785944,0.264336529834424,25.6594872207807,5.56770450776076,10.1885125293315,0.391104255580377,0.943743395071389,0.0013536619742833,-64.55344627918,1.3536619742833,3.015,3.06,0.153,78.5208672591779,374.775277036938,4.21268500590403,16.8927408319314,1.01480311078929,0.818343397852507,-25.6540063275247,-25.7799341169846,NA,NA,NA,NA,NA,NA,NA,NA,NA,NA,NA,NA,NA,NA,43,30,38.8322498611825,24.2592592592593,NA,NA,NA,0.32367380396913,NA,NA,NA,NA,NA,NA,NA,NA,465.118548588392,NA,NA,NA,NA,"w"
"713",2022,2,4,7,"w","35-45",35,45,385.122410546139,0.885680067328563,888.461538461538,105.678163350243,3.97736546226317,26.5698901327792,NA,NA,88.5680067328563,78.6892675203454,9.35970428312024,0.352267331040755,114.227493953637,84.2569720281061,19.5482168124517,0.743371586621132,0.580370851362684,0.00108074765323815,-424.731430574756,1.08074765323815,8.077,3.54,4.397,60.7863589284123,137.119681183801,2.58976786365184,5.93492687601339,0.484808632974482,0.509449469120556,-27.5907287519274,-27.2279483059583,NA,NA,NA,NA,NA,NA,NA,NA,NA,NA,NA,NA,NA,NA,43,40,10.5678163350243,88.8461538461538,NA,NA,NA,0.068417546845832,NA,NA,NA,NA,NA,NA,NA,NA,4370.65875031969,NA,NA,NA,NA,"w"
"714",2022,2,4,7,"w","45-55",45,55,422.965007834067,0.870450756974064,716.666666666666,148.471050819672,5.49103584622489,27.0388056056394,NA,NA,87.0450756974064,62.3823042498079,12.9236738574718,0.477967630891817,201.272569651043,146.639276277914,32.4718906699236,1.22133921751295,0.536885009889813,0.00102349928337412,-467.834969898991,1.02349928337412,8.089,1.632,6.284,39.2827787597716,312.680265637503,1.993712933737,9.62117077767961,1.12452966456321,1.29796462974125,-27.8061524803024,-27.8204770551451,NA,NA,NA,NA,NA,NA,NA,NA,NA,NA,NA,NA,NA,NA,43,50,14.8471050819672,71.6666666666666,NA,NA,NA,0.0548131796647976,NA,NA,NA,NA,NA,NA,NA,NA,4996.29578776921,NA,NA,NA,NA,"w"
"715",2022,2,4,7,"w","55-65",55,65,339.719029374202,1.11932778306666,2888.13559322034,90.2273249956291,3.0706972434291,29.3833347422003,NA,NA,111.932778306666,323.277041075523,10.0993951659392,0.34371167379564,313.205347957709,469.916317353437,42.5712858358628,1.56505089130859,0.343570038899265,0.000849463920053739,-659.450428444339,0.849463920053739,8.051,0.365,7.192,31.4722234367567,308.369908083525,1.74197023642791,7.71198740037631,1.49569243349976,1.59473345136329,-27.1019588774982,-28.1521717174843,NA,NA,NA,NA,NA,NA,NA,NA,NA,NA,NA,NA,NA,NA,43,60,9.02273249956291,288.813559322034,NA,NA,NA,0.0108970726688301,NA,NA,NA,NA,NA,NA,NA,NA,8582.17034389646,NA,NA,NA,NA,"w"
"716",2022,2,4,7,"w","65-75",65,75,213.611713665944,1.46747276623402,708.333333333333,21.1699702962844,1.33073146206377,15.9085216663118,NA,NA,146.747276623402,103.945987608243,3.10663548717804,0.195281217974936,459.952624581111,573.86230496168,45.6779213230408,1.76033210928352,0.336556968908865,0.0008222367772924,-666.401843614802,0.822236777292401,8.173,0.0589999999999997,7.515,9.38622334475271,189.308516530431,1.08587320128748,6.06287221924006,2.38293133394415,1.82798164270702,-23.2150244908477,-26.8845172903703,NA,NA,NA,NA,NA,NA,NA,NA,NA,NA,NA,NA,NA,NA,43,70,2.11699702962844,70.8333333333333,NA,NA,NA,0.0132511388396509,NA,NA,NA,NA,NA,NA,NA,NA,8747.83936559125,NA,NA,NA,NA,"w"
"717",2022,2,4,7,"w","75-85",75,85,NA,NA,NA,NA,NA,NA,NA,NA,NA,NA,NA,NA,NA,NA,NA,NA,NA,NA,NA,NA,NA,NA,NA,NA,NA,NA,NA,NA,NA,NA,NA,NA,NA,NA,NA,NA,NA,NA,NA,NA,NA,NA,NA,NA,NA,43,80,NA,NA,NA,NA,NA,NA,NA,NA,NA,NA,NA,NA,NA,NA,NA,NA,NA,NA,NA,"w"
"718",2022,2,4,7,"w","85-95",85,95,NA,NA,NA,NA,NA,NA,NA,NA,NA,NA,NA,NA,NA,NA,NA,NA,NA,NA,NA,NA,NA,NA,NA,NA,NA,NA,NA,NA,NA,NA,NA,NA,NA,NA,NA,NA,NA,NA,NA,NA,NA,NA,NA,NA,NA,43,90,NA,NA,NA,NA,NA,NA,NA,NA,NA,NA,NA,NA,NA,NA,NA,NA,NA,NA,NA,"w"
"719",2022,2,4,7,"w","95-105",95,105,NA,NA,NA,NA,NA,NA,NA,NA,NA,NA,NA,NA,NA,NA,NA,NA,NA,NA,NA,NA,NA,NA,NA,NA,NA,NA,NA,NA,NA,NA,NA,NA,NA,NA,NA,NA,NA,NA,NA,NA,NA,NA,NA,NA,NA,43,100,NA,NA,NA,NA,NA,NA,NA,NA,NA,NA,NA,NA,NA,NA,NA,NA,NA,NA,NA,"w"
"720",2022,2,4,7,"w","105-115",105,115,NA,NA,NA,NA,NA,NA,NA,NA,NA,NA,NA,NA,NA,NA,NA,NA,NA,NA,NA,NA,NA,NA,NA,NA,NA,NA,NA,NA,NA,NA,NA,NA,NA,NA,NA,NA,NA,NA,NA,NA,NA,NA,NA,NA,NA,43,110,NA,NA,NA,NA,NA,NA,NA,NA,NA,NA,NA,NA,NA,NA,NA,NA,NA,NA,NA,"w"
