"","year","block","fence","plot","treatment","depth.cat","depth0","depth1","bulk.density","ash","C","N","soil.stock","ash.stock","C.stock","N.stock","fracModern","fracModernSe","delta14","d14CSe","dryWt","LFracWt","HFracWt","HFracC","LFracC","HFracN","LFracN","LFracF14C","LFracF14CSe","HFracF14C","HFracF14CSe","LFracd14C","LFracd14CSe","HFracd14C","HFracd14CSe","Fe","coreNum","midDepth","percC","bulkAge","LFracAge","HFracAge","LFracOffset","HFracOffset","propLC","propHC","propLN","propHN","stockLC","stockHC","stockLN","stockHN","percL","percH","LFracCtoN","HFracCtoN"
"1",2009,1,1,2,"i","0-5",0,5,0.0754546546546547,66.57,455.751131019037,11.82,3.77273273273273,0.251150818018018,1.71942720997549,0.0445937009009009,1.15157395522771,0.81940857245646,143.384649375658,9.4360957073118,1,1,0,0,455.751131019037,0,11.82,NA,NA,NA,NA,143.384649375658,NA,NA,NA,8098.1,1,2.5,45.5751131019037,-1133.69458559432,NA,NA,NA,NA,1,0,1,0,1.71942720997549,0,0.0445937009009009,0,100,0,38.5576252977189,NA
"2",2009,1,1,2,"i","05-15",5,15,0.122484735339567,168.12,423.115475923852,13.92,12.2484735339567,2.05921337052879,5.18251870866078,0.170498751592677,1.022343615902,0.879709290458569,15.0733190022536,8.99365176949994,1,1,0,0,423.115475923852,0,13.92,NA,NA,NA,NA,15.0733190022536,NA,NA,NA,21040.1,1,10,42.3115475923852,-177.510457431585,NA,NA,NA,NA,1,0,1,0,5.18251870866078,0,0.170498751592677,0,100,0,30.3962267186675,NA
"3",2009,1,1,2,"i","15-25",15,25,0.373613985572473,501.27,352.229204927212,16.92,37.3613985572473,18.7281482547913,13.1597757087879,0.632154863588623,0.895590228491192,0.871458220288781,-110.778674058169,7.80469466628955,1,1,0,0,352.229204927212,0,16.92,NA,NA,NA,NA,-110.778674058169,NA,NA,NA,19734.5,1,20,35.2229204927212,885.817425178511,NA,NA,NA,NA,1,0,1,0,13.1597757087879,0,0.632154863588623,0,100,0,20.8173288964073,NA
"4",2009,1,1,2,"i","25-35",25,35,1.2703885891109,917.667101361038,33.0677958627133,1.2385242083773,127.03885891109,116.579381417154,4.20089505310398,0.157340702166014,0.501051574534134,1.17371948533168,-502.511604862975,5.88093996186834,8.01200000000001,0.173,7.71900000000001,16.3402920389385,337.99874891856,0,7.97583795961007,NA,NA,NA,NA,NA,NA,NA,NA,23057.1,1,30,3.30677958627133,5551.17444602968,NA,NA,NA,NA,0.316751673204765,0.683248326795235,1,0,1.33064053702831,2.87025451607567,0.157340702166014,0,2.15926110833749,96.3429855217174,42.3778354864025,Inf
"5",2009,1,1,2,"i","35-45",35,45,1.44425163324732,919.078985099672,32.9404233482608,1.23741046453672,144.425163324732,132.738132531349,4.75742602205838,0.178713208440449,0.580387493117802,0.846148493755851,-423.739875925473,4.88011454779297,8.03613986856027,0.440262830488648,7.57502292680128,23.2060391745988,239.666062582175,1.5310690814333,7.47938607900299,0.703295468250469,1.11390034789354,0.545121803348105,1.21961762052851,-301.705948868875,7.8037792950178,-458.754777182373,6.6485736925608,31526.4,1,40,3.29404233482608,4370.42841259348,2827.4407138356,4873.99075381996,-1542.98769875788,503.562341226486,0.375098407935684,0.624901592064316,0.221136561613414,0.778863438386586,1.78450292674589,2.97292309531249,0.0395200244294223,0.139193184011027,5.47853618390945,94.2619597306536,32.0435474316527,15.1567551431936
"6",2009,1,1,2,"i","45-55",45,55,0.709259503933414,802.066626929487,113.184613666419,4.06358290239002,70.9259503933414,56.8873377937555,8.02772629419396,0.288213479354145,0.659713662933843,0.767121282552034,-344.97782642819,5.05790718366088,8.01446274498153,1.50103922033093,6.22337254295794,54.2819138884403,234.792027845621,3.11843137947664,9.60862746105693,0.673502177353366,1.11834390862202,0.647043394266147,1.10090298383639,-331.287367683959,7.5320944663588,-357.55799171618,7.10365119282628,36113.8,1,50,11.3184613666419,3341.32138672139,3175.15611561043,3497.10161739086,-166.16527111096,155.780230669469,0.510587105594638,0.489412894405362,0.42633430758317,0.57366569241683,4.09885353305846,3.9288727611355,0.122875294156586,0.165338185197559,18.7291309236024,77.6517745603705,24.4355428282776,17.4068008184135
"7",2009,1,1,2,"i","55-65",55,65,0.511583127037257,730.255843244464,163.872154205973,5.74576809053975,51.1583127037257,37.3586567824232,8.38342290830231,0.293943800698922,0.622457611707516,1.12402522233269,-381.968934880371,6.96753860931321,8.04954368781151,3.3991920475922,4.21988458098409,60.5694572525077,261.442596268688,3.46754508706062,11.5973647388181,0.63625528564362,1.15961380619263,0.605039309306598,1.14296188758837,-368.269381756566,7.37471939926773,-399.263368722837,6.90702124934429,33034.4,1,60,16.3872154205973,3808.28260447231,3632.1643575769,4036.27603302926,-176.11824689541,227.993428556946,0.776633385879309,0.223366614120691,0.729297441111837,0.270702558888163,6.51084611853298,1.87257678976933,0.214372461680412,0.0795713390185103,42.2283818738595,52.4238981070911,22.5432761801136,17.4675327160205
"8",2009,1,1,2,"i","65-75",65,75,0.480482316112326,754.890086149607,149.27528682493,5.17916547568569,48.0482316112326,36.2711337003396,7.17241355519741,0.248849742328646,0.64115401312073,0.853082410665228,-363.405491102062,5.44238744347677,8.0151205836572,4.31643784795515,3.98209859099114,55.6434753747001,289.647833702343,3.31561650703309,12.8969854085699,0.615156421169028,1.18550338454223,0.59868358058053,1.13105281681345,-389.21820371454,7.29212687138031,-405.573899304041,6.77088990149609,NA,1,70,14.927528682493,3570.55267090827,3903.06359831408,4121.10626057299,332.510927405808,550.553589664721,0.849453669060372,0.150546330939627,0.808295337814098,0.191704662185902,6.09263301048079,1.07978054471662,0.201144086540484,0.0477056557881619,53.8536857044465,49.6823291605946,22.4585687683166,16.7822410271722
"9",2009,1,1,2,"i","75-85",75,85,NA,NA,NA,NA,NA,NA,NA,NA,NA,NA,NA,NA,NA,NA,NA,NA,NA,NA,NA,NA,NA,NA,NA,NA,NA,NA,NA,NA,1,80,NA,NA,NA,NA,NA,NA,NA,NA,NA,NA,NA,NA,NA,NA,NA,NA,NA,NA
"10",2009,1,1,2,"i","85-95",85,95,NA,NA,NA,NA,NA,NA,NA,NA,NA,NA,NA,NA,NA,NA,NA,NA,NA,NA,NA,NA,NA,NA,NA,NA,NA,NA,NA,NA,1,90,NA,NA,NA,NA,NA,NA,NA,NA,NA,NA,NA,NA,NA,NA,NA,NA,NA,NA
"11",2009,1,1,2,"i","95-105",95,105,NA,NA,NA,NA,NA,NA,NA,NA,NA,NA,NA,NA,NA,NA,NA,NA,NA,NA,NA,NA,NA,NA,NA,NA,NA,NA,NA,NA,1,100,NA,NA,NA,NA,NA,NA,NA,NA,NA,NA,NA,NA,NA,NA,NA,NA,NA,NA
"12",2009,1,1,2,"i","105-115",105,115,NA,NA,NA,NA,NA,NA,NA,NA,NA,NA,NA,NA,NA,NA,NA,NA,NA,NA,NA,NA,NA,NA,NA,NA,NA,NA,NA,NA,1,110,NA,NA,NA,NA,NA,NA,NA,NA,NA,NA,NA,NA,NA,NA,NA,NA,NA,NA
"13",2009,1,1,5,"i","0-5",0,5,0.03696,55.8802045288524,483.888555431131,12.88,1.848,0.103266617969319,0.89422605043673,0.02380224,1.13841356116674,0.145561716423151,130.317844173319,1.65709431962823,1,1,0,0,483.888555431131,0,12.88,NA,NA,NA,NA,130.317844173319,NA,NA,NA,7330.9,2,2.5,48.3888555431131,-1041.36341906363,NA,NA,NA,NA,1,0,1,0,0.89422605043673,0,0.02380224,0,100,0,37.5689872229139,NA
"14",2009,1,1,5,"i","05-15",5,15,0.0473262798634812,63.15987933635,457.160089585666,11.16,4.73262798634812,0.298912212561581,2.16356863421454,0.052816128327645,1.12385951956987,0.146189728244072,115.867302223583,1.64296717750433,1,1,0,0,457.160089585666,0,11.16,NA,NA,NA,NA,115.867302223583,NA,NA,NA,20620.3,2,10,45.7160089585666,-938.003457686886,NA,NA,NA,NA,1,0,1,0,2.16356863421454,0,0.052816128327645,0,100,0,40.9641657334826,NA
"15",2009,1,1,5,"i","15-25",15,25,0.199159802000239,243.74051593323,362.091914893617,15.97,19.9159802000239,4.85433128926981,7.21141540761001,0.318058203794381,0.979887150718932,0.160197334553223,-27.0812211700886,1.56975309708125,1,1,0,0,362.091914893617,0,15.97,NA,NA,NA,NA,-27.0812211700886,NA,NA,NA,6674.9,2,20,36.2091914893617,163.213419792523,NA,NA,NA,NA,1,0,1,0,7.21141540761001,0,0.318058203794381,0,100,0,22.6732570377969,NA
"16",2009,1,1,5,"i","25-35",25,35,0.517658728453559,590.646987036499,215.632003620874,10.2156487909949,51.7658728453559,30.575356827424,11.1623788808275,0.528821976347457,0.800801427203799,0.151195517651456,-204.893394031401,1.19571785583809,6.11752255101727,1.3980621565606,4.73433387490485,20.8480334512668,337.103740311722,1.35760356162548,19.2294096015386,0.795286207618841,0.159340141377641,0.662010528801283,0.155369740914634,-210.369392670265,1.25910290481736,-342.697294498318,1.02856404342615,9433,2,30,21.5632003620874,1784.46884495059,1839.98451250263,3313.40218511861,55.5156675520407,1528.93334016802,0.82683741963426,0.17316258036574,0.807051764429159,0.192948235570841,9.22947255080337,1.93290633002413,0.42678670908013,0.102035267267327,22.8534042155369,77.389724932319,17.5306339246499,15.3564958435326
"17",2009,1,1,5,"i","35-45",35,45,0.945479149995048,813.760138796529,107.043650842623,4.83694384591679,94.5479149995048,76.9393244329194,10.120754001105,0.457322955601118,0.664227540717076,0.164962620490468,-340.496048646505,1.0950681875236,8.02623885406719,0.671338254622771,7.3350520045143,35.9214675821825,325.435210337208,2.36932060074658,17.6867967271464,0.759072531404888,0.164121986822632,0.676371592380092,0.158186188405033,-246.325538858294,1.24437689591862,-328.438358222297,1.07108632933726,27216.9,2,40,10.7043650842623,3286.54535795037,2214.36026699547,3141.00470657611,-1072.1850909549,-145.54065137426,0.453306859240609,0.546693140759391,0.405902250407412,0.594097749592588,4.58780720938774,5.53294679171726,0.185628416841463,0.271694538759655,8.36429449495612,91.3884091649897,18.3998954337343,15.1610835489564
"18",2009,1,1,5,"i","45-55",45,55,0.724047181387466,882.287910095481,69.1589009898824,3.21423368124501,72.4047181387466,63.8818074476871,5.00743073295792,0.232725683722611,0.667518804218176,0.30798340982746,-337.228190644746,1.70755473752679,8.06773001748454,1.28341132467842,6.65528771337286,35.1071806069466,322.592510883118,2.43181460407618,15.629236990269,0.6763498717255,0.175449031824614,0.653773596985906,0.178310812432682,-328.459924412572,1.14051867221907,-350.875650176562,1.13380965453879,39303.8,2,50,6.91589009898824,3246.83993862298,3141.26267840991,3413.97816309938,-105.577260213071,167.138224476407,0.639246263075259,0.360753736924741,0.553448889314731,0.446551110685269,3.20098138365155,1.80644934930637,0.12880177117129,0.103923912551321,15.9079607510041,82.4926924791657,20.6403237140731,14.4366188722201
"19",2009,1,1,5,"i","55-65",55,65,0.790796165877922,838.894320310677,35.0387191655872,1.24565877733297,79.0796165877922,66.3394412078449,2.77084847734197,0.0985062185107091,0.414295857634061,0.798179359578421,-588.650366944919,3.40819027287288,8.04337871120872,0.25738491654698,7.70772276847707,18.1340577325359,363.300264057723,1.32759904552743,8.84133651490855,0.403984103185582,0.213560881508836,0.37283520698165,0.235160024584627,-598.8887903575,0.855737730963704,-629.816174224504,0.872412074999655,31681.8,2,60,3.50387191655872,7078.47819998442,7280.94853452702,7925.50850953377,202.4703345426,847.030309549353,0.400839715232927,0.599160284767073,0.181927992954859,0.818072007045141,1.11066611461135,1.66018236273062,0.0179210386272261,0.080585179883483,3.19996018822669,95.8269285236576,41.0911023966924,13.6592880159322
"20",2009,1,1,5,"i","65-75",65,75,0.642668057474044,940.052303770123,22.7379238705106,0.970438563059534,64.2668057474044,60.4141587987945,1.46129373648537,0.0623669866219373,0.31121000982896,0.245318666381152,-691.003129798886,0.763114333637824,8.0601417734065,0.138960502439856,7.36165106358817,14.4455225425215,375.090351624107,1.13070886703249,9.53858226593502,0.328576404032397,0.246610977674832,0.302452905373413,0.265217827512886,-673.760235013818,0.810028994930558,-699.697958960312,0.801757284467348,NA,2,70,2.27379238705106,9376.81905710415,8940.61560237692,9606.0999668243,-436.203454727234,229.280909720144,0.328921422242889,0.671078577757111,0.137365044617276,0.862634955382724,0.480650814119393,0.980642922365977,0.00856704389996745,0.0537999427219699,1.72404538712135,91.3340145936028,39.3234907627374,12.7756339086942
"21",2009,1,1,5,"i","75-85",75,85,0.711435152245234,946.705667430729,19.0936306017739,0.901994307789036,71.1435152245234,67.3519690640007,1.35838799940873,0.0641710457686228,0.294465067192268,0.358822528896786,-707.628992409407,1.05877757592299,NA,NA,NA,NA,NA,NA,NA,NA,NA,NA,NA,NA,NA,NA,NA,NA,2,80,1.90936306017739,9821.10483386755,NA,NA,NA,NA,NA,NA,NA,NA,NA,NA,NA,NA,NA,NA,NA,NA
"22",2009,1,1,5,"i","85-95",85,95,NA,NA,NA,NA,NA,NA,NA,NA,NA,NA,NA,NA,NA,NA,NA,NA,NA,NA,NA,NA,NA,NA,NA,NA,NA,NA,NA,NA,2,90,NA,NA,NA,NA,NA,NA,NA,NA,NA,NA,NA,NA,NA,NA,NA,NA,NA,NA
"23",2009,1,1,5,"i","95-105",95,105,NA,NA,NA,NA,NA,NA,NA,NA,NA,NA,NA,NA,NA,NA,NA,NA,NA,NA,NA,NA,NA,NA,NA,NA,NA,NA,NA,NA,2,100,NA,NA,NA,NA,NA,NA,NA,NA,NA,NA,NA,NA,NA,NA,NA,NA,NA,NA
"24",2009,1,1,5,"i","105-115",105,115,NA,NA,NA,NA,NA,NA,NA,NA,NA,NA,NA,NA,NA,NA,NA,NA,NA,NA,NA,NA,NA,NA,NA,NA,NA,NA,NA,NA,2,110,NA,NA,NA,NA,NA,NA,NA,NA,NA,NA,NA,NA,NA,NA,NA,NA,NA,NA
"25",2009,1,2,1,"i","0-5",0,5,0.0593301128139436,75.9937646141882,461.720940649496,10.67,2.96650564069718,0.225435931385803,1.36969777486474,0.0316526151862389,1.1964120800804,0.785006863850641,187.9039122772,9.39191694856936,1,1,0,0,461.720940649496,0,10.67,NA,NA,NA,NA,187.9039122772,NA,NA,NA,6259.4,3,2.5,46.1720940649496,-1440.53495375604,NA,NA,NA,NA,1,0,1,0,1.36969777486474,0,0.0316526151862389,0,100,0,43.272815431068,NA
"26",2009,1,2,1,"i","05-15",5,15,0.112778494337953,226.698406885185,400.509518477043,12.79,11.2778494337953,2.55667049973237,4.51688604618594,0.144243694258241,0.994594338011369,0.843162403181217,-12.4786226054652,8.38604552228098,1,1,0,0,400.509518477043,0,12.79,NA,NA,NA,NA,-12.4786226054652,NA,NA,NA,22544.8,3,10,40.0509518477043,43.5414743163305,NA,NA,NA,NA,1,0,1,0,4.51688604618594,0,0.144243694258241,0,100,0,31.3142704047727,NA
"27",2009,1,2,1,"i","15-25",15,25,0.275653476857529,250.000000000002,439.889516889659,17.8561874370171,27.5653476857529,6.89133692143828,12.1257074763813,0.49221201504335,0.882780888243881,1.02189082834333,-123.496921931801,9.02105693133197,1,1,0,0,439.889516889659,0,17.8561874370171,NA,NA,NA,NA,-123.496921931801,NA,NA,NA,4649.9,3,20,43.9889516889659,1001.54041321986,NA,NA,NA,NA,1,0,1,0,12.1257074763813,0,0.49221201504335,0,100,0,24.6351310122192,NA
"28",2009,1,2,1,"i","25-35",25,35,0.875984988348225,797.208540293086,104.341311775514,4.80811073064729,87.5984988348225,69.8342713879745,9.14014227799125,0.421183282236304,0.820366921601848,0.985813356567302,-185.467037738243,8.08731832693126,5.24233202411386,3.92694636218963,1.01187074415233,41.5750490957305,352.33400212203,2.38856855558228,15.3608352061736,0.824545248365731,NA,0.782647730092898,NA,-181.323855428178,NA,-222.917496412833,NA,21718.2,3,30,10.4341311775514,1590.5627054315,1549.75253732943,1968.66805069103,-40.8101681020694,378.105345259524,0.970491969079096,0.0295080309209036,0.961475997891274,0.038524002108726,8.87043467703083,0.269707600960424,0.404957616583272,0.0162256656530315,74.9083870332197,19.3019202045558,22.9371643789542,17.4058429256997
"29",2009,1,2,1,"i","35-45",35,45,0.790373101763884,535.369492715467,248.415050391937,11.28,79.0373101763883,42.314164654728,19.6340573903107,0.89154085878966,0.733089259421134,1.0831520792777,-272.124033337879,7.94047155638152,4.963,4.167,0.581,49.8,246.6,2.4,9.20000000000001,0.717139225583889,1.03378731629705,0.674271512853637,1.06139109381692,-287.96064006534,7.41369435427713,-330.523503238052,7.15665778557312,8628.4,3,40,24.8415050391937,2494.14859191211,2670.85424854738,3165.98532857132,176.705656635262,671.836736659204,0.972613950001704,0.0273860499982963,0.96490380259144,0.0350961974085596,19.0963581129502,0.537699277360468,0.860251164811781,0.0312896939778786,83.9613137215394,11.7066290550071,26.8043478260869,20.75
"30",2009,1,2,1,"i","45-55",45,55,0.428879701636357,322.742186150926,378.769809630459,16.08,42.8879701636357,13.8417572501875,16.2446682943171,0.689638560231262,0.644703221465391,1.18702984284086,-359.881522606337,7.6528196365506,5.534,4.469,0.822000000000001,31.3,251.8,1.8,9.8,0.652673811100163,1.09078313914798,0.620313300602303,1.15198535061871,-351.967615042259,7.11925588511513,-384.097996926327,7.1459183508779,11661.3,3,50,37.8769809630459,3526.2073699361,3427.50275207613,3836.00335015658,-98.7046178599626,309.79598022048,0.977647184747339,0.0223528152526605,0.967320290309613,0.0326797096903865,15.8815542250935,0.363114069223622,0.667101372291608,0.0225371879396538,80.7553306830502,14.853632092519,25.6938775510204,17.3888888888889
"31",2009,1,2,1,"i","55-65",55,65,0.488037599871809,516.992790937181,263.276954087346,10.18,48.8037599871809,25.231192084001,12.8489052774349,0.496822276669501,0.54589081090991,1.40060354665128,-457.991238342831,7.64576605844762,5.483,0.327,5.049,44.24713,231.6,0,7,0.690532333567072,1.02346408052284,0.570412785901083,1.13719733310454,-314.378319764955,7.06735039845513,-433.643648984806,6.48671898895444,NA,3,60,26.3276954087346,4862.66652404245,2974.55949922299,4509.68599048246,-1888.10702481946,-352.980533559989,0.253172326681058,0.746827673318942,1,0,3.25298724439272,9.59591803304218,0.496822276669501,0,5.96388838227248,92.0846252051797,33.0857142857143,Inf
"32",2009,1,2,1,"i","65-75",65,75,0.445179538782864,578.849091835003,240.326584546473,9.48,44.5179538782864,25.7691771727986,10.698847806566,0.422030202766155,0.820214575288807,0.993130002105288,-185.61830065534,8.14579702883362,NA,NA,NA,NA,NA,NA,NA,NA,NA,NA,NA,NA,NA,NA,NA,NA,3,70,24.0326584546473,1592.05461295148,NA,NA,NA,NA,NA,NA,NA,NA,NA,NA,NA,NA,NA,NA,NA,NA
"33",2009,1,2,1,"i","75-85",75,85,NA,NA,NA,NA,NA,NA,NA,NA,NA,NA,NA,NA,NA,NA,NA,NA,NA,NA,NA,NA,NA,NA,NA,NA,NA,NA,NA,NA,3,80,NA,NA,NA,NA,NA,NA,NA,NA,NA,NA,NA,NA,NA,NA,NA,NA,NA,NA
"34",2009,1,2,1,"i","85-95",85,95,NA,NA,NA,NA,NA,NA,NA,NA,NA,NA,NA,NA,NA,NA,NA,NA,NA,NA,NA,NA,NA,NA,NA,NA,NA,NA,NA,NA,3,90,NA,NA,NA,NA,NA,NA,NA,NA,NA,NA,NA,NA,NA,NA,NA,NA,NA,NA
"35",2009,1,2,1,"i","95-105",95,105,NA,NA,NA,NA,NA,NA,NA,NA,NA,NA,NA,NA,NA,NA,NA,NA,NA,NA,NA,NA,NA,NA,NA,NA,NA,NA,NA,NA,3,100,NA,NA,NA,NA,NA,NA,NA,NA,NA,NA,NA,NA,NA,NA,NA,NA,NA,NA
"36",2009,1,2,1,"i","105-115",105,115,NA,NA,NA,NA,NA,NA,NA,NA,NA,NA,NA,NA,NA,NA,NA,NA,NA,NA,NA,NA,NA,NA,NA,NA,NA,NA,NA,NA,3,110,NA,NA,NA,NA,NA,NA,NA,NA,NA,NA,NA,NA,NA,NA,NA,NA,NA,NA
"37",2009,1,2,6,"i","0-5",0,5,0.0636672096228543,103.128823632234,460.489406494961,13.52,3.18336048114271,0.328296221617591,1.46590377862092,0.0430390337050495,1.25657466917914,0.790703927861403,247.638660992139,9.9357852657109,1,1,0,0,460.489406494961,0,13.52,NA,NA,NA,NA,247.638660992139,NA,NA,NA,9204,4,2.5,46.0489406494961,-1834.65287408256,NA,NA,NA,NA,1,0,1,0,1.46590377862092,0,0.0430390337050495,0,100,0,34.0598673443018,NA
"38",2009,1,2,6,"i","05-15",5,15,0.0967708058685876,107.602751808079,458.056550293754,11.7212638230648,9.67708058685876,1.04128050061454,4.43265015053118,0.11342761459563,1.05877319881601,0.940385178408368,51.2438364909098,9.95654623462597,1,1,0,0,458.056550293754,0,11.7212638230648,NA,NA,NA,NA,51.2438364909098,NA,NA,NA,40257.8,4,10,45.8056550293754,-458.771685051372,NA,NA,NA,NA,1,0,1,0,4.43265015053118,0,0.11342761459563,0,100,0,39.0791093186045,NA
"39",2009,1,2,6,"i","15-25",15,25,0.271725577427855,222.263728053791,403.164024127081,19.4985535197686,27.1725577427855,6.03947398466843,10.9549977254069,0.529825571416705,0.929913936992527,0.930515464954189,-76.6990552617263,8.65299299447983,1,1,0,0,403.164024127081,0,19.4985535197686,NA,NA,NA,NA,-76.6990552617263,NA,NA,NA,17342,4,20,40.3164024127081,583.703790735564,NA,NA,NA,NA,1,0,1,0,10.9549977254069,0,0.529825571416705,0,100,0,20.6766119198705,NA
"40",2009,1,2,6,"i","25-35",25,35,0.336181177342711,617.505168849068,214.78790593505,9.58,33.6181177342711,20.7593614678889,7.22076510962208,0.322061567894318,0.822990809976431,0.965415345217176,-182.861808889889,7.9452795692396,5.08,3.715,1.138,83.9379397486201,284.530815407704,5.6,17.8,0.865406837343685,0.14713983697281,0.804876743233036,0.159099520143528,-140.747418963776,1.27335820961905,-200.847059214579,1.28055503623062,19458.5,4,30,21.478790593505,1564.91069696204,1161.21473662461,1743.69220046391,-403.695960337429,178.781503501874,0.917121949238536,0.0828780507614636,0.912099067859498,0.0879009321405024,6.62232217233022,0.598442937291864,0.293752055869776,0.0283095120245423,73.1299212598425,22.4015748031496,15.9848772700957,14.9889178122536
"41",2009,1,2,6,"i","35-45",35,45,0.547299292135574,852.751423149905,76.779030816991,2.99233096085409,54.7299292135574,46.6710250257546,4.20211092169946,0.163770061671081,0.648825368230619,1.19834478196498,-355.788690085733,7.77516494425666,8.039,0.358,7.462,32.6915541663896,352.514761544284,2,16.8,0.672104435004047,0.17533239515427,0.608682445513312,0.179742089606226,-332.675170124903,1.17841680383067,-395.646140323887,1.0940585466319,23500.1,4,40,7.6779030816991,3475.00893903696,3191.84460127526,3988.05179889355,-283.164337761701,513.042859856588,0.340948547012649,0.659051452987351,0.287242578229473,0.712757421770527,1.43270361313941,2.76940730856005,0.0470417347512011,0.11672832691988,4.45329021022515,92.8224903594975,20.9830215204931,16.3457770831948
"42",2009,1,2,6,"i","45-55",45,55,0.293258532254952,397.522317361996,301.798924972005,13.82,29.3258532254952,11.6576811328166,8.85051097734124,0.405283291576343,0.680793787309993,1.12511142052236,-324.047611300276,7.65968865123142,5.037,4.334,0.679,139.622636865562,327.276833498513,8.9,19.4,0.738785844244773,0.169942359671881,0.733932301794545,0.154990234830029,-266.467959221539,1.25551009663139,-271.286986178072,1.1375233980448,12149.8,4,50,30.1798924972005,3088.65498100195,2431.96818779808,2484.91606212506,-656.686793203868,-603.738918876886,0.937349709711511,0.0626502902884892,0.932945861586482,0.0670541384135185,8.29602389540935,0.554487081931889,0.378107369646297,0.0271759219300465,86.043279729998,13.4802461782807,16.8699398710574,15.6879367264676
"43",2009,1,2,6,"i","55-65",55,65,0.354598467011289,624.158492017697,220.933552101314,8.77755042546486,35.4598467011289,22.1325644441553,7.83426988864846,0.311250592498413,0.661372977464823,1.1863321095216,-343.330311950639,7.84607999536422,5.049,1.77,3.398,60.132103443691,325.719111442045,3.9,16.4,0.682725134735441,0.164639113590715,0.630828797464549,0.184385269121166,-322.129998463649,1.12403261008944,-373.65727999428,1.16315537589882,13114.6,4,60,22.0933552101314,3321.14211879278,3065.89838555843,3700.96996665938,-255.243733234354,379.827847866599,0.738325621061084,0.261674378938916,0.6865625044347,0.3134374955653,5.78424218109652,2.05002770755194,0.213692986292495,0.0975576062059184,35.0564468211527,67.3004555357496,19.860921429393,15.4184880624849
"44",2009,1,2,6,"i","65-75",65,75,0.41685045411208,647.512533744696,182.204434490482,8.12,41.685045411208,26.991589373474,7.59520012585919,0.338482568739009,0.646261660678175,1.18226625479368,-358.334166081995,7.64053353186731,8.04,2.833,4.428,96.2195756605284,275.021080139373,5.8,14.5,0.659582953794175,0.167165026013639,0.638304992834798,0.17298626166961,-345.107606042561,1.10259201629156,-366.234250858139,1.10417994515539,39793.2,4,70,18.2204434490482,3506.81265447827,3342.91312357431,3606.3275064856,-163.899530903959,99.5148520073335,0.646480212206151,0.353519787793849,0.615307762477738,0.384692237522262,4.91014658911363,2.68505353674556,0.208270952008517,0.130211616730492,35.2363184079602,55.0746268656716,18.9669710440947,16.5895820104359
"45",2009,1,2,6,"i","75-85",75,85,0.565187528884626,716.824196597355,138.380604703247,6.24,56.5187528884626,40.5140096319566,7.82109920177887,0.352677018024006,NA,NA,NA,NA,NA,NA,NA,NA,NA,NA,NA,NA,NA,NA,NA,NA,NA,NA,NA,NA,4,80,13.8380604703247,NA,NA,NA,NA,NA,NA,NA,NA,NA,NA,NA,NA,NA,NA,NA,NA,NA
"46",2009,1,2,6,"i","85-95",85,95,NA,NA,NA,NA,NA,NA,NA,NA,NA,NA,NA,NA,NA,NA,NA,NA,NA,NA,NA,NA,NA,NA,NA,NA,NA,NA,NA,NA,4,90,NA,NA,NA,NA,NA,NA,NA,NA,NA,NA,NA,NA,NA,NA,NA,NA,NA,NA
"47",2009,1,2,6,"i","95-105",95,105,NA,NA,NA,NA,NA,NA,NA,NA,NA,NA,NA,NA,NA,NA,NA,NA,NA,NA,NA,NA,NA,NA,NA,NA,NA,NA,NA,NA,4,100,NA,NA,NA,NA,NA,NA,NA,NA,NA,NA,NA,NA,NA,NA,NA,NA,NA,NA
"48",2009,1,2,6,"i","105-115",105,115,NA,NA,NA,NA,NA,NA,NA,NA,NA,NA,NA,NA,NA,NA,NA,NA,NA,NA,NA,NA,NA,NA,NA,NA,NA,NA,NA,NA,4,110,NA,NA,NA,NA,NA,NA,NA,NA,NA,NA,NA,NA,NA,NA,NA,NA,NA,NA
"49",2009,2,3,2,"i","0-5",0,5,0.0568472380952381,120.159453302964,454.603090705487,13.61,2.8423619047619,0.341536652565362,1.2921465068083,0.0386845455238095,1.19748494161943,0.126925593885481,188.969144266044,1.51991487383966,1,1,0,0,454.603090705487,0,13.61,NA,NA,NA,NA,188.969144266044,NA,NA,NA,7195.6,5,2.5,45.4603090705487,-1447.73517769375,NA,NA,NA,NA,1,0,1,0,1.2921465068083,0,0.0386845455238095,0,100,0,33.4021374508073,NA
"50",2009,2,3,2,"i","05-15",5,15,0.175823524805037,160.668124875721,427.279731243001,11.24,17.5823524805037,2.8249236039465,7.51258284248933,0.197625641880861,1.00482496871226,0.128044203838328,-2.32074603685428,1.28662013115634,1,1,0,0,427.279731243001,0,11.24,NA,NA,NA,NA,-2.32074603685428,NA,NA,NA,40351.5,5,10,42.7279731243001,-38.6657679375319,NA,NA,NA,NA,1,0,1,0,7.51258284248933,0,0.197625641880861,0,100,0,38.0142109646798,NA
"51",2009,2,3,2,"i","15-25",15,25,0.251093536363624,286.295313881519,409.151131019037,17.39,25.1093536363624,7.18869028068444,10.2735204394746,0.436651659736342,0.889501165540337,0.150290689805539,-116.824435231807,1.33683743751888,1,1,0,0,409.151131019037,0,17.39,NA,NA,NA,NA,-116.824435231807,NA,NA,NA,22334.6,5,20,40.9151131019037,940.619809591627,NA,NA,NA,NA,1,0,1,0,10.2735204394746,0,0.436651659736342,0,100,0,23.5279546301919,NA
"52",2009,2,3,2,"i","25-35",25,35,0.285064054943335,362.090152015976,349.796565709923,14.9681551243205,28.5064054943335,10.3218886988723,9.97144274265233,0.426688299475965,0.77000313993971,0.1670276750821,-235.472662279838,1.28580683290443,3.04566873786693,2.29978744337899,0.668556245955642,74.8146422772424,380.81285968328,5.01874865188082,22.0503106800391,0.776288083547864,0.16374084546891,0.757535222788685,0.163446917556954,-229.232413435086,1.27108829569396,-247.851915054228,1.23814760045987,6097.9,5,30,34.9796565709923,2099.51039303941,2034.20933039159,2230.64556463997,-65.3010626478192,131.135171600566,0.945973807485922,0.054026192514078,0.937940767801716,0.0620592321982836,9.43272365739469,0.53871908525764,0.400208351222495,0.0264799482534697,75.5100978246792,21.9510492931636,17.2701811420738,14.9070311080841
"53",2009,2,3,2,"i","35-45",35,45,0.285533517164938,342.759056796543,366.527706909348,13.6580076682476,28.5533517164938,9.78691990272537,10.4655945292226,0.389981896698044,0.813712965247998,0.150689272499179,-192.073675130544,1.22565358688321,3.06979309857715,2.70967350216696,0.286908860863535,109.496184950147,318.821540588821,5.51563192411473,15.6327974977514,0.806074387339296,0.166266515568827,0.791758168597975,0.15927329663153,-199.657932037556,1.3404356371942,-213.872342385777,1.26098620510382,7670.6,5,40,36.6527706909348,1655.98365241249,1731.74810520806,1875.69968791245,75.7644527955708,219.716035499969,0.964911421412447,0.0350885785875525,0.963987204051884,0.0360127959481156,10.0983716931185,0.367222836104087,0.375937558228798,0.0140443384692458,88.2689293758232,9.34619538354286,20.3944009787551,19.8519746162578
"54",2009,2,3,2,"i","45-55",45,55,0.381995765350671,494.146426699281,277.116058230683,11.09,38.1995765350671,18.8761842462291,10.5857160754791,0.423633303773893,0.631442776382959,0.168998865362305,-373.047667327058,1.06713112749944,5.015,2.89,1.945,60.7765528260435,335.93615,3.9,18.4,0.626477532216346,0.178039064049539,0.601073970646723,0.185092511207123,-377.977601644116,1.11537473483863,-403.200508263633,1.11254290648239,6491.8,5,50,27.7116058230683,3693.15533604781,3756.57113951889,4089.09641193238,63.4158034710822,395.941075884576,0.891457074692189,0.108542925307811,0.875159434839495,0.124840565160505,9.43671148616868,1.14900458931042,0.370746682709948,0.0528866210639445,57.6271186440678,38.7836490528415,18.2573994565217,15.5837314938573
"55",2009,2,3,2,"i","55-65",55,65,NA,NA,NA,NA,NA,NA,NA,NA,NA,NA,NA,NA,NA,NA,NA,NA,NA,NA,NA,NA,NA,NA,NA,NA,NA,NA,NA,NA,5,60,NA,NA,NA,NA,NA,NA,NA,NA,NA,NA,NA,NA,NA,NA,NA,NA,NA,NA
"56",2009,2,3,2,"i","65-75",65,75,NA,NA,NA,NA,NA,NA,NA,NA,NA,NA,NA,NA,NA,NA,NA,NA,NA,NA,NA,NA,NA,NA,NA,NA,NA,NA,NA,NA,5,70,NA,NA,NA,NA,NA,NA,NA,NA,NA,NA,NA,NA,NA,NA,NA,NA,NA,NA
"57",2009,2,3,2,"i","75-85",75,85,NA,NA,NA,NA,NA,NA,NA,NA,NA,NA,NA,NA,NA,NA,NA,NA,NA,NA,NA,NA,NA,NA,NA,NA,NA,NA,NA,NA,5,80,NA,NA,NA,NA,NA,NA,NA,NA,NA,NA,NA,NA,NA,NA,NA,NA,NA,NA
"58",2009,2,3,2,"i","85-95",85,95,NA,NA,NA,NA,NA,NA,NA,NA,NA,NA,NA,NA,NA,NA,NA,NA,NA,NA,NA,NA,NA,NA,NA,NA,NA,NA,NA,NA,5,90,NA,NA,NA,NA,NA,NA,NA,NA,NA,NA,NA,NA,NA,NA,NA,NA,NA,NA
"59",2009,2,3,2,"i","95-105",95,105,NA,NA,NA,NA,NA,NA,NA,NA,NA,NA,NA,NA,NA,NA,NA,NA,NA,NA,NA,NA,NA,NA,NA,NA,NA,NA,NA,NA,5,100,NA,NA,NA,NA,NA,NA,NA,NA,NA,NA,NA,NA,NA,NA,NA,NA,NA,NA
"60",2009,2,3,2,"i","105-115",105,115,NA,NA,NA,NA,NA,NA,NA,NA,NA,NA,NA,NA,NA,NA,NA,NA,NA,NA,NA,NA,NA,NA,NA,NA,NA,NA,NA,NA,5,110,NA,NA,NA,NA,NA,NA,NA,NA,NA,NA,NA,NA,NA,NA,NA,NA,NA,NA
"61",2009,2,3,6,"i","0-5",0,5,0.0548562548562549,52.1878763548771,467.701187010078,9.4,2.74281274281274,0.143141572286493,1.28281677555989,0.0257824397824398,1.2114470909692,0.142454239068545,202.832003152659,1.7257577351582,1,1,0,0,467.701187010078,0,9.4,NA,NA,NA,NA,202.832003152659,NA,NA,NA,4302.2,6,2.5,46.7701187010078,-1540.85461831,NA,NA,NA,NA,1,0,1,0,1.28281677555989,0,0.0257824397824398,0,100,0,49.755445426604,NA
"62",2009,2,3,6,"i","05-15",5,15,0.0614422600745804,85.8353938537629,450.699753639418,9.63,6.14422600745804,0.527392059276694,2.76920114786624,0.059168896451821,1.11444880834621,0.143545438770992,106.523514354824,1.59974043181866,1,1,0,0,450.699753639418,0,9.63,NA,NA,NA,NA,106.523514354824,NA,NA,NA,21668.6,6,10,45.0699753639418,-870.455401187045,NA,NA,NA,NA,1,0,1,0,2.76920114786624,0,0.059168896451821,0,100,0,46.8016358919437,NA
"63",2009,2,3,6,"i","15-25",15,25,0.204232305908309,184.621240959264,444.792564389697,21.35,20.4232305908309,3.77056217607641,9.08410110761779,0.43603597311424,0.938614542673867,0.641352532270753,-68.0603230889871,6.01982813770038,1,1,0,0,444.792564389697,0,21.35,NA,NA,NA,NA,-68.0603230889871,NA,NA,NA,23043,6,20,44.4792564389697,508.893616485497,NA,NA,NA,NA,1,0,1,0,9.08410110761779,0,0.43603597311424,0,100,0,20.8333753812504,NA
"64",2009,2,3,6,"i","25-35",25,35,0.541647085122036,759.415698697644,134.32071668533,5.57,54.1647085122035,41.1335299595493,7.2754424664112,0.301697426412974,0.661932576015662,0.180418278433454,-342.774692930308,1.19424735803767,8.008,3.037,4.789,58.52721263798,279.967461500248,3.6,16,0.776685772915676,1.05616272248877,0.654031641919689,1.11508769363645,-228.837552196422,8.20306560440913,-350.619440304156,7.29302635153486,19195.2,6,30,13.432071668533,3314.34813925416,2030.09510947516,3410.80815747727,-1284.253029779,96.4600182231143,0.752078796431155,0.247921203568845,0.738116793554541,0.261883206445458,5.47170601364265,1.80373645276855,0.222687937007602,0.0790094894053724,37.9245754245754,59.8026973026973,17.4979663437655,16.2575590661056
"65",2009,2,3,6,"i","35-45",35,45,0.428154784554897,614.958448753461,224.921970884658,9.41,42.8154784554897,26.3297402136252,9.63014179857838,0.402893652266158,0.666455825277661,0.198384290123034,-338.283610314214,1.3221436579607,5.199,3.406,1.524,60.5419157292152,278.966009654063,4,14.6,0.66404466669029,1.16001837744942,0.623029985096693,1.10725689377164,-340.677622182487,7.7030401680801,-381.400631868719,6.89854246024755,6205,6,40,22.4921970884658,3259.64214857161,3288.75729471794,3800.89935028217,29.1151461463328,541.257201710556,0.911489115780098,0.0885108842199024,0.89079887359468,0.10920112640532,8.77776943282317,0.852372365755213,0.35889721161714,0.0439964406490176,65.5125985766494,29.3133294864397,19.1072609352098,15.1354789323038
"66",2009,2,3,6,"i","45-55",45,55,0.320935578395783,347.679174817711,365.619529675252,16.92,32.0935578395783,11.1582617066291,11.7340315229121,0.543022998645666,0.725577408689066,0.164362744165466,-279.582464276212,1.19257893996603,3.041,2.7,0.223,90.7943841059604,341.342479421302,6.3,21.2,0.724341385300068,1.10719850411349,0.721336862647393,1.03783730661666,-280.809697805446,8.01989698271728,-283.792854088354,7.48630306693281,6654.4,6,50,36.5619529675252,2576.88611063112,2590.58202012643,2623.97169760423,13.6959094953081,47.0855869731058,0.97850328807937,0.0214967119206297,0.976043952671076,0.0239560473289237,11.4817884275965,0.252243095315629,0.530014313989416,0.0130086846562497,88.7865833607366,7.33311410720158,16.1010603500614,14.4118070009461
"67",2009,2,3,6,"i","55-65",55,65,0.325458302603477,625.201360300699,207.315207166853,8.38999999999999,32.5458302603477,20.3476973508851,6.74724554284123,0.273059515884317,0.546090868767357,0.186365649621967,-457.792603177322,1.01772579510453,8.063,4.345,3.648,63.5325576756864,371.524368907773,4.1,18.9,0.567579076979396,1.2250305567134,0.555408471069343,1.21648778693437,-436.457206261912,6.95301712650949,-448.54126209522,6.75647621815747,20388.7,6,60,20.7315207166853,4859.72313256115,4549.69195460028,4723.81731415955,-310.031177960863,-135.905818401591,0.874451934327677,0.125548065672323,0.845928965885949,0.154071034114051,5.90014191632131,0.847103626519921,0.230988953897338,0.042070561986979,53.8881309686221,45.2437058166935,19.6573740162843,15.4957457745577
"68",2009,2,3,6,"i","65-75",65,75,0.272930168557164,382.907662082515,339.047614781635,13.76,27.2930168557163,10.450705275401,9.25363226512559,0.375551911934657,0.550467382737936,0.187438803359656,-453.447212358937,1.03178947508921,3.075,2.888,0.181,69.877194612169,326.620599250936,4.6,17.3,0.554865742292806,1.15595275674501,0.539753000592297,1.20029102400247,-449.080131309003,6.41398584426734,-464.085400221085,6.47860681789332,8106.3,6,70,33.9047614781635,4795.60118855917,4731.67076253601,4953.49844347487,-63.9304260231638,157.897254915696,0.98676911713739,0.0132308828626103,0.983608622895954,0.0163913771040457,9.13119854057204,0.122433724553548,0.369396098923991,0.00615581301066631,93.9186991869919,5.88617886178862,18.8798034249096,15.1906944809063
"69",2009,2,3,6,"i","75-85",75,85,0.169521394882139,331.834687878265,335.582620380739,13.55,16.9521394882139,5.62530791594026,5.68884339051461,0.229701490065298,0.570844164902023,0.178018449212123,-433.215337693552,1.01620792977647,NA,NA,NA,NA,NA,NA,NA,NA,NA,NA,NA,NA,NA,NA,NA,NA,6,80,33.5582620380739,4503.61326921291,NA,NA,NA,NA,NA,NA,NA,NA,NA,NA,NA,NA,NA,NA,NA,NA
"70",2009,2,3,6,"i","85-95",85,95,NA,NA,NA,NA,NA,NA,NA,NA,NA,NA,NA,NA,NA,NA,NA,NA,NA,NA,NA,NA,NA,NA,NA,NA,NA,NA,NA,NA,6,90,NA,NA,NA,NA,NA,NA,NA,NA,NA,NA,NA,NA,NA,NA,NA,NA,NA,NA
"71",2009,2,3,6,"i","95-105",95,105,NA,NA,NA,NA,NA,NA,NA,NA,NA,NA,NA,NA,NA,NA,NA,NA,NA,NA,NA,NA,NA,NA,NA,NA,NA,NA,NA,NA,6,100,NA,NA,NA,NA,NA,NA,NA,NA,NA,NA,NA,NA,NA,NA,NA,NA,NA,NA
"72",2009,2,3,6,"i","105-115",105,115,NA,NA,NA,NA,NA,NA,NA,NA,NA,NA,NA,NA,NA,NA,NA,NA,NA,NA,NA,NA,NA,NA,NA,NA,NA,NA,NA,NA,6,110,NA,NA,NA,NA,NA,NA,NA,NA,NA,NA,NA,NA,NA,NA,NA,NA,NA,NA
"73",2009,2,4,1,"i","0-5",0,5,0.053,100.019845207382,454.957939529675,11.58,2.65,0.265052589799561,1.20563853975364,0.030687,1.16137947594045,0.576921111277922,153.120439084323,6.70024337874932,1,1,0,0,454.957939529675,0,11.58,NA,NA,NA,NA,153.120439084323,NA,NA,NA,5917.4,7,2.5,45.4957939529675,-1201.80509634868,NA,NA,NA,NA,1,0,1,0,1.20563853975364,0,0.030687,0,100,0,39.2882503911636,NA
"74",2009,2,4,1,"i","05-15",5,15,0.053956980041153,106.093050418534,423.04241881299,9.07,5.3956980041153,0.572446060393787,2.28260913484536,0.0489389808973257,1.02789573856254,0.972790757483211,20.5859582840771,9.99927474130016,1,1,0,0,423.04241881299,0,9.07,NA,NA,NA,NA,20.5859582840771,NA,NA,NA,19134.1,7,10,42.304241881299,-221.017875489955,NA,NA,NA,NA,1,0,1,0,2.28260913484536,0,0.0489389808973257,0,100,0,46.6419425372646,NA
"75",2009,2,4,1,"i","15-25",15,25,0.140234611162995,164.668415136751,443.68627099664,17.57,14.0234611162995,2.30922111675289,6.22201716915729,0.246392211813382,0.988330581526699,0.898613127873201,-18.6978349968941,8.88126835238446,1,1,0,0,443.68627099664,0,17.57,NA,NA,NA,NA,-18.6978349968941,NA,NA,NA,31724.3,7,20,44.368627099664,94.2916794354263,NA,NA,NA,NA,1,0,1,0,6.22201716915729,0,0.246392211813382,0,100,0,25.2524912348685,NA
"76",2009,2,4,1,"i","25-35",25,35,0.253571031724894,230.740533482559,426.152564389698,18.7,25.3571031724894,5.85091151359249,10.8059945424505,0.474177829325551,0.890300514770811,0.949407960393363,-116.030770495413,8.45258395865717,3.004,3.031,0.191,62.9132402921397,362.537199504337,4.4,21.3,0.890249540393279,0.138861653667387,0.825765841457336,0.15628008253634,-116.081382373632,1.23621523355642,-180.106511774669,1.29050753858643,8664.4,7,30,42.6152564389698,933.404204761974,933.8641493433,1537.86989756145,0.459944581326226,604.465692799473,0.989182834352922,0.0108171656470777,0.987149984633192,0.012850015366808,10.6891043095034,0.116890232947105,0.468084636932118,0.00609319239343299,100.89880159787,6.35818908122503,17.0205257983257,14.298463702759
"77",2009,2,4,1,"i","35-45",35,45,0.512465588209517,668.905207704601,187.266639090288,6.72041838496441,51.2465588209517,34.2790900722747,9.59677083534238,0.344398316066484,0.606559873934411,1.17514346135915,-397.753617442051,6.95184106834324,7.78750063407179,3.97159157039229,3.64137872327957,43.6086949840656,222.062306090034,2.45586388009469,9.91291701198317,0.567359017597222,0.186861641121403,0.526993317161768,0.19761772197364,-436.675700713255,1.03126454034061,-476.754344407543,1.02139456256342,19919.6,7,40,18.7266639090288,4016.11309096547,4552.80707964121,5145.67801600626,536.693988675736,1129.56492504079,0.847419817251817,0.152580182748183,0.814899308699114,0.185100691300886,8.13249378749341,1.46427704784897,0.280649949679717,0.0637483663867672,50.9995665748754,46.7592735382627,22.4013078916726,17.7569674514632
"78",2009,2,4,1,"i","45-55",45,55,1.16016214265869,827.511703276916,101.465890257559,3.56,116.016214265869,96.004775074889,11.7716884647981,0.413017722786494,0.475980334895099,1.24758989708862,-527.404552826896,5.93828257027986,8.026,2.079,6.394,47.8621769251265,211.076749938165,2.6,8.9,0.489307740202603,0.203550986359764,0.482146898805931,0.202521757444265,-514.171924062212,0.99599073151707,-521.281841833798,0.976452372924793,20917.9,7,50,10.1465890257559,5963.52840917982,5741.696495897,5860.12524904675,-221.831913282824,-103.403160133074,0.589142875622299,0.410857124377701,0.52674115721301,0.47325884278699,6.935206393081,4.8364820717171,0.21755343325004,0.195464289536454,25.9033142287565,79.6660852230252,23.7164887570972,18.4085295865871
"79",2009,2,4,1,"i","55-65",55,65,0.400538687267471,590.323183261724,245.033549832027,8.84,40.0538687267471,23.6447272887205,9.81454163862084,0.354076199544444,0.526911647752968,1.21427972712652,-476.835433032309,6.39818131853262,5.031,2.847,2.194,61.0106682689098,282.427158986878,3.6,12.5,0.540162162087409,0.178843440709449,0.503425477608999,0.201436003641101,-463.679148438033,0.966044596087671,-500.154583568265,1.01408016340669,8981.2,7,60,24.5033549832027,5146.92300560977,4947.41130892746,5513.20523834524,-199.511696682313,366.282232735467,0.857283849538517,0.142716150461484,0.818368712617193,0.181631287382807,8.41384803741293,1.40069360120791,0.289764883589575,0.064311315954869,56.5891472868217,43.6096203538064,22.5941727189502,16.9474078524749
"80",2009,2,4,1,"i","65-75",65,75,0.360322208349348,705.570776255706,169.315072788354,6.48,36.0322208349348,25.4232820247219,6.10079809339302,0.233488791010377,0.48620738260468,1.20491923552785,-517.250233769502,5.85840627756028,8.001,3.017,4.792,59.9344,298.0637,3.657808,13.448493,0.493012205670336,0.184895725399259,0.410149602464191,0.221466073197917,-510.493802539299,0.911558493981054,-592.767136425596,0.908342218814311,25795.6,7,70,16.9315072788354,5792.75722444208,5681.10908281206,7159.27711318894,-111.648141630017,1366.51988874686,0.757931394034357,0.242068605965643,0.698321579206366,0.301678420793634,4.62398640364752,1.4768116897455,0.163050261265352,0.0704385297450253,37.7077865266842,59.8925134358205,22.163353172731,16.3853324176665
"81",2009,2,4,1,"i","75-85",75,85,0.648493000059865,857.043357130419,71.5542217245241,3.05,64.8493000059865,55.5786617846884,4.64024119130854,0.197790365018259,0.380395054304195,1.39292435877718,-622.310088018766,5.29861537098683,NA,NA,NA,NA,NA,NA,NA,NA,NA,NA,NA,NA,NA,NA,NA,28567.4,7,80,7.15542217245241,7764.25558093044,NA,NA,NA,NA,NA,NA,NA,NA,NA,NA,NA,NA,NA,NA,NA,NA
"82",2009,2,4,1,"i","85-95",85,95,NA,NA,NA,NA,NA,NA,NA,NA,NA,NA,NA,NA,NA,NA,NA,NA,NA,NA,NA,NA,NA,NA,NA,NA,NA,NA,NA,NA,7,90,NA,NA,NA,NA,NA,NA,NA,NA,NA,NA,NA,NA,NA,NA,NA,NA,NA,NA
"83",2009,2,4,1,"i","95-105",95,105,NA,NA,NA,NA,NA,NA,NA,NA,NA,NA,NA,NA,NA,NA,NA,NA,NA,NA,NA,NA,NA,NA,NA,NA,NA,NA,NA,NA,7,100,NA,NA,NA,NA,NA,NA,NA,NA,NA,NA,NA,NA,NA,NA,NA,NA,NA,NA
"84",2009,2,4,1,"i","105-115",105,115,NA,NA,NA,NA,NA,NA,NA,NA,NA,NA,NA,NA,NA,NA,NA,NA,NA,NA,NA,NA,NA,NA,NA,NA,NA,NA,NA,NA,7,110,NA,NA,NA,NA,NA,NA,NA,NA,NA,NA,NA,NA,NA,NA,NA,NA,NA,NA
"85",2009,2,4,5,"i","0-5",0,5,0.0490505060951175,62.9828686597212,472.272474804031,8.12,2.45252530475587,0.154467079154082,1.15826019519657,0.0199145054746177,1.2583396364782,0.824847909866625,249.391076898415,10.3793881905137,1,1,0,0,472.272474804031,0,8.12,NA,NA,NA,NA,249.391076898415,NA,NA,NA,4381.3,8,2.5,47.2272474804031,-1845.92799754034,NA,NA,NA,NA,1,0,1,0,1.15826019519657,0,0.0199145054746177,0,100,0,58.1616348280826,NA
"86",2009,2,4,5,"i","05-15",5,15,0.108059037693011,118.36174799138,429.053975363941,9.31,10.8059037693011,1.27900565876112,4.63631596961885,0.100602964092194,1.12025102417889,0.84623195515859,112.284468295584,9.47992214459314,1,1,0,0,429.053975363941,0,9.31,NA,NA,NA,NA,112.284468295584,NA,NA,NA,13552.9,8,10,42.9053975363941,-912.169553435034,NA,NA,NA,NA,1,0,1,0,4.63631596961885,0,0.100602964092194,0,100,0,46.0852819939786,NA
"87",2009,2,4,5,"i","15-25",15,25,0.167303046022436,177.199999999999,417.458768197088,15.04,16.7303046022436,2.96460997551755,6.98421235081469,0.251623781217744,0.959664399113761,0.90330550546353,-47.1601606498514,8.66870135116811,1,1,0,0,417.458768197088,0,15.04,NA,NA,NA,NA,-47.1601606498514,NA,NA,NA,22286.1,8,20,41.7458768197088,330.731783281153,NA,NA,NA,NA,1,0,1,0,6.98421235081469,0,0.251623781217744,0,100,0,27.7565670343809,NA
"88",2009,2,4,5,"i","25-35",25,35,0.339521817432335,330.506359735678,369.954745395144,15.1497671311253,33.9521817432335,11.2214119930403,12.5607707524276,0.514367647003631,0.83305939508329,1.05784621965244,-172.864825543875,8.82188357840339,3.33526295603161,2.91334198123574,0.510330159874271,55.2750724883012,382.193268762207,3.86377445320162,22.8684674142434,0.84014604704647,0.954534009572596,0.765577957115456,1.02170552998917,-165.828569614863,8.00714739204664,-239.866375848093,7.8073325927139,9779.3,8,30,36.9954745395144,1467.23015500197,1399.18421852097,2145.80894685471,-68.0459364810001,678.578791852745,0.975291826641124,0.0247081733588764,0.971254650978578,0.0287453490214218,12.2504170511555,0.310353701272086,0.499581969465184,0.0147856775384469,87.3496938514892,15.3010472218201,16.7126752238832,14.3059780424033
"89",2009,2,4,5,"i","35-45",35,45,0.548769237894327,692.266118100563,175.869794932248,6.92516287294781,54.8769237894327,37.989435005011,9.65119333336014,0.380031635208166,0.577707072975993,1.08228102092372,-426.401234520906,6.22831635411038,7.64806526973166,4.48681124353946,3.37151407702793,58.0840178755853,239.277091628529,3.39651247291811,12.1018194483117,0.597238888742828,1.12022465190878,0.541648207566116,1.22089704655829,-407.008317356661,6.68744148792802,-462.203670826792,6.60354134686003,20645.8,8,40,17.5869794932248,4407.61337844682,4140.51423303794,4925.34198666215,-267.099145408881,517.72860821533,0.84573211383056,0.15426788616944,0.825834296844539,0.174165703155461,8.16232413881008,1.48886919455006,0.313843158240816,0.0661884769673501,58.6659643360612,44.0832283475821,19.7719931825549,17.1010759827072
"90",2009,2,4,5,"i","45-55",45,55,0.350486480390588,606.971844474237,239.364066944785,9.11096059716103,35.0486480390588,21.2735425465958,8.38938693554548,0.31932685126763,0.542256632207269,1.11111311218597,-461.599572938125,6.025084542153,5.103,4.343,1.056,81.5617831893165,372.956634544107,5.4,22,0.648404750179477,1.07351659234888,0.637032084596431,1.13015733016902,-356.206316952634,6.96073257875501,-367.498106933736,7.19946479959504,7730.4,8,50,23.9364066944785,4916.32371222261,3480.21823055013,3622.36291462234,-1436.10548167248,-1293.96079760028,0.949510371333349,0.0504896286666513,0.943679109990874,0.0563208900091261,7.96580990442893,0.423577031116547,0.301342078800425,0.0179847724672048,85.1067999216147,20.6937095825985,16.9525742974594,15.1040339239475
"91",2009,2,4,5,"i","55-65",55,65,0.21547479389329,378.811916093778,372.38764877424,14.9710466253668,21.547479389329,8.16244195446291,8.02401518680362,0.322588318596775,0.561897715550001,1.06872859100485,-442.098165243691,6.00516153828594,3.066,2.422,0.81,54.0418732404037,389.877528361091,3.9,20.3,0.544712399233078,1.20715148900179,0.524159042489041,1.21295821661533,-459.161269859972,6.5755038381195,-479.568463412406,6.35783017400308,9096,8,60,37.238764877424,4630.50594135945,4880.02606341646,5188.99768020778,249.520122057006,558.491738848328,0.955696984655873,0.0443030153441271,0.939628021465592,0.0603719785344076,7.66852711886115,0.35548806794247,0.303113023551,0.0194752950457752,78.9954337899543,26.4187866927593,19.205789574438,13.8568905744625
"92",2009,2,4,5,"i","65-75",65,75,0.339797162105178,419.743922805714,336.417558790593,13.37,33.9797162105178,14.2627793780277,11.4313731759396,0.454308805734623,0.540808561642387,1.09519286091706,-463.037345690437,5.92289675833563,3.031,2.135,1.006,63.8118891417861,355.203232553717,4.2,19.8,0.538793070722031,1.22899568084383,0.454215209276637,1.32792266533828,-465.038503643715,6.62174356785961,-549.014897877606,6.03162671339819,10507.2,8,70,33.6417558790593,4937.80415097199,4967.7975427698,6339.51638952016,29.9933917978105,1401.71223854817,0.921956750733802,0.0780432492661975,0.909131966398699,0.0908680336013007,10.5392316697148,0.892141506224778,0.413026657909763,0.0412821478248605,70.4387990762125,33.1903662157704,17.9395571996827,15.1933069385205
"93",2009,2,4,5,"i","75-85",75,85,0.460597986104985,689.530062197648,181.359059350504,6.61,46.0597986104985,31.7596158007082,8.35336174987365,0.304455268815395,0.37378168420629,1.34446389836475,-628.876427780322,5.02535980285331,8.099,1.968,6.173,53.9035011221545,326.323156182213,3.3,14.5,0.384873001238308,1.44164405869073,0.360285385163449,1.50158650551525,-617.863985567474,5.54849875585678,-642.27674920902,5.40999672495799,NA,8,80,18.1359059350504,7905.14182426839,7670.24470978603,8200.55894135766,-234.897114482364,295.417117089272,0.658704327842952,0.341295672157048,0.583475951246143,0.416524048753857,5.50239553667955,2.8509662131941,0.177642327583963,0.126812941231432,24.2992962094086,76.2192863316459,22.5050452539457,16.3343942794408
"94",2009,2,4,5,"i","85-95",85,95,0.460597986104985,689.530062197648,181.359059350504,6.61,46.0597986104985,31.7596158007082,8.35336174987365,0.304455268815395,0.37378168420629,1.34446389836475,-628.876427780322,5.02535980285331,8.099,1.968,6.173,53.9035011221545,326.323156182213,3.3,14.5,0.384873001238308,1.44164405869073,0.360285385163449,1.50158650551525,-617.863985567474,5.54849875585678,-642.27674920902,5.40999672495799,NA,8,90,18.1359059350504,7905.14182426839,7670.24470978603,8200.55894135766,-234.897114482364,295.417117089272,0.658704327842952,0.341295672157048,0.583475951246143,0.416524048753857,5.50239553667955,2.8509662131941,0.177642327583963,0.126812941231432,24.2992962094086,76.2192863316459,22.5050452539457,16.3343942794408
"95",2009,2,4,5,"i","95-105",95,105,NA,NA,NA,NA,NA,NA,NA,NA,NA,NA,NA,NA,NA,NA,NA,NA,NA,NA,NA,NA,NA,NA,NA,NA,NA,NA,NA,NA,8,100,NA,NA,NA,NA,NA,NA,NA,NA,NA,NA,NA,NA,NA,NA,NA,NA,NA,NA
"96",2009,2,4,5,"i","105-115",105,115,NA,NA,NA,NA,NA,NA,NA,NA,NA,NA,NA,NA,NA,NA,NA,NA,NA,NA,NA,NA,NA,NA,NA,NA,NA,NA,NA,NA,8,110,NA,NA,NA,NA,NA,NA,NA,NA,NA,NA,NA,NA,NA,NA,NA,NA,NA,NA
"97",2009,3,5,2,"i","0-5",0,5,0.0586928298204188,95.0825970034547,447.09908174692,8.81,2.93464149102094,0.279033334240361,1.31207551589187,0.0258541915358945,1.20251664330405,0.76890523866193,193.965063494954,9.24621346614643,1,1,0,0,447.09908174692,0,8.81,NA,NA,NA,NA,193.965063494954,NA,NA,NA,5250.7,9,2.5,44.709908174692,-1481.41825449499,NA,NA,NA,NA,1,0,1,0,1.31207551589187,0,0.0258541915358945,0,100,0,50.7490444661657,NA
"98",2009,3,5,2,"i","05-15",5,15,0.0431654645431591,48.2815057283109,459.472291359499,6.72805818673883,4.31654645431591,0.208409362360574,1.98333349012425,0.0290419757103987,1.02374551123319,0.897832627667106,16.4652448915483,9.19152122412901,1,1,0,0,459.472291359499,0,6.72805818673883,NA,NA,NA,NA,16.4652448915483,NA,NA,NA,16878.5,9,10,45.9472291359499,-188.518215410742,NA,NA,NA,NA,1,0,1,0,1.98333349012425,0,0.0290419757103987,0,100,0,68.2919616041862,NA
"99",2009,3,5,2,"i","15-25",15,25,0.112104251247207,134.474327628365,419.107771556551,11.2,11.2104251247207,1.50751438107494,4.69837629222325,0.125556761396872,0.981989230789324,0.899604692621085,-24.9940898370693,8.83402120121446,1,1,0,0,419.107771556551,0,11.2,NA,NA,NA,NA,-24.9940898370693,NA,NA,NA,55676,9,20,41.9107771556551,145.999271310453,NA,NA,NA,NA,1,0,1,0,4.69837629222325,0,0.125556761396872,0,100,0,37.4203367461206,NA
"100",2009,3,5,2,"i","25-35",25,35,0.303234611992776,511.396388985335,251.490545965034,8.81630555208273,30.3234611992776,15.5073085588475,7.62606381255583,0.267340899329556,0.873137329255515,0.997022833100744,-133.071901691104,8.50934358222557,5.68807794676905,2.19222059360836,3.31925007013004,158.921058858581,210.03721320116,6.10576524099745,8.14768548810975,0.922628854549941,0.911101115360791,0.87048936911039,1.00749837323823,-83.9323305511471,8.33886498920106,-135.701031125953,8.56807024800712,11994.1,9,30,25.1490545965034,1089.77628600325,646.883296434675,1114.17494910956,-442.892989568579,24.3986631063108,0.466065560200622,0.533934439799378,0.468461073407078,0.531538926592922,3.55424570292452,4.07181810963131,0.125238804665537,0.142102094664019,38.5406215267072,58.354510982316,25.7787580911998,26.0280329468775
"101",2009,3,5,2,"i","35-45",35,45,0.964706355410936,847.575540511017,95.532401179606,3.06744940370295,96.4706355410936,81.7661510621838,9.21607145656331,0.295918793465372,0.486427915638786,1.16650296227469,-517.031269034557,5.67344538069615,8.02789797614812,2.11181066824809,5.86691309534155,49.7012219249347,40.7302404542593,2.52127060683934,1.85611311853507,0.643356115171452,1.12729080362009,0.519087618249829,1.2409677134583,-361.21904908527,7.17818605991697,-484.603822712834,6.41560398387945,21523.6,9,40,9.5532401179606,5789.11445742235,3543.00987040609,5267.09823562431,-2246.10458701626,-522.016221798041,0.227788379428133,0.772211620571867,0.20948022895053,0.79051977104947,2.09931398178443,7.11675747477888,0.0619891366058906,0.233929656859481,26.3058981880754,73.0815602387185,21.9438352369415,19.7127677569049
"102",2009,3,5,2,"i","45-55",45,55,0.511780700616267,839.926907976388,79.117042431845,2.51913524124591,51.1780700616267,42.9858381430611,4.04905754064566,0.128924479871196,0.495053579953714,1.15619077527391,-508.466945290011,5.69771128614885,8.02691835363402,4.21199813952097,3.70419183868043,64.5267423603756,298.746304832363,3.66808808822722,14.2087711245399,0.675993243096044,1.09461094287057,0.639504645015453,1.13007060154246,-328.814016912317,7.31371622898825,-365.043129886947,7.14543791970935,25704.3,9,50,7.9117042431845,5647.91618576195,3145.49946982095,3591.24418184463,-2502.416715941,-2056.67200391733,0.840370455747177,0.159629544252823,0.814974162701141,0.185025837298859,3.40270833077894,0.646349209866722,0.105070120034708,0.023854359836488,52.473414503015,46.1471224134656,21.0254850482038,17.591382978908
"103",2009,3,5,2,"i","55-65",55,65,0.465443296816985,835.555555555551,92.7690824566218,2.83017947279865,46.5443296816985,38.8903732451523,4.31787475812968,0.131728806440316,0.40279381798728,1.29100583439649,-600.070610958721,5.20009169080417,8.172,2.047,5.997,37.9282182835821,302.756587631386,2.2,9.2,0.469301597705323,1.32978284124909,0.394265539794145,1.47627378000415,-534.035794828626,6.2406921199932,-608.538241133378,5.8204387875728,29060.6,9,60,9.27690824566218,7304.65163220611,6077.04203246023,7476.55921364102,-1227.60959974588,171.907581434908,0.731520311354336,0.268479688645664,0.588038394044801,0.411961605955199,3.15861308745605,1.15926167067363,0.0774615957886019,0.0542672106517141,25.0489476260401,73.3847283406755,32.908324742542,17.24009921981
"104",2009,3,5,2,"i","65-75",65,75,NA,NA,NA,NA,NA,NA,NA,NA,NA,NA,NA,NA,NA,NA,NA,NA,NA,NA,NA,NA,NA,NA,NA,NA,NA,NA,NA,NA,9,70,NA,NA,NA,NA,NA,NA,NA,NA,NA,NA,NA,NA,NA,NA,NA,NA,NA,NA
"105",2009,3,5,2,"i","75-85",75,85,NA,NA,NA,NA,NA,NA,NA,NA,NA,NA,NA,NA,NA,NA,NA,NA,NA,NA,NA,NA,NA,NA,NA,NA,NA,NA,NA,NA,9,80,NA,NA,NA,NA,NA,NA,NA,NA,NA,NA,NA,NA,NA,NA,NA,NA,NA,NA
"106",2009,3,5,2,"i","85-95",85,95,NA,NA,NA,NA,NA,NA,NA,NA,NA,NA,NA,NA,NA,NA,NA,NA,NA,NA,NA,NA,NA,NA,NA,NA,NA,NA,NA,NA,9,90,NA,NA,NA,NA,NA,NA,NA,NA,NA,NA,NA,NA,NA,NA,NA,NA,NA,NA
"107",2009,3,5,2,"i","95-105",95,105,NA,NA,NA,NA,NA,NA,NA,NA,NA,NA,NA,NA,NA,NA,NA,NA,NA,NA,NA,NA,NA,NA,NA,NA,NA,NA,NA,NA,9,100,NA,NA,NA,NA,NA,NA,NA,NA,NA,NA,NA,NA,NA,NA,NA,NA,NA,NA
"108",2009,3,5,2,"i","105-115",105,115,NA,NA,NA,NA,NA,NA,NA,NA,NA,NA,NA,NA,NA,NA,NA,NA,NA,NA,NA,NA,NA,NA,NA,NA,NA,NA,NA,NA,9,110,NA,NA,NA,NA,NA,NA,NA,NA,NA,NA,NA,NA,NA,NA,NA,NA,NA,NA
"109",2009,3,5,5,"i","0-5",0,5,0.0484335960023064,52.9840456962728,449.760447928331,7.56,2.42167980011532,0.128310393191051,1.08917579163886,0.0183078992888718,1.28387520515696,0.744326938278693,274.745051871393,9.55622900586413,1,1,0,0,449.760447928331,0,7.56,NA,NA,NA,NA,274.745051871393,NA,NA,NA,4454.6,10,2.5,44.9760447928331,-2007.31020566538,NA,NA,NA,NA,1,0,1,0,1.08917579163886,0,0.0183078992888718,0,100,0,59.4921227418427,NA
"110",2009,3,5,5,"i","05-15",5,15,0.0374600978068209,61.2509252405646,449.864815229563,8.66,3.74600978068209,0.229446565026982,1.68519799783468,0.0324404447007069,1.24788385717464,0.735031432079757,239.009652849459,9.17233858608286,1,1,0,0,449.864815229563,0,8.66,NA,NA,NA,NA,239.009652849459,NA,NA,NA,10134,10,10,44.9864815229563,-1778.90144332298,NA,NA,NA,NA,1,0,1,0,1.68519799783468,0,0.0324404447007069,0,100,0,51.9474382482174,NA
"111",2009,3,5,5,"i","15-25",15,25,0.110754050141112,129.838406614059,432.602463605823,13.42,11.0754050141112,1.43801293963756,4.79124749453677,0.148631935289372,0.998341482487441,1.06281117767396,-8.75812558181787,10.6104848672324,1,1,0,0,432.602463605823,0,13.42,NA,NA,NA,NA,-8.75812558181787,NA,NA,NA,47898.9,10,20,43.2602463605823,13.333931516838,NA,NA,NA,NA,1,0,1,0,4.79124749453677,0,0.148631935289372,0,100,0,32.2356530257692,NA
"112",2009,3,5,5,"i","25-35",25,35,0.239927399917905,178.717598908593,463.693482642777,20.83,23.9927399917905,4.28792488257098,11.125277164936,0.499768774028996,0.965059175321689,0.898615600505471,-41.803748866693,8.67217230355012,3.004,2.767,0.329,137.03667619871,406.470828247603,7.9,24,0.988990979,NA,0.899459,NA,-18.04213387,NA,-106.9374149,NA,27841.6,10,30,46.3693482642777,285.700536883129,88.9258621539268,851.191199717024,-196.774674729203,565.490662833894,0.961458832509468,0.0385411674905321,0.962335759653717,0.0376642403462832,10.6964959943436,0.428781170592391,0.480945362806401,0.0188234112225954,92.1105193075899,10.9520639147803,16.9362845103168,17.3464147086975
"113",2009,3,5,5,"i","35-45",35,45,0.781521881860249,686.610663466483,157.124972004479,6.05,78.1521881860249,53.660125781764,12.279660380818,0.472820738525451,0.762922876722289,0.91370231969556,-242.502574896033,6.97084402209966,8.037,3.716,4.241,79.642328639745,248.872467001301,3.8,12.3,0.78512324151167,1.00231292568912,0.712080226941847,1.04963275920695,-220.460085835313,7.86939173226092,-292.983662132021,7.47422733381682,57900,10,40,15.7124972004479,2173.71639940915,1943.29980480067,2727.72319998592,-230.416594608486,554.006800576772,0.732480370309077,0.267519629690923,0.739321866113687,0.260678133886313,8.99461018301127,3.28505019780673,0.349566710743888,0.123254027781563,46.2361577703123,52.7684459375389,20.2335339025448,20.958507536775
"114",2009,3,5,5,"i","45-55",45,55,0.48390795103775,854.007979688066,74.5704367301231,2.05,48.390795103775,41.3261251620741,3.60852272460641,0.0992011299627388,0.520264600545482,1.29534942774135,-483.435210411967,6.73924452590671,8.109,1.724,6.561,50.9173614810868,183.80531154239,2.2,5.3,0.508529095694264,1.24615400360517,0.484084207594887,1.25371447332584,-495.087259365179,6.33705568549123,-519.358310027319,6.06903377370181,27730.6,10,50,7.45704367301231,5248.90478271876,5432.17845560779,5827.91261947455,183.273672889037,579.007836755794,0.486797393343437,0.513202606656563,0.387639257744555,0.612360742255445,1.75661945615896,1.85190326844745,0.0384542523861772,0.0607468775765616,21.2603280305833,80.9100998890122,34.6802474608283,23.1442552186758
"115",2009,3,5,5,"i","55-65",55,65,0.63365133928131,893.334474097182,58.1730197538889,1.80326203834643,63.365133928131,56.6062585937844,3.68614118770898,0.114263940567336,0.396460201104386,1.31807105732055,-606.359186942967,5.205044330922,8.17704413149073,0.8234317756061,7.23421771224507,33.3058567757563,210.19178915556,1.6,5.37707212958756,0.403358137342209,1.42830340893337,0.400852258661449,1.44199045001041,-599.510304705838,5.73752782616714,-601.998363074796,5.76713437979858,31111.2,10,60,5.81730197538889,7431.96787517009,7293.40517156397,7343.46617224335,-138.562703606121,-88.501702926741,0.418043630178651,0.581956369821349,0.27668674343183,0.72331325656817,1.54096784346091,2.14517334424807,0.0316153176072644,0.0826486229600717,10.0700419658367,88.4698381947735,39.0903793160912,20.8161604848477
"116",2009,3,5,5,"i","65-75",65,75,NA,NA,NA,NA,NA,NA,NA,NA,NA,NA,NA,NA,NA,NA,NA,NA,NA,NA,NA,NA,NA,NA,NA,NA,NA,NA,NA,NA,10,70,NA,NA,NA,NA,NA,NA,NA,NA,NA,NA,NA,NA,NA,NA,NA,NA,NA,NA
"117",2009,3,5,5,"i","75-85",75,85,NA,NA,NA,NA,NA,NA,NA,NA,NA,NA,NA,NA,NA,NA,NA,NA,NA,NA,NA,NA,NA,NA,NA,NA,NA,NA,NA,NA,10,80,NA,NA,NA,NA,NA,NA,NA,NA,NA,NA,NA,NA,NA,NA,NA,NA,NA,NA
"118",2009,3,5,5,"i","85-95",85,95,NA,NA,NA,NA,NA,NA,NA,NA,NA,NA,NA,NA,NA,NA,NA,NA,NA,NA,NA,NA,NA,NA,NA,NA,NA,NA,NA,NA,10,90,NA,NA,NA,NA,NA,NA,NA,NA,NA,NA,NA,NA,NA,NA,NA,NA,NA,NA
"119",2009,3,5,5,"i","95-105",95,105,NA,NA,NA,NA,NA,NA,NA,NA,NA,NA,NA,NA,NA,NA,NA,NA,NA,NA,NA,NA,NA,NA,NA,NA,NA,NA,NA,NA,10,100,NA,NA,NA,NA,NA,NA,NA,NA,NA,NA,NA,NA,NA,NA,NA,NA,NA,NA
"120",2009,3,5,5,"i","105-115",105,115,NA,NA,NA,NA,NA,NA,NA,NA,NA,NA,NA,NA,NA,NA,NA,NA,NA,NA,NA,NA,NA,NA,NA,NA,NA,NA,NA,NA,10,110,NA,NA,NA,NA,NA,NA,NA,NA,NA,NA,NA,NA,NA,NA,NA,NA,NA,NA
"121",2009,3,6,2,"i","0-5",0,5,0.0371499267787709,57.0734669095361,441.202329227324,10.77,1.85749633893854,0.106013755834993,0.819531711270911,0.0200052355703681,1.14580178668069,0.856622320966045,137.653529042205,9.8151938587345,1,1,0,0,441.202329227324,0,10.77,NA,NA,NA,NA,137.653529042205,NA,NA,NA,5338.2,11,2.5,44.1202329227324,-1093.32859176823,NA,NA,NA,NA,1,0,1,0,0.819531711270911,0,0.0200052355703681,0,100,0,40.9658615809957,NA
"122",2009,3,6,2,"i","05-15",5,15,0.0770876185768873,106.063284426378,443.991142950045,10.0460440644525,7.70876185768873,0.817616601487252,3.42262198792493,0.0774425613047116,1.18051343156442,0.797790763978051,172.118325449298,9.41802712454125,1,1,0,0,443.991142950045,0,10.0460440644525,NA,NA,NA,NA,172.118325449298,NA,NA,NA,17983.5,11,10,44.3991142950045,-1333.0719747405,NA,NA,NA,NA,1,0,1,0,3.42262198792493,0,0.0774425613047116,0,100,0,44.1956196988115,NA
"123",2009,3,6,2,"i","15-25",15,25,0.17294093249836,244.031346819757,390.865979843225,17.69,17.294093249836,4.22030086778394,6.75967270359724,0.305932509589599,0.97089130879239,0.894680157133975,-36.0130900442708,8.68637188710387,1,1,0,0,390.865979843225,0,17.69,NA,NA,NA,NA,-36.0130900442708,NA,NA,NA,18279.2,11,20,39.0865979843225,237.300879679467,NA,NA,NA,NA,1,0,1,0,6.75967270359724,0,0.305932509589599,0,100,0,22.0953069442185,NA
"124",2009,3,6,2,"i","25-35",25,35,0.429994838082434,540.735301115969,259.317320255056,11.0976572788633,42.9994838082434,23.2513388248818,11.1505109135043,0.477193534471917,0.774435721166942,1.071551919268,-231.071602921627,8.23920874014139,4.62416318623987,2.2584774565085,2.22006110420485,60.9126493133884,287.198977763698,3.8531530855113,15.7644783006489,0.769266130302286,1.04073184198928,0.684818085156452,1.11972418204774,-236.204430745117,7.89263440565056,-320.0519318554,7.5764684863961,5222.6,11,30,25.9317320255056,2053.40041269519,2107.20287282096,3041.31022832286,53.8024601257735,987.909815627671,0.827482687656668,0.172517312343333,0.806280987004884,0.193719012995116,9.22685473945154,1.92365617405276,0.384752073966366,0.0924414605055507,48.8407819003675,48.0100077525614,18.2181086038145,15.8085204406836
"125",2009,3,6,2,"i","35-45",35,45,0.895327666274828,816.968230800973,102.056752343967,2.93519476066018,89.5327666274828,73.145425950371,9.13742339037122,0.262796107512398,0.481242475401164,1.19551393848266,-522.179833519743,5.75319972341057,8.16612542243645,1.95322106657543,6.14509573783411,48.9384840838006,163.366374855762,2.41617161097722,6.04257416465829,0.536073780429941,1.25682449547536,0.518653357933719,1.27549560385724,-467.738455968146,6.73726412243808,-485.034994829066,6.6141525219124,23646.9,11,40,10.2056752343967,5875.2079052175,5008.44277337883,5273.82132626638,-866.765131838662,-601.386578951119,0.514809869326773,0.485190130673227,0.442868432614228,0.557131567385772,4.70403574158041,4.43338764879081,0.116384100231136,0.146412007281262,23.9185778509959,75.2510575082578,27.035890732009,20.2545563657241
"126",2009,3,6,2,"i","45-55",45,55,0.965259381075865,811.59420289855,108.149224903379,2.80661244093268,96.5259381075865,78.3398917974615,10.439205389407,0.27091089876545,0.487446827868381,1.17834741151412,-516.019602699892,5.74381707869475,8.032,2.706,5.762,56.2131633540788,217.926881310726,2.5,7.3,0.503164233013081,1.26169449647971,0.47985591746719,1.30113765469481,-500.413970348721,6.3483954361804,-523.556531082222,6.24358603044686,28729.3,11,50,10.8149224903379,5772.30546841962,5517.37491714084,5898.38602661214,-254.930551278771,126.080558192521,0.645472236880573,0.354527763119427,0.578293148471258,0.421706851528742,6.73821725395627,3.70098813545073,0.15666591660225,0.1142449821632,33.6902390438247,71.7380478087649,29.8529974398255,22.4852653416315
"127",2009,3,6,2,"i","55-65",55,65,NA,NA,NA,NA,NA,NA,NA,NA,NA,NA,NA,NA,NA,NA,NA,NA,NA,NA,NA,NA,NA,NA,NA,NA,NA,NA,NA,NA,11,60,NA,NA,NA,NA,NA,NA,NA,NA,NA,NA,NA,NA,NA,NA,NA,NA,NA,NA
"128",2009,3,6,2,"i","65-75",65,75,NA,NA,NA,NA,NA,NA,NA,NA,NA,NA,NA,NA,NA,NA,NA,NA,NA,NA,NA,NA,NA,NA,NA,NA,NA,NA,NA,NA,11,70,NA,NA,NA,NA,NA,NA,NA,NA,NA,NA,NA,NA,NA,NA,NA,NA,NA,NA
"129",2009,3,6,2,"i","75-85",75,85,NA,NA,NA,NA,NA,NA,NA,NA,NA,NA,NA,NA,NA,NA,NA,NA,NA,NA,NA,NA,NA,NA,NA,NA,NA,NA,NA,NA,11,80,NA,NA,NA,NA,NA,NA,NA,NA,NA,NA,NA,NA,NA,NA,NA,NA,NA,NA
"130",2009,3,6,2,"i","85-95",85,95,NA,NA,NA,NA,NA,NA,NA,NA,NA,NA,NA,NA,NA,NA,NA,NA,NA,NA,NA,NA,NA,NA,NA,NA,NA,NA,NA,NA,11,90,NA,NA,NA,NA,NA,NA,NA,NA,NA,NA,NA,NA,NA,NA,NA,NA,NA,NA
"131",2009,3,6,2,"i","95-105",95,105,NA,NA,NA,NA,NA,NA,NA,NA,NA,NA,NA,NA,NA,NA,NA,NA,NA,NA,NA,NA,NA,NA,NA,NA,NA,NA,NA,NA,11,100,NA,NA,NA,NA,NA,NA,NA,NA,NA,NA,NA,NA,NA,NA,NA,NA,NA,NA
"132",2009,3,6,2,"i","105-115",105,115,NA,NA,NA,NA,NA,NA,NA,NA,NA,NA,NA,NA,NA,NA,NA,NA,NA,NA,NA,NA,NA,NA,NA,NA,NA,NA,NA,NA,11,110,NA,NA,NA,NA,NA,NA,NA,NA,NA,NA,NA,NA,NA,NA,NA,NA,NA,NA
"133",2009,3,6,6,"i","0-5",0,5,0.089258748403576,104.296731546093,429.14790593505,12.06,4.4629374201788,0.465469786019402,1.91526024818891,0.0538230252873563,1.04400835351534,0.130708366741181,36.5839899473464,1.3646062675214,1,1,0,0,429.14790593505,0,12.06,NA,NA,NA,NA,36.5839899473464,NA,NA,NA,8258.3,12,2.5,42.914790593505,-345.961154238322,NA,NA,NA,NA,1,0,1,0,1.91526024818891,0,0.0538230252873563,0,100,0,35.5844034772015,NA
"134",2009,3,6,6,"i","05-15",5,15,0.0672051706993702,56.8549153831553,451.179843225084,8.45,6.72051706993702,0.38209442934232,3.03216183800569,0.0567883692409678,1.25343617815486,0.119087357030785,244.522489040628,1.4926840166323,1,1,0,0,451.179843225084,0,8.45,NA,NA,NA,NA,244.522489040628,NA,NA,NA,53252.1,12,10,45.1179843225084,-1814.56410708459,NA,NA,NA,NA,1,0,1,0,3.03216183800569,0,0.0567883692409678,0,100,0,53.3940642869922,NA
"135",2009,3,6,6,"i","15-25",15,25,0.092172218623999,116.888118621216,450.069759260252,14.9754042690815,9.2172218623999,1.07738372241026,4.14839282465865,0.138031623627255,1.04978073968875,0.148529963994102,42.3153263595626,1.55923895467672,1,1,0,0,450.069759260252,0,14.9754042690815,NA,NA,NA,NA,42.3153263595626,NA,NA,NA,42834.1,12,20,45.0069759260252,-390.253767816362,NA,NA,NA,NA,1,0,1,0,4.14839282465865,0,0.138031623627255,0,100,0,30.0539305098744,NA
"136",2009,3,6,6,"i","25-35",25,35,0.610192718053365,695.780469917193,191.79243315141,7.59103993335962,61.0192718053365,42.4560176107219,11.7030346086727,0.463199728978834,0.788788328524708,0.211628052929477,-216.821062731057,1.69795503875785,6.40253655815044,2.60795871565733,3.58393164544257,53.019824669106,237.545371904298,2.99341521179785,12.5173831032312,0.820379461564928,0.996017803505053,0.64588107019952,1.14217879971653,-185.454586951888,8.0582975277505,-358.712050028587,7.21746638048111,21788.1,12,30,19.179243315141,1905.88766837165,1590.43991555434,3511.54476855575,-315.447752817312,1605.6571001841,0.765271319720866,0.234728680279134,0.752652754580143,0.247347245419857,8.95599673971793,2.74703786895477,0.348628551936695,0.114571177042139,40.7332108449642,55.9767462925334,18.9772390878553,17.7121518124651
"137",2009,3,6,6,"i","35-45",35,45,1.02263592775066,829.72557992753,111.707468220821,3.62513116884113,102.263592775066,84.8507188207642,11.4236070400677,0.370718937606567,0.600068213933628,0.181365404666532,-404.199112635969,1.0882847650898,8.08515432600786,2.36954476626709,5.33439913093265,44.908306426719,140.339695277943,2.1378982028738,5.22685227556147,0.610296739049259,1.13887101544034,0.515669957341101,1.25635255064714,-394.043326678955,6.95077554876532,-487.997179259385,6.45873662677962,23608.3,12,40,11.1707468220821,4102.54901674171,3966.77559053949,5320.16220067132,-135.773426202225,1217.61318392961,0.581264076404667,0.418735923595333,0.520615217367686,0.479384782632314,6.6401323953548,4.7834746447129,0.193001920284361,0.177717017322206,29.3073535856313,65.9777032798652,26.8497535187883,21.0058207478506
"138",2009,3,6,6,"i","45-55",45,55,0.74527995624083,774.718668512994,91.6864485121423,3.26693655570452,74.527995624083,57.7382295368318,6.83320723350065,0.243478233327703,0.609544632052983,0.177146874124343,-394.79008513969,1.07971763935224,8.0434566906825,2.68778343010492,5.16899227522016,54.9089565665522,230.143486607414,2.43498491458196,7.95640184104853,0.618523307560308,1.14427837371943,0.581867677504341,1.17822242048872,-385.875260607409,7.0776340283918,-422.270217725814,6.8545488919758,32268.7,12,50,9.16864485121423,3976.6812658343,3859.21710412239,4349.96762582996,-117.464161711913,373.28635999566,0.685478692087569,0.314521307912431,0.629500698781585,0.370499301218415,4.68401795718334,2.14918927631731,0.153269718017895,0.0902085153098081,33.4157754988404,64.2633195403152,28.9255735450743,22.5500191963115
"139",2009,3,6,6,"i","55-65",55,65,0.42326888228212,742.454997781498,143.5389118919,5.50626303442757,42.326888228212,31.4258097055748,6.07555548004763,0.233062980013351,0.589202374007623,0.18068616631862,-414.987681201252,1.05473038120981,8.05454899514758,3.27004615099654,4.6001420402691,53.8165002842854,248.742996171433,3.09997314025979,11.2089663775681,0.563482078453513,1.20361030294685,0.515359203869719,1.26213224969873,-440.52506938242,6.69671277722006,-488.305722837769,6.42561244715141,32006.4,12,60,14.35389118919,4249.34104522522,4607.88745170767,5325.00451319771,358.546406482451,1075.66346797248,0.766661828173968,0.233338171826032,0.719914491145805,0.280085508854195,4.65789647150569,1.41765900854194,0.167785416661237,0.0652775633521145,40.5987492653724,57.1123478551118,22.1914303061189,17.3603117992743
"140",2009,3,6,6,"i","65-75",65,75,0.396306190031773,845.790763684536,89.094185601525,2.92604731154954,39.6306190031773,33.5192115119882,3.5308577249724,0.115961066189291,0.396190001954073,0.209511110553061,-606.627464598379,0.830049726151419,8.14474493190985,1.98768212704331,6.08101704401636,47.8445436959553,229.034995190569,2.58997236865574,8.18080469162653,0.418577722141387,1.40394636734177,0.387816813307209,1.47691858057406,-584.398952499361,5.87556618439642,-614.941108130945,5.72758638169391,38904.8,12,70,8.9094185601525,7437.44446459165,6995.88098123379,7609.03578398272,-441.56348335786,171.591319391064,0.610095809940486,0.389904190059514,0.507984459271416,0.492015540728584,2.15416150350166,1.37669622147074,0.0589064195047038,0.0570546466845871,24.4044736042731,74.6618475453034,27.9966340505596,18.4729938724357
"141",2009,3,6,6,"i","75-85",75,85,0.199857121106863,703.954214360042,162.061545352744,5.81,19.9857121106863,14.0690262673041,3.23891538963286,0.116116987363087,0.404409113674402,0.208501461299578,-598.466802289313,0.843198911639801,8.039,2.339,5.79,77.6365704229942,326.492842149454,4.6,12.9,0.403855159292011,1.468462155839,0.395694605972134,1.46189570762167,-599.01681727915,5.9304601786065,-607.119337620116,5.7846424599971,NA,12,80,16.2061545352744,7272.50187886477,7283.51292166184,7447.49521290077,11.0110427970731,174.993334035995,0.629473931127203,0.370526068872797,0.531150155526334,0.468849844473666,2.03881280290059,1.20010258673227,0.061675555897153,0.054441431465934,29.0956586640129,72.0238835676079,25.3095226472445,16.8775153093466
"142",2009,3,6,6,"i","85-95",85,95,NA,NA,NA,NA,NA,NA,NA,NA,NA,NA,NA,NA,NA,NA,NA,NA,NA,NA,NA,NA,NA,NA,NA,NA,NA,NA,NA,NA,12,90,NA,NA,NA,NA,NA,NA,NA,NA,NA,NA,NA,NA,NA,NA,NA,NA,NA,NA
"143",2009,3,6,6,"i","95-105",95,105,NA,NA,NA,NA,NA,NA,NA,NA,NA,NA,NA,NA,NA,NA,NA,NA,NA,NA,NA,NA,NA,NA,NA,NA,NA,NA,NA,NA,12,100,NA,NA,NA,NA,NA,NA,NA,NA,NA,NA,NA,NA,NA,NA,NA,NA,NA,NA
"144",2009,3,6,6,"i","105-115",105,115,NA,NA,NA,NA,NA,NA,NA,NA,NA,NA,NA,NA,NA,NA,NA,NA,NA,NA,NA,NA,NA,NA,NA,NA,NA,NA,NA,NA,12,110,NA,NA,NA,NA,NA,NA,NA,NA,NA,NA,NA,NA,NA,NA,NA,NA,NA,NA
"145",2022,1,1,2,"c","0-5",0,5,0.142835406698565,65.8536585365835,471.435692205172,10.7,7.14177033492823,0.470311704983066,3.36688544141726,0.0764169425837321,NA,NA,NA,NA,1,1,0,0,471.435692205172,0,10.7,NA,NA,NA,NA,NA,NA,NA,NA,NA,14,2.5,47.1435692205172,NA,NA,NA,NA,NA,1,0,1,0,3.36688544141726,0,0.0764169425837321,0,100,0,44.0594104864647,NA
"146",2022,1,1,2,"c","5-15",5,15,0.132714892344498,99.9999999999996,436.645275283234,13.3,13.2714892344498,1.32714892344497,5.79493307019479,0.176510806818182,NA,NA,NA,NA,1,1,0,0,436.645275283234,0,13.3,NA,NA,NA,NA,NA,NA,NA,NA,NA,14,10,43.6645275283234,NA,NA,NA,NA,NA,1,0,1,0,5.79493307019479,0,0.176510806818182,0,100,0,32.8304718258071,NA
"147",2022,1,1,2,"c","15-25",15,25,0.248718226101465,378.368350362508,316.674288644608,17.3312721700528,24.8718226101465,9.41071049151006,7.87626673236303,0.431060327021723,NA,NA,NA,NA,1,1,0,0,316.674288644608,0,17.3312721700528,NA,NA,NA,NA,NA,NA,NA,NA,9669.65536405315,14,20,31.6674288644608,NA,NA,NA,NA,NA,1,0,1,0,7.87626673236303,0,0.431060327021723,0,100,0,18.271843263289,NA
"148",2022,1,1,2,"c","25-35",25,35,0.742083410966638,915.384615384617,37.3270003191073,1.5,74.2083410966638,67.9291737731001,2.76997477179559,0.111312511644996,NA,NA,NA,NA,5.018,0.044,4.802,10.2024147703786,219.119417267776,0.500080891118855,7,NA,NA,NA,NA,NA,NA,NA,NA,21731.550640106,14,30,3.73270003191073,NA,NA,NA,NA,NA,0.164433224244834,0.835566775755166,0.113678790220392,0.886321209779608,0.455475882803197,2.31449888899239,0.0126538716601965,0.0986586399847996,0.876843363889996,95.6954962136309,31.3027738953966,20.4015289357533
"149",2022,1,1,2,"c","35-45",35,45,0.943771075065561,909.231974758334,40.5215983884565,1.91623334357127,94.3771075065561,85.8106838301656,3.82431124744485,0.180848560273873,NA,NA,NA,NA,5.168,0.249,4.887,20.5244526604193,181.502664959161,1.04051836862652,6.3,NA,NA,NA,NA,NA,NA,NA,NA,22331.6763580323,14,40,4.05215983884565,NA,NA,NA,NA,NA,0.310618863058028,0.689381136941972,0.23576309001284,0.76423690998716,1.18790321166135,2.6364080357835,0.0426374153945417,0.138211144879331,4.81811145510836,94.562693498452,28.8099468189144,19.7252189670726
"150",2022,1,1,2,"c","45-55",45,55,1.47332889466652,888.095238095232,58.7256108272635,3,147.332889466652,130.845637550145,8.65221392887485,0.441998668399957,NA,NA,NA,NA,5.099,0.6,4.471,35.2120563023466,242.876180208332,1.9,11.7,NA,NA,NA,NA,NA,NA,NA,NA,25259.9556262568,14,50,5.87256108272635,NA,NA,NA,NA,NA,0.480690985805029,0.519309014194972,0.452468272434885,0.547531727565115,4.15904124286685,4.493172686008,0.199990373909448,0.242008294490509,11.7670131398313,87.6838595803099,20.758647881054,18.5326612117614
"151",2022,1,1,2,"c","55-65",55,65,1.59296755464149,837.465816640757,82.2413841699033,3.46465301976311,159.296755464149,133.405587403007,13.1007856631462,0.55190798485733,NA,NA,NA,NA,8.02,0.705,7.247,59.7033111224277,257.190239996735,2.8,8.1,NA,NA,NA,NA,NA,NA,NA,NA,34285.2926457875,14,60,8.22413841699033,NA,NA,NA,NA,NA,0.295313295184376,0.704686704815624,0.219616877098388,0.780383122901612,3.86883618368793,9.23194947945827,0.121208308080031,0.430699676777299,8.79052369077307,90.3615960099751,31.7518814810784,21.3226111151527
"152",2022,1,1,2,"c","65-75",65,75,1.62207280855866,900,41.9604164816725,1.7,162.207280855866,145.986552770279,6.80628506107176,0.275752377454972,NA,NA,NA,NA,5.097,0.119,4.94,31.0991139075009,359.447762828452,1.36735664468625,8.10000000000001,NA,NA,NA,NA,NA,NA,NA,NA,44271.0981732475,14,70,4.19604164816725,NA,NA,NA,NA,NA,0.217787337040671,0.782212662959329,0.124879482930433,0.875120517069567,1.48232269859052,5.32396236248124,0.0344358143134144,0.241316563141558,2.33470669020993,96.919756719639,44.3762670158582,22.7439666369097
"153",2022,1,1,2,"c","75-85",75,85,1.0759625567614,925.581395348837,29.8745202193393,1.5,107.59625567614,99.5890924630319,3.21438651572205,0.16139438351421,NA,NA,NA,NA,8.1,0.823000000000001,7.735,18.8097962025353,317.382036528365,1.4,9.30000000000001,NA,NA,NA,NA,NA,NA,NA,NA,40609.478058003,14,80,2.98745202193393,NA,NA,NA,NA,NA,0.642257035875322,0.357742964124678,0.4141070935838,0.5858929064162,2.06446235574525,1.1499241599768,0.0668345590778186,0.0945598244363914,10.1604938271605,95.4938271604938,34.1271007019747,13.4355687160966
"154",2022,1,1,2,"c","85-95",85,95,0.745827641052152,904.255319148934,44.4352357673512,2.8,74.5827641052152,67.441861158971,3.31410270719598,0.208831739494602,NA,NA,NA,NA,NA,NA,NA,NA,NA,NA,NA,NA,NA,NA,NA,NA,NA,NA,NA,32240.247134381,14,90,4.44352357673512,NA,NA,NA,NA,NA,NA,NA,NA,NA,NA,NA,NA,NA,NA,NA,NA,NA
"155",2022,1,1,2,"c","95-105",95,105,0.917328274437003,932.758620689656,23.8248092727405,1.8,91.7328274437003,85.5645855983481,2.18551711789537,0.165119089398661,NA,NA,NA,NA,NA,NA,NA,NA,NA,NA,NA,NA,NA,NA,NA,NA,NA,NA,NA,33084.6108845279,14,100,2.38248092727405,NA,NA,NA,NA,NA,NA,NA,NA,NA,NA,NA,NA,NA,NA,NA,NA,NA
"156",2022,1,1,2,"c","105-115",105,115,NA,NA,NA,NA,NA,NA,NA,NA,NA,NA,NA,NA,NA,NA,NA,NA,NA,NA,NA,NA,NA,NA,NA,NA,NA,NA,NA,NA,14,110,NA,NA,NA,NA,NA,NA,NA,NA,NA,NA,NA,NA,NA,NA,NA,NA,NA,NA
"157",2022,1,1,4,"c","0-5",0,5,0.0772864085701286,87.7551020408184,444.433637492933,16.7,3.86432042850643,0.339113833522001,1.71743398447936,0.0645341511560574,NA,NA,NA,NA,1,1,0,0,444.433637492933,0,16.7,NA,NA,NA,NA,NA,NA,NA,NA,3679.88809503699,16,2.5,44.4433637492933,NA,NA,NA,NA,NA,1,0,1,0,1.71743398447936,0,0.0645341511560574,0,100,0,26.6127926642475,NA
"158",2022,1,1,4,"c","5-15",5,15,0.177044902491498,206.818181818184,385.255962767117,19.2,17.7044902491498,3.66161048334694,6.82076043623725,0.339926212783677,NA,NA,NA,NA,1,1,0,0,385.255962767117,0,19.2,NA,NA,NA,NA,NA,NA,NA,NA,24857.5010808474,16,10,38.5255962767117,NA,NA,NA,NA,NA,1,0,1,0,6.82076043623725,0,0.339926212783677,0,100,0,20.065414727454,NA
"159",2022,1,1,4,"c","15-25",15,25,0.282589172795263,293.323286269909,371.004205293468,22.3833907918942,28.2589172795263,8.28899848286019,10.4841771477445,0.632530388823449,NA,NA,NA,NA,1,1,0,0,371.004205293468,0,22.3833907918942,NA,NA,NA,NA,NA,NA,NA,NA,9866.98344256168,16,20,37.1004205293468,NA,NA,NA,NA,NA,1,0,1,0,10.4841771477445,0,0.632530388823449,0,100,0,16.5749777923647,NA
"160",2022,1,1,4,"c","25-35",25,35,0.570159358747082,757.407407407409,122.677598373476,6.8,57.0159358747082,43.1842921717698,6.99457808212531,0.387708363948016,NA,NA,NA,NA,5.402,0.804,4.413,33,301.435393724931,1.7,16,NA,NA,NA,NA,NA,NA,NA,NA,19863.7985644298,16,30,12.2677598373476,NA,NA,NA,NA,NA,0.624651134786309,0.375348865213691,0.631637868811407,0.368362131188593,4.36917113635102,2.62540694577429,0.244891284724482,0.142817079223534,14.8833765272121,81.6919659385413,18.8397121078082,19.4117647058824
"161",2022,1,1,4,"c","35-45",35,45,0.387915544102544,402.083333333332,283.658443681095,16.4,38.7915544102544,15.5974375024564,11.0035519519833,0.636181492328173,NA,NA,NA,NA,6.593,4.278,2.22,82.8999999999999,388.782281967323,4.6,21.5,NA,NA,NA,NA,NA,NA,NA,NA,9649.50094104217,16,40,28.3658443681095,NA,NA,NA,NA,NA,0.900371828797046,0.0996281712029545,0.900067521944632,0.099932478055368,9.9072881942705,1.0962637577128,0.572606299306857,0.0635751930213164,64.8870013650842,33.6720764447141,18.0828968356894,18.0217391304348
"162",2022,1,1,4,"c","45-55",45,55,1.04215267180377,769.227310763024,119.780518470205,5.04338520088353,104.215267180377,80.1652297136113,12.4829587353764,0.525597736203636,NA,NA,NA,NA,8.068,1.729,6.204,49.2,377.425647109892,2.5,16.3,NA,NA,NA,NA,NA,NA,NA,NA,30694.0570518836,16,50,11.9780518470205,NA,NA,NA,NA,NA,0.681316590593713,0.318683409406287,0.645020792947106,0.354979207052894,8.50484688610865,3.97811184926775,0.339021468577273,0.186576267626363,21.4303420922162,76.8963807635102,23.1549476754535,19.68
"163",2022,1,1,4,"c","55-65",55,65,0.97151454961369,806,102.173692858285,3.7,97.151454961369,78.3040726988634,9.92632291995844,0.359460383357065,NA,NA,NA,NA,8.127,0.794,7.192,31.4112237199608,384.826653022969,1.7,11.1,NA,NA,NA,NA,NA,NA,NA,NA,34931.729859621,16,60,10.2173692858285,NA,NA,NA,NA,NA,0.574928084195477,0.425071915804523,0.418891814560975,0.581108185439025,5.70692181947736,4.21940110048109,0.150575012247225,0.20888537110984,9.76990279315861,88.4951396579304,34.6690678399071,18.4771904235064
"164",2022,1,1,4,"c","65-75",65,75,1.90799582176048,873.999999999999,66.2857825238453,2.8,190.799582176048,166.758834821866,12.6472996097621,0.534238830092934,NA,NA,NA,NA,8.021,0.708999999999999,7.185,27,368.628025771533,1.5,12.1,NA,NA,NA,NA,NA,NA,NA,NA,32260.0190465633,16,70,6.62857825238453,NA,NA,NA,NA,NA,0.57396720590827,0.42603279409173,0.443207414601888,0.556792585398112,7.2591352192999,5.3881643904622,0.236778610665427,0.297460219427507,8.83929684577981,89.5773594314923,30.4651260968209,18
"165",2022,1,1,4,"c","75-85",75,85,0.807538715205258,841.304347826084,77.6362692543908,3.5,80.7538715205258,67.9385832140073,6.26942931270202,0.28263855032184,NA,NA,NA,NA,8.097,1.377,6.51,50.8,310.758763432552,2.5,12.5,NA,NA,NA,NA,NA,NA,NA,NA,31670.5034378377,16,80,7.76362692543908,NA,NA,NA,NA,NA,0.564067949866991,0.435932050133009,0.513997760358343,0.486002239641657,3.53638413925185,2.73304517345017,0.145275581856354,0.137362968465486,17.0062986291219,80.4001482030382,24.8607010746042,20.32
"166",2022,1,1,4,"c","85-95",85,95,0.530151268645798,868.75,61.2609628405754,2.7,53.0151268645798,46.0568914636037,3.24775771683941,0.143140842534365,NA,NA,NA,NA,NA,NA,NA,NA,NA,NA,NA,NA,NA,NA,NA,NA,NA,NA,NA,39164.8147756231,16,90,6.12609628405754,NA,NA,NA,NA,NA,NA,NA,NA,NA,NA,NA,NA,NA,NA,NA,NA,NA
"167",2022,1,1,4,"c","95-105",95,105,NA,NA,NA,NA,NA,NA,NA,NA,NA,NA,NA,NA,NA,NA,NA,NA,NA,NA,NA,NA,NA,NA,NA,NA,NA,NA,NA,NA,16,100,NA,NA,NA,NA,NA,NA,NA,NA,NA,NA,NA,NA,NA,NA,NA,NA,NA,NA
"168",2022,1,1,4,"c","105-115",105,115,NA,NA,NA,NA,NA,NA,NA,NA,NA,NA,NA,NA,NA,NA,NA,NA,NA,NA,NA,NA,NA,NA,NA,NA,NA,NA,NA,NA,16,110,NA,NA,NA,NA,NA,NA,NA,NA,NA,NA,NA,NA,NA,NA,NA,NA,NA,NA
"169",2022,1,2,2,"c","0-5",0,5,0.0200947930574099,52.4999999999976,457.030551748431,13.4,1.00473965287049,0.0527488317756985,0.459196717914929,0.0134635113484646,NA,NA,NA,NA,1,1,0,0,457.030551748431,0,13.4,NA,NA,NA,NA,NA,NA,NA,NA,NA,22,2.5,45.7030551748431,NA,NA,NA,NA,NA,1,0,1,0,0.459196717914929,0,0.0134635113484646,0,100,0,34.1067575931665,NA
"170",2022,1,2,2,"c","5-15",5,15,0.0797681334396644,256.504786324923,379.223089187689,12.7317265734567,7.97681334396644,2.0460908023479,3.02499179817253,0.101558606422881,NA,NA,NA,NA,1,1,0,0,379.223089187689,0,12.7317265734567,NA,NA,NA,NA,NA,NA,NA,NA,NA,22,10,37.9223089187689,NA,NA,NA,NA,NA,1,0,1,0,3.02499179817253,0,0.101558606422881,0,100,0,29.7856765144721,NA
"171",2022,1,2,2,"c","15-25",15,25,0.152674091874475,177.083333333332,397.99467913714,20.3,15.2674091874475,2.70360371027713,6.07634762081359,0.309928406505184,NA,NA,NA,NA,1,1,0,0,397.99467913714,0,20.3,NA,NA,NA,NA,NA,NA,NA,NA,17116.3773245275,22,20,39.799467913714,NA,NA,NA,NA,NA,1,0,1,0,6.07634762081359,0,0.309928406505184,0,100,0,19.6056492185783,NA
"172",2022,1,2,2,"c","25-35",25,35,0.835668977854915,770.370370370371,121.192299707793,6.2,83.5668977854915,64.377461997712,10.1276645220698,0.518114766270047,NA,NA,NA,NA,8.012,2.929,4.966,71.8,358.866983321553,3.6,17.3,NA,NA,NA,NA,NA,NA,NA,NA,27971.6010457953,22,30,12.1192299707793,NA,NA,NA,NA,NA,0.746704683718593,0.253295316281407,0.739200837937076,0.260799162062924,7.56237453376015,2.56528998830966,0.382990869374391,0.135123896895656,36.5576635047429,61.9820269595607,20.7437562613614,19.9444444444444
"173",2022,1,2,2,"c","35-45",35,45,0.196099053220353,257.5,339.491571186242,22.8,19.6099053220353,5.04955062042408,6.65739756859121,0.447105841342405,NA,NA,NA,NA,5.009,4.674,0,137.685758899021,388.274614420699,7.9,24.7,NA,NA,NA,NA,NA,NA,NA,NA,13090.7509678966,22,40,33.9491571186242,NA,NA,NA,NA,NA,1,0,1,0,6.65739756859121,0,0.447105841342405,0,93.3120383310042,0,15.7196200170323,17.4285770758254
"174",2022,1,2,2,"c","45-55",45,55,0.963116607779581,851.612903225805,71.9211515317674,2.7,96.311660777958,82.0202530496157,6.9268455490877,0.260041484100487,NA,NA,NA,NA,8.065,1.466,6.408,34.6,358.382527050205,1.7,12.4,NA,NA,NA,NA,NA,NA,NA,NA,35258.0828138125,22,50,7.19211515317674,NA,NA,NA,NA,NA,0.703232308051603,0.296767691948397,0.625288937809576,0.374711062190424,4.87118158300192,2.05566396608578,0.162601063379619,0.0974404207208677,18.1773093614383,79.454432734036,28.9018166975972,20.3529411764706
"175",2022,1,2,2,"c","55-65",55,65,0.772250606065613,840.47619047619,86.9292489042957,3.9,77.2250606065613,64.9058247478955,6.71311651511709,0.301177736365589,NA,NA,NA,NA,8.073,1.034,6.777,36.5214955353599,357.865050096389,2.2,13.8,NA,NA,NA,NA,NA,NA,NA,NA,54111.0168052923,22,60,8.69292489042957,NA,NA,NA,NA,NA,0.599205360771653,0.400794639228347,0.489029631305135,0.510970368694865,4.02253540334288,2.69058111177421,0.147284837372179,0.15389289899341,12.8081258516041,83.9464882943144,25.9322500069847,16.6006797888
"176",2022,1,2,2,"c","65-75",65,75,0.711173224697119,932.548043959873,18.2295911824435,1.08850621369575,71.1173224697119,66.3203199607933,1.29643971461285,0.0774116474096857,NA,NA,NA,NA,8.05114897871447,0.0697587773234412,7.65444733605936,5.77823420675008,322.528617793409,0.594326524763093,11.324816455212,NA,NA,NA,NA,NA,NA,NA,NA,37598.8102104229,22,70,1.82295911824435,NA,NA,NA,NA,NA,0.337175848792191,0.662824151207809,0.147961956646881,0.852038043353119,0.437128161182494,0.859311553430356,0.0114539788179956,0.0659576685916902,0.866444994470585,95.0727325540254,28.4798097230947,9.72232260549597
"177",2022,1,2,2,"c","75-85",75,85,0.403482367947042,906.896551724138,60.877,2.56,40.3482367947042,36.5916768172662,2.45627961135121,0.103291486194443,NA,NA,NA,NA,8.037,0.0989999999999997,7.479,5.2379338064091,393.193980406159,0.5,13.4,NA,NA,NA,NA,NA,NA,NA,NA,37358.8443259255,22,80,6.0877,NA,NA,NA,NA,NA,0.498410367365738,0.501589632634262,0.261858234144608,0.738141765855392,1.22423522344653,1.23204438790468,0.027047726177049,0.076243760017394,1.23180291153415,93.057110862262,29.3428343586686,10.4758676128182
"178",2022,1,2,2,"c","85-95",85,95,NA,NA,NA,NA,NA,NA,NA,NA,NA,NA,NA,NA,NA,NA,NA,NA,NA,NA,NA,NA,NA,NA,NA,NA,NA,NA,NA,NA,22,90,NA,NA,NA,NA,NA,NA,NA,NA,NA,NA,NA,NA,NA,NA,NA,NA,NA,NA
"179",2022,1,2,2,"c","95-105",95,105,NA,NA,NA,NA,NA,NA,NA,NA,NA,NA,NA,NA,NA,NA,NA,NA,NA,NA,NA,NA,NA,NA,NA,NA,NA,NA,NA,NA,22,100,NA,NA,NA,NA,NA,NA,NA,NA,NA,NA,NA,NA,NA,NA,NA,NA,NA,NA
"180",2022,1,2,2,"c","105-115",105,115,NA,NA,NA,NA,NA,NA,NA,NA,NA,NA,NA,NA,NA,NA,NA,NA,NA,NA,NA,NA,NA,NA,NA,NA,NA,NA,NA,NA,22,110,NA,NA,NA,NA,NA,NA,NA,NA,NA,NA,NA,NA,NA,NA,NA,NA,NA,NA
"181",2022,1,2,4,"c","0-5",0,5,0.0912604634453027,94.4055944055918,411.180545564815,11.0603049323666,4.56302317226513,0.430774914864179,1.87622635739687,0.050468427698707,1.13583607036721,0.00128294360552805,125.986656615974,1.28294360552805,1,1,0,0,411.180545564815,0,11.0603049323666,NA,NA,NA,NA,125.986656615974,NA,NA,NA,4899.90613724017,24,2.5,41.1180545564815,-1023.15522224091,NA,NA,NA,NA,1,0,1,0,1.87622635739687,0,0.050468427698707,0,100,0,37.1762395412396,NA
"182",2022,1,2,4,"c","5-15",5,15,0.20852696382811,248.091603053433,372.494913218676,15.3846566463772,20.852696382811,5.1733788735981,7.76752332949056,0.320811574000699,0.995697810357017,0.00120108969512309,-12.9363930824273,1.20108969512309,1,1,0,0,372.494913218676,0,15.3846566463772,NA,NA,NA,NA,-12.9363930824273,NA,NA,NA,10900.5655868739,24,10,37.2494913218676,34.6340440497627,NA,NA,NA,NA,1,0,1,0,7.76752332949056,0,0.320811574000699,0,100,0,24.2121044219984,NA
"183",2022,1,2,4,"c","15-25",15,25,0.269811152811125,271.350306300599,364.91059971471,21.6311423165358,26.9811152811125,7.32133389586166,9.8456949582025,0.583632344504604,0.850180707283794,0.00105397999347741,-157.191643152878,1.05397999347742,1,1,0,0,364.91059971471,0,21.6311423165358,NA,NA,NA,NA,-157.191643152878,NA,NA,NA,5930.72171636811,24,20,36.491059971471,1303.80695203501,NA,NA,NA,NA,1,0,1,0,9.8456949582025,0,0.583632344504604,0,100,0,16.8696869714438,NA
"184",2022,1,2,4,"c","25-35",25,35,0.345678350882484,436.893203883494,387.07859141773,15.1584765171596,34.5678350882484,15.1024522230211,13.3804689143196,0.523995716434259,0.877597680969519,0.0010363914450482,-130.012416026435,1.0363914450482,3.31,1.991,1.234,49.1040716547535,306.0451,2.9,17.6,0.86330530199483,0.00767278705417663,0.745595506185367,0.00649117991429521,-144.18085849507,7.67278705417663,-260.869932642536,6.49117991429521,7119.40509414467,24,30,38.707859141773,1048.84481135828,1180.74562483825,2358.264219337,131.900813479961,1309.41940797872,0.909551140183447,0.0904488598165527,0.907338646614984,0.0926613533850161,12.1702207572086,1.21024815711103,0.475441564181509,0.0485541522527496,60.1510574018127,37.2809667673716,17.3889261363636,16.9324385016391
"185",2022,1,2,4,"c","35-45",35,45,0.401324290809186,501.960784313726,294.794162245228,11.0201893447545,40.1324290809186,20.1449055778729,11.8308058097754,0.442266967336656,0.788564399179918,0.00223342197174163,-218.273644829822,2.23342197174163,3.489,3.017,0.418,40.3604563066457,321.8461,2.5,17.5,0.826554148208683,0.00793610061282642,0.748051709007475,0.00686281237245603,-180.613324286603,7.93610061282642,-258.435028807565,6.86281237245603,11845.1479392816,24,40,29.4794162245228,1908.16848281117,1530.20495535457,2331.84473439531,-377.963527456598,423.676251584141,0.982922354250271,0.0170776457497291,0.980591540140224,0.0194084598597762,11.6287634992222,0.202042310553182,0.433683246653798,0.00858372068285844,86.4717684150186,11.9805101748352,18.3912057142857,16.1441825226583
"186",2022,1,2,4,"c","45-55",45,55,0.835467362928774,727.580372250423,141.161919423017,5.97767725801387,83.5467362928774,60.7869654922797,11.7936176566312,0.499415425519216,0.690297969901068,0.00195682354240616,-315.687955792415,1.95682354240616,7.001,3.083,3.736,32.8,267.4767,1.7,12.1,0.724105184213041,0.00650584656419242,0.647225957401485,0.00615825539437819,-282.173901074704,6.50584656419242,-358.38646890835,6.15825539437819,24155.5055914276,24,50,14.1161919423017,2977.28632719361,2593.20193499087,3494.83542809416,-384.084392202747,517.549100900549,0.870624481009162,0.129375518990838,0.854515467695938,0.145484532304062,10.267812251525,1.52580540510617,0.426758205912119,0.0726572196070975,44.0365662048279,53.3638051706899,22.1055123966942,19.2941176470588
"187",2022,1,2,4,"c","55-65",55,65,0.607470901492805,710.820895522389,155.070157243497,6.25712710792589,60.7470901492805,43.1803010202909,9.42006082153382,0.380102264500681,0.636213683997505,0.00176543908125439,-369.303249274271,1.76543908125438,7.721,3.577,3.767,35.0467523664311,257.575,2.1,10.7,0.647323679939615,0.00615697734216446,0.601622536528299,0.00579957673941775,-358.28959377218,6.15697734216446,-403.594439265066,5.79957673941776,26791.4556835869,24,60,15.5070157243497,3632.68961364418,3493.622643157,4081.768495029,-139.066970487177,449.078881384823,0.8746674902432,0.1253325097568,0.828715632483555,0.171284367516445,8.23942095670928,1.18063986482454,0.314996688534113,0.0651055759665676,46.3281958295558,48.7890169667142,24.0724299065421,16.6889296983005
"188",2022,1,2,4,"c","65-75",65,75,0.611845895958141,680.851063829784,180.602667383428,7.10714476703746,61.1845895958141,41.6575929162988,11.0501000837643,0.434847735769225,0.561371156439206,0.00249472891879374,-443.496779112439,2.49472891879374,7.689,4.601,2.517,34.9257284323036,288.5488,2.2,13.4,0.540321581460102,0.00564941164217108,0.52980772605001,0.00529478087075124,-464.363822493309,5.64941164217108,-474.786506901919,5.29478087075124,26290.1903170409,24,70,18.0602667383428,4638.03726311568,4945.04085988038,5102.8919112939,307.003596764705,464.85464817822,0.937897033640089,0.0621029663599114,0.9175869315442,0.0824130684558005,10.3638560899886,0.686243993775669,0.399010599553426,0.035837136215799,59.8387306541813,32.7350760827156,21.5334925373134,15.8753311055925
"189",2022,1,2,4,"c","75-85",75,85,0.506246589280157,907.87269681742,34.8311984801701,2.30310079143452,50.6246589280157,45.9607456264397,1.76331754311263,0.116593692043215,0.331497058054718,0.00189578728533264,-671.377521972525,1.89578728533264,8.21100000000001,0.213,7.908,17.9266230084714,388.385936171446,1.2015442377137,8.7711500022499,0.339034857629712,0.00364354879205701,0.318289235346881,0.00347899946682959,-663.905086501318,3.64354879205701,-684.470812914734,3.47899946682959,37673.7897681262,24,80,3.48311984801701,8869.52725168939,8688.91334378786,9196.13634299955,-180.613907901536,326.609091310153,0.368507402673451,0.631492597326549,0.16431345446312,0.83568654553688,0.649795567900966,1.11352197521166,0.0191579123082298,0.0974357797349852,2.59408111070515,96.3098282791376,44.2799331982489,14.9196529314495
"190",2022,1,2,4,"c","85-95",85,95,1.07636272783187,625.239005736138,242.292911410837,6.9201040811805,107.636272783187,67.2983961761038,26.0795059060495,0.744854210569992,0.322096918473258,0.0014685559540452,-680.696148150359,1.4685559540452,8.139,3.106,3.667,79.9631171491502,428.967043647361,3.53589292001358,10.6796384986808,0.328587089969854,0.00352251825989573,0.318588640697698,0.00346598862453501,-674.262256240274,3.52251825989573,-684.174003860387,3.46598862453501,12757.956648322,24,90,24.2292911410837,9100.60810948707,8940.35435799441,9188.58348726138,-160.253751492659,87.9753777743153,0.81962020048605,0.180379799513949,0.718965302589365,0.281034697410635,21.3752898592934,4.70421604675607,0.535524332887417,0.209329877682575,38.1619363558177,45.0546750215014,40.1668131089221,22.6146885547776
"191",2022,1,2,4,"c","95-105",95,105,0.57331696690854,893.004115226336,45.3536687715402,2.63527151425723,57.331696690854,51.1974410778407,2.6002027818274,0.151084587153443,0.311764042085503,0.00132807351094675,-690.93942289802,1.32807351094675,NA,NA,NA,NA,NA,NA,NA,NA,NA,NA,NA,NA,NA,NA,NA,30983.9158885199,24,100,4.53536687715402,9362.5310068187,NA,NA,NA,NA,NA,NA,NA,NA,NA,NA,NA,NA,NA,NA,NA,NA
"192",2022,1,2,4,"c","105-115",105,115,NA,NA,NA,NA,NA,NA,NA,NA,NA,NA,NA,NA,NA,NA,NA,NA,NA,NA,NA,NA,NA,NA,NA,NA,NA,NA,NA,NA,24,110,NA,NA,NA,NA,NA,NA,NA,NA,NA,NA,NA,NA,NA,NA,NA,NA,NA,NA
"193",2022,2,3,4,"c","0-5",0,5,0.137158371040724,80.2675585284252,428.299451956644,11.9236251773428,6.8579185520362,0.550468378758738,2.9372427574004,0.0817712503112253,1.10366260141961,0.00261788389650248,94.092180223494,2.61788389650248,1,1,0,0,428.299451956644,0,11.9236251773428,NA,NA,NA,NA,94.092180223494,NA,NA,NA,5511.29307211364,32,2.5,42.8299451956644,-792.329223366757,NA,NA,NA,NA,1,0,1,0,2.9372427574004,0,0.0817712503112253,0,100,0,35.9202378124479,NA
"194",2022,2,3,4,"c","5-15",5,15,0.105379922779923,75.1445086705196,417.807933607584,8.51633697234212,10.5379922779923,0.79187225210346,4.40285677804063,0.0897450932513214,1.03052077625856,0.00235796771511218,21.5846051248652,2.35796771511218,1,1,0,0,417.807933607584,0,8.51633697234212,NA,NA,NA,NA,21.5846051248652,NA,NA,NA,18372.9971770999,32,10,41.7807933607584,-241.506381185119,NA,NA,NA,NA,1,0,1,0,4.40285677804063,0,0.0897450932513214,0,100,0,49.059582184743,NA
"195",2022,2,3,4,"c","15-25",15,25,0.252272592706564,250.235848280937,361.697318766314,15.1545055055524,25.2272592706564,6.31276462339582,9.12463203801904,0.382306639507159,0.945694428736646,0.00230415326322901,-62.5061698830639,2.30415326322902,1,1,0,0,361.697318766314,0,15.1545055055524,NA,NA,NA,NA,-62.5061698830639,NA,NA,NA,10784.3912563113,32,20,36.1697318766314,448.528789660188,NA,NA,NA,NA,1,0,1,0,9.12463203801904,0,0.382306639507159,0,100,0,23.8673125054323,NA
"196",2022,2,3,4,"c","25-35",25,35,1.21832915715265,818.965517241382,95.993448268404,3.92291099052818,121.832915715265,99.7769568357777,11.6951616921021,0.477939684067506,0.583267938056529,0.000905103307557177,-421.789875654119,0.905103307557177,1,1,0,0,95.993448268404,0,3.92291099052818,NA,NA,NA,NA,-421.789875654119,NA,NA,NA,20289.456542278,32,30,9.5993448268404,4330.6594898827,NA,NA,NA,NA,1,0,1,0,11.6951616921021,0,0.477939684067506,0,100,0,24.4699531802223,NA
"197",2022,2,3,4,"c","35-45",35,45,0.777893106788835,711.39705882353,148.53877392119,5.54145133085275,77.7893106788835,55.3390868248676,11.5547288324159,0.431065679187617,0.570226977233085,0.000846313502675014,-434.717751656421,0.846313502675015,NA,NA,NA,NA,NA,NA,NA,NA,NA,NA,NA,NA,NA,NA,NA,19592.2679887413,32,40,14.853877392119,4512.30312008196,NA,NA,NA,NA,NA,NA,NA,NA,NA,NA,NA,NA,NA,NA,NA,NA
"198",2022,2,3,4,"c","45-55",45,55,0.803837495975747,680.769230769233,178.811970615911,6.46594595709977,80.3837495975747,54.7227833798875,14.3735766710382,0.519756980726959,0.527052792979788,0.000925075325131153,-477.517550542694,0.925075325131153,NA,NA,NA,NA,NA,NA,NA,NA,NA,NA,NA,NA,NA,NA,NA,22060.813673887,32,50,17.8811970615911,5144.77147265476,NA,NA,NA,NA,NA,NA,NA,NA,NA,NA,NA,NA,NA,NA,NA,NA
"199",2022,2,3,4,"c","55-65",55,65,0.958308069681027,716.535433070864,155.958577982224,5.9432223578352,95.8308069681027,68.6661687724199,14.9456363816343,0.569543794542217,0.50025718689635,0.000803653484211774,-504.080798262178,0.803653484211774,NA,NA,NA,NA,NA,NA,NA,NA,NA,NA,NA,NA,NA,NA,NA,24228.864540622,32,60,15.5958577982224,5563.92039908418,NA,NA,NA,NA,NA,NA,NA,NA,NA,NA,NA,NA,NA,NA,NA,NA
"200",2022,2,3,4,"c","65-75",65,75,2.62891269156943,790.786948176581,103.704260229898,4.11678804474715,262.891269156943,207.890984438887,27.2629445888199,1.08226763393371,0.42612277197675,0.00630435322043665,-577.572355867418,6.30435322043665,NA,NA,NA,NA,NA,NA,NA,NA,NA,NA,NA,NA,NA,NA,NA,30883.5430862218,32,70,10.3704260229898,6852.37213348495,NA,NA,NA,NA,NA,NA,NA,NA,NA,NA,NA,NA,NA,NA,NA,NA
"201",2022,2,3,4,"c","75-85",75,85,1.1205449240045,891.843971631207,55.3550923417214,2.29670165007159,112.05449240045,99.9351235415364,6.20278677413164,0.257355737594049,0.287387743434147,0.00536700813322782,-715.104342233817,5.36700813322782,NA,NA,NA,NA,NA,NA,NA,NA,NA,NA,NA,NA,NA,NA,NA,34522.2733468667,32,80,5.53550923417214,10016.5320783444,NA,NA,NA,NA,NA,NA,NA,NA,NA,NA,NA,NA,NA,NA,NA,NA
"202",2022,2,3,4,"c","85-95",85,95,0.979345489032867,917.148362235065,35.9206373791366,1.89208458051714,97.9345489032867,89.8205111328793,3.51787141804428,0.18530044987981,0.323863470630177,0.00559415959238203,-678.944914667991,5.59415959238203,NA,NA,NA,NA,NA,NA,NA,NA,NA,NA,NA,NA,NA,NA,NA,34556.3046490375,32,90,3.59206373791366,9056.67120842216,NA,NA,NA,NA,NA,NA,NA,NA,NA,NA,NA,NA,NA,NA,NA,NA
"203",2022,2,3,4,"c","95-105",95,105,0.838146054061232,930.976430976432,24.7181537411322,1.81461367332881,83.8146054061232,78.0294222046905,2.07174230218088,0.152091128994609,0.248791703033638,0.00502061064355974,-753.365696687134,5.02061064355974,NA,NA,NA,NA,NA,NA,NA,NA,NA,NA,NA,NA,NA,NA,NA,44476.5664212916,32,100,2.47181537411322,11175.0217286677,NA,NA,NA,NA,NA,NA,NA,NA,NA,NA,NA,NA,NA,NA,NA,NA
"204",2022,2,3,4,"c","105-115",105,115,NA,NA,NA,NA,NA,NA,NA,NA,NA,NA,NA,NA,NA,NA,NA,NA,NA,NA,NA,NA,NA,NA,NA,NA,NA,NA,NA,NA,32,110,NA,NA,NA,NA,NA,NA,NA,NA,NA,NA,NA,NA,NA,NA,NA,NA,NA,NA
"205",2022,2,3,2,"c","0-5",0,5,0.0639468968848104,37.6984126984129,460.983792071173,7.31326937897895,3.19734484424052,0.120534825477322,1.47392415085721,0.0233830441434204,1.03854588795011,0.00137663318010828,29.5401269807762,1.37663318010828,1,1,0,0,460.983792071173,0,7.31326937897895,NA,NA,NA,NA,29.5401269807762,NA,NA,NA,5651.39993188978,30,2.5,46.0983792071173,-303.820512095318,NA,NA,NA,NA,1,0,1,0,1.47392415085721,0,0.0233830441434204,0,100,0,63.033886512674,NA
"206",2022,2,3,2,"c","5-15",5,15,0.0896047442638623,60.9037328094314,437.457950805812,8.52353300673177,8.96047442638623,0.54572634031037,3.9198307808148,0.076374899529279,1.0669648719855,0.00136423820582088,57.7126755142012,1.36423820582088,1,1,0,0,437.457950805812,0,8.52353300673177,NA,NA,NA,NA,57.7126755142012,NA,NA,NA,16388.0469370456,30,10,43.7457950805812,-520.683392053382,NA,NA,NA,NA,1,0,1,0,3.9198307808148,0,0.076374899529279,0,100,0,51.3235474609313,NA
"207",2022,2,3,2,"c","15-25",15,25,0.165231408362417,144.860070917815,400.246656219002,13.8795306665127,16.5231408362417,2.39354335332301,6.61333186994138,0.229333439943724,0.991734536853588,0.00131189229249672,-16.8652990203573,1.31189229249672,1,1,0,0,400.246656219002,0,13.8795306665127,NA,NA,NA,NA,-16.8652990203573,NA,NA,NA,18158.2549197101,30,20,40.0246656219002,66.6723856817856,NA,NA,NA,NA,1,0,1,0,6.61333186994138,0,0.229333439943724,0,100,0,28.837189515686,NA
"208",2022,2,3,2,"c","25-35",25,35,0.519386100730152,686.354378818737,155.92326118807,6.87415782949695,51.9386100730152,35.6482924533729,8.09843746416008,0.357034203086607,0.8187211912259,0.00702606788856941,-188.378357705209,7.02606788856941,10.326,4.612,5.852,55.1558715006897,343.630290667633,3.7,21.1,0.8481762900054,0.00678036240533873,0.813783187403476,0.00667154910887688,-159.178679106961,6.78036240533873,-193.273541578504,6.67154910887688,21044.1648975293,30,30,15.592326118807,1606.69381693068,1322.76820870712,1655.2904469946,-283.925608223562,48.5966300639186,0.830796290737038,0.169203709262962,0.817994445453139,0.182005554546861,6.72815180599006,1.37028565817002,0.292051994961633,0.0649822081249744,44.6639550648848,56.6724772419136,16.2857957662385,14.9069922974837
"209",2022,2,3,2,"c","35-45",35,45,0.0461461916268932,853.703703703705,81.3602775991453,3.00777266158799,4.61461916268932,3.93951747036996,0.375446696090738,0.013879725361177,0.501918529005611,0.00693849849674718,-502.433862497497,6.93849849674718,10.228,1.666,8.872,49.8315099160624,278.941639598566,2.5,10.4,0.506744988407514,0.00549129267513979,0.473896064769168,0.00546072365144833,-497.649255786175,5.49129267513979,-530.213329657342,5.46072365144833,21122.1300869882,30,40,8.13602775991453,5537.28719858476,5460.41073063771,5998.78135113865,-76.8764679470542,461.49415255389,0.512467505972801,0.4875324940272,0.438571978211125,0.561428021788875,0.192404231971349,0.18304246411939,0.00608725860867852,0.00779246675249848,16.2886194759484,86.7422761048103,26.8213114998621,19.932603966425
"210",2022,2,3,2,"c","45-55",45,55,1.18854784151944,817.821782178218,97.9685528741637,3.27132772876304,118.854784151944,97.20203139555,11.644031205537,0.388812951092399,0.491799733627282,0.00635974034423824,-512.464912641328,6.35974034423824,10.455,2.057,8.493,41.4278499718904,383.770451295406,2.1,12.4,0.487586005462081,0.00538573312258989,0.0967385186112265,0.0123027896570734,-516.642101420946,5.38573312258988,-904.100350412518,12.3027896570734,24357.2239940579,30,50,9.79685528741637,5700.88908842397,5770.01218437919,18763.0285380117,69.1230959552222,13062.1394495877,0.691703955072356,0.308296044927644,0.588499403582198,0.411500596417802,8.05422243785587,3.58980876768113,0.228816189822911,0.159996761269488,19.6747967479675,81.2338593974175,30.9492299431779,19.7275476056621
"211",2022,2,3,2,"c","55-65",55,65,1.29203077446893,799.249530956845,104.622638179984,3.65618891573037,129.203077446893,103.26549904761,13.5175668234667,0.472390859639584,0.457281040289423,0.0061495702585584,-546.684276787496,6.1495702585584,8.829,3.405,5.062,49.9954508167417,367.985876588335,2.5,12.2,0.473508099649062,0.00538922434695844,0.438588307317836,0.00532839735002944,-530.597930534061,5.38922434695844,-565.214915539696,5.32839735002944,25448.628557813,30,60,10.4622638179984,6285.47795894741,6005.36043132653,6620.7512250272,-280.117527620882,335.273266079793,0.831961887607082,0.168038112392918,0.76649568233818,0.23350431766182,11.2461004103062,2.27146641316047,0.362085554289762,0.110305305349822,38.5660890248046,57.3337863857742,30.1627767695357,19.9981803266967
"212",2022,2,3,2,"c","65-75",65,75,NA,NA,NA,NA,NA,NA,NA,NA,NA,NA,NA,NA,NA,NA,NA,NA,NA,NA,NA,NA,NA,NA,NA,NA,NA,NA,NA,NA,30,70,NA,NA,NA,NA,NA,NA,NA,NA,NA,NA,NA,NA,NA,NA,NA,NA,NA,NA
"213",2022,2,3,2,"c","75-85",75,85,NA,NA,NA,NA,NA,NA,NA,NA,NA,NA,NA,NA,NA,NA,NA,NA,NA,NA,NA,NA,NA,NA,NA,NA,NA,NA,NA,NA,30,80,NA,NA,NA,NA,NA,NA,NA,NA,NA,NA,NA,NA,NA,NA,NA,NA,NA,NA
"214",2022,2,3,2,"c","85-95",85,95,NA,NA,NA,NA,NA,NA,NA,NA,NA,NA,NA,NA,NA,NA,NA,NA,NA,NA,NA,NA,NA,NA,NA,NA,NA,NA,NA,NA,30,90,NA,NA,NA,NA,NA,NA,NA,NA,NA,NA,NA,NA,NA,NA,NA,NA,NA,NA
"215",2022,2,3,2,"c","95-105",95,105,NA,NA,NA,NA,NA,NA,NA,NA,NA,NA,NA,NA,NA,NA,NA,NA,NA,NA,NA,NA,NA,NA,NA,NA,NA,NA,NA,NA,30,100,NA,NA,NA,NA,NA,NA,NA,NA,NA,NA,NA,NA,NA,NA,NA,NA,NA,NA
"216",2022,2,3,2,"c","105-115",105,115,NA,NA,NA,NA,NA,NA,NA,NA,NA,NA,NA,NA,NA,NA,NA,NA,NA,NA,NA,NA,NA,NA,NA,NA,NA,NA,NA,NA,30,110,NA,NA,NA,NA,NA,NA,NA,NA,NA,NA,NA,NA,NA,NA,NA,NA,NA,NA
"217",2022,1,1,6,"w","0-5",0,5,0.082879797979798,93.8123752495022,422.851096152648,12.2167451045785,4.1439898989899,0.388757535434187,1.75229067123338,0.0506260683119075,1.10109612401612,0.0014028955215585,91.547958054274,1.4028955215585,1,1,0,0,422.851096152648,0,12.2167451045785,NA,NA,NA,NA,91.547958054274,NA,NA,NA,19881.9544410313,18,2.5,42.2851096152648,-773.627383517819,NA,NA,NA,NA,1,0,1,0,1.75229067123338,0,0.0506260683119075,0,100,0,34.6124186543087,NA
"218",2022,1,1,6,"w","5-15",5,15,0.180843220779221,257.692307692308,372.415807857052,17.1645348314018,18.0843220779221,4.6601906893107,6.73488741619647,0.310408976208782,1.01984528801416,0.00809967713368115,11.001689482679,8.09967713368115,1,1,0,0,372.415807857052,0,17.1645348314018,NA,NA,NA,NA,11.001689482679,NA,NA,NA,9850.12679795806,18,10,37.2415807857052,-157.855979928194,NA,NA,NA,NA,1,0,1,0,6.73488741619647,0,0.310408976208782,0,100,0,21.6968191398775,NA
"219",2022,1,1,6,"w","15-25",15,25,0.202390544268616,397.928033381496,310.081424882147,14.6965603698001,20.2390544268616,8.05368712558212,6.27575483494858,0.297444485212041,0.902624272290955,0.0078960857794016,-105.202843039898,7.8960857794016,1,1,0,0,310.081424882147,0,14.6965603698001,NA,NA,NA,NA,-105.202843039898,NA,NA,NA,8602.15284325297,18,20,31.0081424882147,822.972017116145,NA,NA,NA,NA,1,0,1,0,6.27575483494858,0,0.297444485212041,0,100,0,21.0989113833283,NA
"220",2022,1,1,6,"w","25-35",25,35,0.416635262960931,692.44935543278,165.165472443218,6.76984929635593,41.6635262960931,28.8498819287863,6.88137600434464,0.282055794179313,0.787954864868947,0.00713046703613638,-218.877893557969,7.13046703613638,8.162,1.359,6.764,77,211.353687321781,3.8,10.7,0.795225062154713,0.00129546863096256,0.778376668649396,0.00136337807889171,-211.670739860084,1.29546863096256,-228.373032353991,1.36337807889171,25817.2524966702,18,30,16.5165472443218,1914.38012827047,1840.60215228038,2012.62575207947,-73.7779759900889,98.2456238090087,0.355456887432828,0.644543112567172,0.361323907614705,0.638676092385295,2.4460324957593,4.43534350858534,0.101913501718238,0.180142292461075,16.6503308012742,82.8718451359961,19.7526810581104,20.2631578947368
"221",2022,1,1,6,"w","35-45",35,45,1.27759019013962,930.693069306928,29.1382457799177,1.45471795890719,127.759019013962,118.904433537746,3.72267369663,0.185853339371976,0.600853432925401,0.00771454319817992,-404.356873578444,7.71454319817992,8.075,0.225,7.727,20.0907784651754,158.656545183737,1.10464420249589,5.7,0.67653391953728,0.00124708955780518,0.620387277662866,0.0011543224239325,-329.332651056941,1.24708955780518,-384.992416769387,1.1543224239325,25425.4227517151,18,40,2.91382457799177,4092.0443096673,3139.07704193366,3835.04541116853,-952.967267733633,-256.998898498768,0.186958616533056,0.813041383466944,0.130626278106114,0.869373721893886,0.695985924125944,3.02668777250406,0.0242773299957537,0.161576009376222,2.78637770897833,95.6904024767802,27.8344816111819,18.1875561558928
"222",2022,1,1,6,"w","45-55",45,55,0.982174135690948,846.613545816734,67.0473287588501,3.07565042072336,98.2174135690948,83.15219276268,6.58521521741104,0.302082429366147,0.669047726467693,0.00796278011243072,-336.753927529064,7.96278011243073,8.351,1.6,6.72,38.9599785072546,299.485480374014,2.06825799768891,17,0.756485998959037,0.00139790217328118,0.650673381262474,0.0012267962834086,-250.073876884982,1.39790217328118,-354.96893941757,1.2267962834086,32823.0363019984,18,50,6.70473287588501,3228.46174718167,2241.77938000763,3452.16151621633,-986.682367174038,223.699769034666,0.646672931686818,0.353327068313182,0.661821520876444,0.338178479123556,4.25848043043184,2.3267347869792,0.199924652833154,0.102157776532992,19.159382109927,80.4694048616932,17.6167929631773,18.8370979591467
"223",2022,1,1,6,"w","55-65",55,65,0.69278985674724,721.470019342362,135.38948302438,5.85960054973369,69.278985674724,49.9827111347624,9.37964605495433,0.405947182544605,0.666320162130807,0.00787921940552466,-339.457839764746,7.87921940552467,8.229,2.728,5.465,43.1479964567898,289.506953809676,2.06713504097083,14.8,0.678918106868941,0.00138395901088539,0.555124928827558,0.00112054968352956,-326.969138229375,1.38395901088539,-449.688842499394,1.12054968352956,32269.5142205382,18,60,13.538948302438,3261.27750525981,3110.81754441685,4727.91929772522,-150.459960842958,1466.64179246541,0.770077338387475,0.229922661612525,0.781370034631321,0.218629965368679,7.22305286901581,2.15659318593852,0.317194964083365,0.0887522184612397,33.1510511605298,66.4114716247418,19.5612806628159,20.8733322214524
"224",2022,1,1,6,"w","65-75",65,75,0.591734875540913,813.627254509019,91.4197311600018,3.06203587076927,59.1734875540913,48.1451622183589,5.40962432399474,0.181191341489147,0.505975871165308,0.00651311997083616,-498.411703620586,6.51311997083616,8.05899999999999,0.64,7.302,35.9669302023342,284.154167768709,1.68067614190561,16.3,0.508372619601553,0.00113015059554054,0.492624912253378,0.00101512411586337,-496.03573861218,1.13015059554054,-511.646889559873,1.01512411586337,36164.689009122,18,70,9.14197311600018,5472.61215798281,5434.65061676901,5687.42201101244,-37.9615412137946,214.809853029633,0.409140808739536,0.590859191260464,0.459472491640225,0.540527508359775,2.21329807089627,3.19632625309847,0.0832524371376532,0.0979389043514938,7.94143193944659,90.6067750341234,17.4327710287552,21.4002741548729
"225",2022,1,1,6,"w","75-85",75,85,NA,NA,NA,NA,NA,NA,NA,NA,NA,NA,NA,NA,NA,NA,NA,NA,NA,NA,NA,NA,NA,NA,NA,NA,NA,NA,NA,NA,18,80,NA,NA,NA,NA,NA,NA,NA,NA,NA,NA,NA,NA,NA,NA,NA,NA,NA,NA
"226",2022,1,1,6,"w","85-95",85,95,NA,NA,NA,NA,NA,NA,NA,NA,NA,NA,NA,NA,NA,NA,NA,NA,NA,NA,NA,NA,NA,NA,NA,NA,NA,NA,NA,NA,18,90,NA,NA,NA,NA,NA,NA,NA,NA,NA,NA,NA,NA,NA,NA,NA,NA,NA,NA
"227",2022,1,1,6,"w","95-105",95,105,NA,NA,NA,NA,NA,NA,NA,NA,NA,NA,NA,NA,NA,NA,NA,NA,NA,NA,NA,NA,NA,NA,NA,NA,NA,NA,NA,NA,18,100,NA,NA,NA,NA,NA,NA,NA,NA,NA,NA,NA,NA,NA,NA,NA,NA,NA,NA
"228",2022,1,1,6,"w","105-115",105,115,NA,NA,NA,NA,NA,NA,NA,NA,NA,NA,NA,NA,NA,NA,NA,NA,NA,NA,NA,NA,NA,NA,NA,NA,NA,NA,NA,NA,18,110,NA,NA,NA,NA,NA,NA,NA,NA,NA,NA,NA,NA,NA,NA,NA,NA,NA,NA
"229",2022,1,1,8,"w","0-5",0,5,0.0510510122448211,73.8396624472577,439.602276878506,12.3549278151626,2.55255061224106,0.188479475587421,1.12210706098879,0.0315365785587874,1.02562321963519,0.00124010252958903,16.729517712339,1.24010252958903,1,1,0,0,439.602276878506,0,12.3549278151626,NA,NA,NA,NA,16.729517712339,NA,NA,NA,13566.4932577946,20,2.5,43.9602276878506,-203.23849057346,NA,NA,NA,NA,1,0,1,0,1.12210706098879,0,0.0315365785587874,0,100,0,35.581128716835,NA
"230",2022,1,1,8,"w","5-15",5,15,0.0843898145101231,73.8396624472577,436.600629241944,10.5725997340792,8.43898145101231,0.623131541741418,3.68446461167307,0.0892219730448724,1.12123134033615,0.00128131857689391,111.508571646247,1.28131857689391,1,1,0,0,436.600629241944,0,10.5725997340792,NA,NA,NA,NA,111.508571646247,NA,NA,NA,15330.8396200613,20,10,43.6600629241944,-919.196046543371,NA,NA,NA,NA,1,0,1,0,3.68446461167307,0,0.0892219730448724,0,100,0,41.2954845755322,NA
"231",2022,1,1,8,"w","15-25",15,25,0.238608799800334,277.234876751227,357.389207086133,18.1335605553589,23.8608799800334,6.61506812044037,8.52762097644151,0.432682712022086,0.94697812484229,0.00231042131049677,-61.233605360934,2.31042131049676,1,1,0,0,357.389207086133,0,18.1335605553589,NA,NA,NA,NA,-61.233605360934,NA,NA,NA,9275.8439204717,20,20,35.7389207086133,437.632100342895,NA,NA,NA,NA,1,0,1,0,8.52762097644151,0,0.432682712022086,0,100,0,19.708716663508,NA
"232",2022,1,1,8,"w","25-35",25,35,1.53979953343496,925.373134328358,31.9693078471064,0.906710517392645,153.979953343496,142.488912049205,4.9226325307213,0.139615243164177,0.517304157875015,0.000814312163691068,-487.181650261453,0.814312163691067,3.6,0.044,3.524,22.8,311.366324888043,1,6.7,0.496418003196485,0.00544840832105761,0.509645903570392,0.00558162470783214,-507.886690442506,5.44840832105761,-494.773495937908,5.58162470783214,24772.5339240436,20,30,3.19693078471064,5294.74521558412,5625.8067899619,5414.55609938553,331.061574377779,119.810883801407,0.145672609739809,0.854327390260191,0.077197025243532,0.922802974756468,0.717092727540252,4.20553980318105,0.0107778814509268,0.12883736171325,1.22222222222222,97.8888888888889,46.4725858041855,22.8
"233",2022,1,1,8,"w","35-45",35,45,1.21433937435605,856.209150326795,66.9332069557303,1.93137215189355,121.433937435605,103.972848392576,8.12796286582655,0.234534125057911,0.53378704882727,0.000877033630539923,-470.841690861595,0.877033630539923,8.251,0.108,8.043,24.2,356.927319035516,1.1,7.5,0.489757276249955,0.00540033272117178,0.486204400194323,0.00517197192701622,-514.489658829248,5.40033272117179,-518.01172608492,5.17197192701623,29284.0801987074,20,40,6.69332069557303,5042.78246025312,5734.31981863562,5792.806499251,691.537358382497,750.024038997883,0.165308791185175,0.834691208814825,0.0838743748252617,0.916125625174738,1.34362371614778,6.78433914967877,0.019671403114422,0.214862721943489,1.30893225063629,97.479093443219,47.5903092047355,22
"234",2022,1,1,8,"w","45-55",45,55,0.614584818249601,631.097560975609,204.628809660027,6.78525809559738,61.4584818249601,38.7862979809962,12.576175979354,0.417011661345935,0.498533801122328,0.000765623991750649,-505.789239679365,0.765623991750648,5.041,1.957,2.844,61.307832656352,451.474278610269,3.6,15.5,0.509175347433665,0.00558405201803566,0.462838813991999,0.00531691979286791,-495.239971642427,5.58405201803566,-541.174697374713,5.31691979286791,13302.0393455722,20,50,20.4628809660027,5591.6418579836,5421.97639555894,6188.4337773226,-169.665462424658,596.791919339,0.835182569610551,0.164817430389449,0.747648002681659,0.252351997318341,10.5034029703114,2.07277300904264,0.311777935700249,0.105233725645686,38.8216623685777,56.4173775044634,29.1273728135657,17.0299535156533
"235",2022,1,1,8,"w","55-65",55,65,0.638055668283349,650.641025641024,190.740721465356,6.09927753186973,63.8055668283349,41.5145194427947,12.1703198503426,0.389167860164276,0.323441017912913,0.000629851797252954,-679.363704082329,0.629851797252954,6.547,3.109,3.198,48.9,411.421989108749,2.6,15,0.331636844321846,0.00448507002937442,0.32421526511615,0.00448050801241128,-671.238947863399,4.48507002937442,-678.596170771393,4.48050801241129,22437.236626044,20,60,19.0740721465356,9067.15642278311,8866.14059600358,9047.95015270002,-201.01582677953,-19.2062700830866,0.891060296275402,0.108939703724598,0.848683707675005,0.151316292324995,10.8444888116127,1.32583103872992,0.330280422472166,0.0588874376921103,47.4873988086146,48.8468000610967,27.4281326072499,18.8076923076923
"236",2022,1,1,8,"w","65-75",65,75,0.628771448143775,703.213610586011,162.121598568618,5.91250022800289,62.8771448143775,44.2160640282579,10.1937432307373,0.371761133051178,0.337905093911237,0.000759969810181396,-664.993243306232,0.760041979036622,8.025,2.293,5.511,29.7343625831794,395.604731312891,2,17.3,0.344830902265563,0.00460565745565575,0.322091647517132,0.00444729481638805,-658.159302324021,4.60565745565575,-680.701373399336,4.44729481638805,36418.5394089697,20,70,16.2121598568618,8715.72635831247,8552.74410072374,9100.73956661871,-162.982257588728,385.013208306244,0.846995377287656,0.153004622712344,0.782564523415445,0.217435476584555,8.63405339369183,1.55968983704547,0.290927073910581,0.0808340591405969,28.5732087227414,68.6728971962617,22.8673255094157,14.8671812915897
"237",2022,1,1,8,"w","75-85",75,85,1.67590099004109,960.616438356165,9.30555816598001,0.683054928105548,167.590099004109,160.989804009084,1.55951941432508,0.114473243026453,0.247849306848486,0.000680160184183775,-754.352735137358,0.680013980898306,8.655,0.0370000000000004,8.367,43.977951845981,384.8678,1.7,13.385714,0.274220546,NA,0.231713051475574,0.00600660227633744,-728.2101751,NA,-770.296250548799,6.00660227633744,37723.6435887507,20,80,0.930555816598001,11205.507643003,10393.2768168991,11746.2985916019,-812.230826103952,540.790948598853,0.0372579102318729,0.962742089768127,0.0336480501473296,0.96635194985267,0.0581044343437868,1.50141497998129,0.00385180142188154,0.110621441604571,0.427498555748127,96.6724436741768,28.7521308164809,25.8693834388124
"238",2022,1,1,8,"w","85-95",85,95,NA,NA,NA,NA,NA,NA,NA,NA,NA,NA,NA,NA,NA,NA,NA,NA,NA,NA,NA,NA,NA,NA,NA,NA,NA,NA,NA,NA,20,90,NA,NA,NA,NA,NA,NA,NA,NA,NA,NA,NA,NA,NA,NA,NA,NA,NA,NA
"239",2022,1,1,8,"w","95-105",95,105,NA,NA,NA,NA,NA,NA,NA,NA,NA,NA,NA,NA,NA,NA,NA,NA,NA,NA,NA,NA,NA,NA,NA,NA,NA,NA,NA,NA,20,100,NA,NA,NA,NA,NA,NA,NA,NA,NA,NA,NA,NA,NA,NA,NA,NA,NA,NA
"240",2022,1,1,8,"w","105-115",105,115,NA,NA,NA,NA,NA,NA,NA,NA,NA,NA,NA,NA,NA,NA,NA,NA,NA,NA,NA,NA,NA,NA,NA,NA,NA,NA,NA,NA,20,110,NA,NA,NA,NA,NA,NA,NA,NA,NA,NA,NA,NA,NA,NA,NA,NA,NA,NA
"241",2022,1,2,6,"w","0-5",0,5,0.0288925137590345,75.9493670886072,449.387206944967,12.9467269083889,1.44462568795173,0.109718406679877,0.649196302989578,0.0187031742667544,1.04114163002813,0.00140852438965798,32.1133600556265,1.40852438965798,1,1,0,0,449.387206944967,0,12.9467269083889,NA,NA,NA,NA,32.1133600556265,NA,NA,NA,13988.7859020912,26,2.5,44.9387206944967,-323.87314669586,NA,NA,NA,NA,1,0,1,0,0.649196302989578,0,0.0187031742667544,0,100,0,34.7104878418177,NA
"242",2022,1,2,6,"w","5-15",5,15,0.13269802880419,120.353982300887,428.417936308662,12.302592129878,13.269802880419,1.59707362100621,5.68502156525183,0.163252972481675,1.08493234079482,0.0014144573942831,75.5243392395082,1.4144573942831,1,1,0,0,428.417936308662,0,12.302592129878,NA,NA,NA,NA,75.5243392395082,NA,NA,NA,13660.8682652088,26,10,42.8417936308662,-654.831092337694,NA,NA,NA,NA,1,0,1,0,5.68502156525183,0,0.163252972481675,0,100,0,34.8233877694936,NA
"243",2022,1,2,6,"w","15-25",15,25,0.151357131396171,190.506534491343,393.551424663441,14.693877390488,15.1357131396171,2.88345225728353,5.95668146939347,0.222402313091133,1.00033315832086,0.00135319032394898,-8.34124058442921,1.35319032394898,1,1,0,0,393.551424663441,0,14.693877390488,NA,NA,NA,NA,-8.34124058442921,NA,NA,NA,NA,26,20,39.3551424663441,-2.67581508118377,NA,NA,NA,NA,1,0,1,0,5.95668146939347,0,0.222402313091133,0,100,0,26.7833611377623,NA
"244",2022,1,2,6,"w","25-35",25,35,0.222270900200791,252.727272727271,370.053622534859,16.396130077039,22.2270900200791,5.61739184143814,8.22521518033868,0.364438259203273,0.90664447371303,0.00128496231620104,-101.217502834332,1.28496231620104,1,1,0,0,370.053622534859,0,16.396130077039,NA,NA,NA,NA,-101.217502834332,NA,NA,NA,17790.2820613728,26,30,37.0053622534859,787.273250701424,NA,NA,NA,NA,1,0,1,0,8.22521518033868,0,0.364438259203273,0,100,0,22.569571038783,NA
"245",2022,1,2,6,"w","35-45",35,45,1.15336464859045,870.673952641165,58.7577215554834,2.38221212427745,115.336464859045,100.420455742483,6.77690788738155,0.274755924958517,0.718098416365119,0.00766183016573746,-288.128581175647,7.66183016573746,8.28100000000001,0.692,7.151,22.3853243309406,138.937838431281,1.10688415349151,6,0.746366671782075,0.00692919599218588,0.625731546758623,0.00647430969521433,-260.10545421595,6.92919599218588,-379.694490556107,6.47430969521433,25967.4458615403,26,40,5.87577215554834,2660.11709886906,2349.96002251283,3766.14222791207,-310.157076356232,1106.02512904301,0.375240298089951,0.624759701910049,0.344069523914743,0.655930476085257,2.54296893578919,4.23393895159236,0.0945351402932317,0.180220784665285,8.35647868614901,86.3543050356236,23.1563064052135,20.2237282558696
"246",2022,1,2,6,"w","45-55",45,55,0.397381291699968,465.346534653468,268.35174300566,11.1904884431704,39.7381291699968,18.4920007028699,10.6637962265527,0.44468907523006,0.768030831704764,0.00116906581194919,-238.62915527093,1.16906581194919,5.153,2.731,2.604,43.4916000315615,250.112916558095,2.49622915260271,13.6,0.743398630265948,0.00663190248061459,0.672334478765341,0.00602564127770586,-263.047758330628,6.63190248061459,-333.495676336568,6.02564127770586,9603.25434629869,26,50,26.835174300566,2120.1127477702,2381.96816367622,3189.09558600415,261.855415906021,1068.98283823396,0.857778936414503,0.142221063585497,0.85105601542549,0.14894398457451,9.14717978535336,1.51661644119934,0.378455312468541,0.0662337627615193,52.9982534445954,50.5336697069668,18.3906556292717,17.4229196811578
"247",2022,1,2,6,"w","55-65",55,65,1.19864970947066,896.226415094338,39.9265509250065,1.51715406093508,119.864970947066,107.426153207276,4.78579486664246,0.181853627436207,0.551202646312736,0.00674763815748815,-453.57711290248,6.74763815748815,8.106,0.285,7.658,19.9330848587775,250.829263766987,1.09848573460524,9.59999999999999,0.570058184611906,0.00620635589168463,0.493927518827322,0.00552975341051202,-434.885080590711,6.20635589168463,-510.355578551757,5.52975341051202,43679.3293314683,26,60,3.99265509250065,4784.87860735503,4514.68131666156,5666.20905899981,-270.19729069347,881.330451644779,0.318944786535015,0.681055213464985,0.245420702740918,0.754579297259082,1.52640432214165,3.25939054450081,0.0446306450413791,0.137222982394828,3.5159141376758,94.4732297063903,26.1280483090612,18.1459660611258
"248",2022,1,2,6,"w","65-75",65,75,1.57719989230085,938.931297709925,18.9740494608662,0.770790781545666,157.719989230085,148.088234162599,2.99258687661892,0.121569113764031,0.402296089934491,0.00574659263946685,-601.192424599997,5.74659263946685,8.174,0.146,7.867,18.4564009264256,275.72840716144,1.03316577190453,6.5,0.422196464715357,0.00532765891486422,0.393098321530255,0.00520130836418039,-581.464616116447,5.32765891486422,-610.310434464277,5.20130836418039,30314.6557845291,26,70,1.89740494608662,7314.58406315101,6926.73152575393,7500.37608317974,-387.852537397087,185.79202002873,0.217070520504241,0.782929479495759,0.104550939020816,0.895449060979184,0.649602390961831,2.34298448565709,0.0127101649999578,0.108858948764073,1.78615121115733,96.2441888916075,42.4197549479138,17.8639299019781
"249",2022,1,2,6,"w","75-85",75,85,1.57719989230085,918.367346938777,34.3245089308944,1.37611318411818,157.719989230085,144.844888068446,5.41366117890861,0.217040556578497,0.408337350802526,0.00584685693107798,-595.203550585506,5.84685693107798,8.067,0.107,7.621,14.7937433634491,305.848151980033,1.13354784392559,9.7,0.380656635431599,0.00512446197027077,0.265316230979145,0.00431549828652897,-622.644232358511,5.12446197027077,-736.984461349624,4.31549828652898,38438.192845667,26,80,3.43245089308944,7194.8496811567,7758.73353477373,10658.4482036557,563.883853617032,3463.59852249902,0.224967391058088,0.775032608941912,0.107257992863228,0.892742007136772,1.21789723149152,4.19576394741709,0.0232793344685274,0.19376122210997,1.3263914714268,94.4713028387257,31.5307373175292,13.0508327837464
"250",2022,1,2,6,"w","85-95",85,95,NA,NA,NA,NA,NA,NA,NA,NA,NA,NA,NA,NA,NA,NA,NA,NA,NA,NA,NA,NA,NA,NA,NA,NA,NA,NA,NA,NA,26,90,NA,NA,NA,NA,NA,NA,NA,NA,NA,NA,NA,NA,NA,NA,NA,NA,NA,NA
"251",2022,1,2,6,"w","95-105",95,105,NA,NA,NA,NA,NA,NA,NA,NA,NA,NA,NA,NA,NA,NA,NA,NA,NA,NA,NA,NA,NA,NA,NA,NA,NA,NA,NA,NA,26,100,NA,NA,NA,NA,NA,NA,NA,NA,NA,NA,NA,NA,NA,NA,NA,NA,NA,NA
"252",2022,1,2,6,"w","105-115",105,115,NA,NA,NA,NA,NA,NA,NA,NA,NA,NA,NA,NA,NA,NA,NA,NA,NA,NA,NA,NA,NA,NA,NA,NA,NA,NA,NA,NA,26,110,NA,NA,NA,NA,NA,NA,NA,NA,NA,NA,NA,NA,NA,NA,NA,NA,NA,NA
"253",2022,1,2,8,"w","0-5",0,5,0.0672150141982962,62.5000000000023,431.745305570328,9.94924990970677,3.36075070991481,0.210046919369684,1.45098834219787,0.0334369486971669,1.04456592154475,0.00244073754307487,35.5079577943842,2.44073754307487,1,1,0,0,431.745305570328,0,9.94924990970677,NA,NA,NA,NA,35.5079577943842,NA,NA,NA,8836.83636506846,28,2.5,43.1745305570328,-350.250150938259,NA,NA,NA,NA,1,0,1,0,1.45098834219787,0,0.0334369486971669,0,100,0,43.3947593525724,NA
"254",2022,1,2,8,"w","5-15",5,15,0.141087170883188,161.417322834644,401.44894805834,14.8109902050456,14.1087170883188,2.27739134102782,5.66392963355832,0.20896407060085,1.12914079087975,0.00257866999438521,119.349435310997,2.5786699943852,1,1,0,0,401.44894805834,0,14.8109902050456,NA,NA,NA,NA,119.349435310997,NA,NA,NA,8257.10274417451,28,10,40.144894805834,-975.66393198051,NA,NA,NA,NA,1,0,1,0,5.66392963355832,0,0.20896407060085,0,100,0,27.1048014008935,NA
"255",2022,1,2,8,"w","15-25",15,25,0.222416046687439,225.206611570248,385.875178950941,18.5460206732538,22.2416046687439,5.00895642333281,8.58248318170762,0.412493259992862,0.986363861229763,0.00230847997932532,-22.189402777235,2.30847997932532,1,1,0,0,385.875178950941,0,18.5460206732538,NA,NA,NA,NA,-22.189402777235,NA,NA,NA,8445.41823621323,28,20,38.5875178950941,110.292807536047,NA,NA,NA,NA,1,0,1,0,8.58248318170762,0,0.412493259992862,0,100,0,20.806359798112,NA
"256",2022,1,2,8,"w","25-35",25,35,0.236981522205808,338.144329896907,332.041985205193,17.2104223740836,23.6981522205808,8.0133958024232,7.86878150901653,0.407855209201523,0.887793047053893,0.00213410972169722,-119.905459160195,2.13410972169722,3.068,2.396,0.426,39,395.173370660924,2.7,24.7,0.873548600840254,0.00637558184381477,0.824449334509193,0.00630068877975278,-134.026384517193,6.37558184381477,-182.699886073219,6.30068877975278,9465.88832257992,28,30,33.2041985205193,956.060494571115,1085.99341394327,1550.68701706447,129.932919372156,594.626522493353,0.982755710816581,0.0172442891834186,0.980935300689193,0.0190646993108066,7.73308996515391,0.135691543862618,0.40007957227575,0.00777563692577318,78.096479791395,13.8852672750978,15.9989218891062,14.4444444444444
"257",2022,1,2,8,"w","35-45",35,45,1.03352906951688,857.407407407409,64.024569815072,2.73199137555852,103.352906951688,88.6155479974659,6.61712540671898,0.282359250430913,0.731562428744942,0.000950822581705898,-274.781322112733,0.950822581705897,8.19299999999999,0.697,7.31199999999999,41.2,328.866362206436,2,18,0.809391907268839,0.00715596900340427,0.73487765973361,0.0068706792556826,-197.626742683895,7.15596900340427,-271.49483918247,6.87067925568259,32484.2697797294,28,40,6.4024569815072,2510.89664930185,1698.75493766757,2474.57563474232,-812.141711634283,-36.321014559534,0.432103636569763,0.567896363430238,0.461759293338241,0.538240706661759,2.85928395188144,3.75784145483754,0.130382007946494,0.151977242484419,8.50726229708289,89.2469181008177,18.2703534559131,20.6
"258",2022,1,2,8,"w","45-55",45,55,1.39933549272344,904.365904365905,40.164469963203,1.32556189455245,139.933549272344,126.551130838814,5.62035683659344,0.185490580684896,0.60129333135374,0.000900235295007792,-403.920789733689,0.900235295007791,8.061,0.679,7.197,18.1283937879249,368.23433081951,1,13.1,0.711214243302361,0.00664317702881351,0.613402205626742,0.00642287170052,-294.953058063403,6.64317702881351,-391.916917684061,6.42287170051999,37312.4160847034,28,50,4.0164469963203,4086.16531995061,2737.49833447824,3926.00368879164,-1348.66698547237,-160.161631158972,0.65710998135866,0.34289001864134,0.552756355682051,0.447243644317949,3.69319257612293,1.92716426047051,0.102531097392731,0.0829594832921654,8.42327254683042,89.2817268328991,28.1094909022527,18.1283937879249
"259",2022,1,2,8,"w","55-65",55,65,0.821383077886058,750.487329434701,133.171983077658,5.04056839869055,82.1383077886058,61.6437592565563,10.9385213348517,0.414023758561165,0.698804250763598,0.000950470421456515,-307.255437228763,0.950470421456515,8.11,1.481,6.475,39.9,313.503288386116,2,13.7,0.713318320188479,0.00692376247797075,0.616069274606294,0.00644760998791338,-292.867226700875,6.92376247797075,-389.272976219621,6.44760998791338,42137.7936568109,28,60,13.3171983077658,2878.90363473439,2713.76835827321,3891.15196744028,-165.135276461184,1012.24833270589,0.642493338499257,0.357506661500743,0.610405629413021,0.389594370586979,7.02792709067422,3.91059424417748,0.252722432936473,0.161301325624692,18.2614056720099,79.8397040690506,22.8834517070158,19.95
"260",2022,1,2,8,"w","65-75",65,75,1.44360911479484,943.327239488115,19.7353409175295,0.848530182420206,144.360911479484,136.17958011593,2.84901180321292,0.122494590552034,0.314268988885113,0.000702894330731675,-688.45619776943,0.702894330731676,7.984,0.107,7.557,5.83852955258653,381.060137918756,0.5,10.2,0.345791190514041,0.00469678704316968,0.28266631274838,0.00419997451054528,-657.207341224615,4.69678704316968,-719.784830986557,4.19997451054528,41911.9964242059,28,70,1.97353409175295,9298.24575656747,8530.40481979978,10149.6005814979,-767.840936767694,851.354824930475,0.480279609627001,0.519720390372999,0.224111378057044,0.775888621942956,1.36832227666982,1.4806895265431,0.0274524314931497,0.0950421590588843,1.34018036072144,94.6518036072144,37.3588370508584,11.6770591051731
"261",2022,1,2,8,"w","75-85",75,85,1.45212074326785,939.67093235832,17.998038727474,0.897790727112313,145.212074326785,136.451565272335,2.61353253743031,0.130370053795331,0.241554501945514,0.000624386347096055,-760.540140314233,0.624386347096054,8.005,0.052,7.64300000000001,7.6391145610482,410.604539041274,0.9,10.7,0.286320906717111,0.00445126393031593,0.20550425381087,0.00386592476040067,-716.161927865677,4.45126393031593,-796.277778364574,3.86592476040067,50482.563282855,28,80,1.7998038727474,11412.1629883063,10046.407553374,12710.5238856039,-1365.75543493231,1298.36089729755,0.267772621528409,0.732227378471591,0.0748342322228348,0.925165767777165,0.699832458997508,1.9137000784328,0.00975614288062327,0.120613910914708,0.649594003747658,95.477826358526,38.3742559851658,8.48790506783133
"262",2022,1,2,8,"w","85-95",85,95,NA,NA,NA,NA,NA,NA,NA,NA,NA,NA,NA,NA,NA,NA,NA,NA,NA,NA,NA,NA,NA,NA,NA,NA,NA,NA,NA,NA,28,90,NA,NA,NA,NA,NA,NA,NA,NA,NA,NA,NA,NA,NA,NA,NA,NA,NA,NA
"263",2022,1,2,8,"w","95-105",95,105,NA,NA,NA,NA,NA,NA,NA,NA,NA,NA,NA,NA,NA,NA,NA,NA,NA,NA,NA,NA,NA,NA,NA,NA,NA,NA,NA,NA,28,100,NA,NA,NA,NA,NA,NA,NA,NA,NA,NA,NA,NA,NA,NA,NA,NA,NA,NA
"264",2022,1,2,8,"w","105-115",105,115,NA,NA,NA,NA,NA,NA,NA,NA,NA,NA,NA,NA,NA,NA,NA,NA,NA,NA,NA,NA,NA,NA,NA,NA,NA,NA,NA,NA,28,110,NA,NA,NA,NA,NA,NA,NA,NA,NA,NA,NA,NA,NA,NA,NA,NA,NA,NA
"265",2022,2,3,8,"w","0-5",0,5,0.0599978788280525,86.7768595041282,419.22567576589,9.75396008933754,2.99989394140263,0.260321375080381,1.25763256481052,0.0292608457766867,1.13101797272409,0.00255516888080036,121.210339154355,2.55516888080037,1,1,0,0,419.22567576589,0,9.75396008933754,NA,NA,NA,NA,121.210339154355,NA,NA,NA,24903.3399072337,36,2.5,41.922567576589,-989.007600987985,NA,NA,NA,NA,1,0,1,0,1.25763256481052,0,0.0292608457766867,0,100,0,42.980048301014,NA
"266",2022,2,3,8,"w","5-15",5,15,0.0765442023219378,130.188679245285,407.699748521125,12.1600577722261,7.65442023219378,0.996518860417692,3.12070520374041,0.0930781922363726,1.11671853001632,0.002760626158806,107.034894205876,2.760626158806,1,1,0,0,407.699748521125,0,12.1600577722261,NA,NA,NA,NA,107.034894205876,NA,NA,NA,18685.9070653267,36,10,40.7699748521125,-886.799025577666,NA,NA,NA,NA,1,0,1,0,3.12070520374041,0,0.0930781922363726,0,100,0,33.5277805548196,NA
"267",2022,2,3,8,"w","15-25",15,25,0.0766367918034956,160.613287640493,400.855591103513,14.5521635913667,7.66367918034956,1.23088870857794,3.07202864786671,0.111523113144198,1.02272572984787,0.00237180169106146,13.8571535364564,2.37180169106146,1,1,0,0,400.855591103513,0,14.5521635913667,NA,NA,NA,NA,13.8571535364564,NA,NA,NA,NA,36,20,40.0855591103513,-180.51233252132,NA,NA,NA,NA,1,0,1,0,3.07202864786671,0,0.111523113144198,0,100,0,27.5461163274255,NA
"268",2022,2,3,8,"w","25-35",25,35,0.202350057871741,247.126436781612,375.581861108693,18.6595965579789,20.2350057871741,5.00060487843964,7.59990113309204,0.377577044337038,0.900722866660203,0.00244112895477333,-107.08776061286,2.44112895477333,1,1,0,0,375.581861108693,0,18.6595965579789,NA,NA,NA,NA,-107.08776061286,NA,NA,NA,9358.66146804314,36,30,37.5581861108693,839.911625427824,NA,NA,NA,NA,1,0,1,0,7.59990113309204,0,0.377577044337038,0,100,0,20.1280804727846,NA
"269",2022,2,3,8,"w","35-45",35,45,1.24884389357852,875.232774674117,69.4497751281946,2.28993217995519,124.884389357852,109.302910611155,8.6731927579247,0.285976781964597,0.490286716358623,0.000998295343365634,-514.379170774554,0.997444263703318,8.196,2.126,5.944,34.9,149.9,1.5,5.4,0.498489727875511,0.00533120780049659,0.475038603633981,0.0052854260179677,-505.832930744585,5.33120780049659,-529.080698329628,5.2854260179677,22883.1605933111,36,40,6.94497751281946,5725.64063109152,5592.35205264122,5979.43751337683,-133.288578450294,253.796882285314,0.605716425314512,0.394283574685488,0.562864034829676,0.437135965170324,5.25349531339386,3.41969744453084,0.1609660453642,0.125010736600397,25.9394826744754,72.5231820400195,27.7592592592593,23.2666666666667
"270",2022,2,3,8,"w","45-55",45,55,0.925941639894596,786.259541984731,119.996982357173,3.94412992932322,92.5941639894596,72.8030449688116,11.1110202626203,0.36520341347149,0.580918604900281,0.00108873900566316,-424.280307471311,1.0884337348758,8.188,3.214,4.817,56.8459759882552,226.925828541007,2.7,8.3,0.61419595338777,0.00600360364457666,0.562443664002369,0.00577703489245069,-391.130052914617,6.00360364457666,-442.433571809249,5.77703489245069,24493.5238075164,36,50,11.9996982357173,4363.08078692719,3915.61563695874,4622.70474442352,-447.465149968445,259.623957496335,0.72703731892718,0.27296268107282,0.672247688504389,0.327752311495611,8.07812638228104,3.03289388033926,0.245507150540122,0.119696262931368,39.2525647288715,58.8299951148021,27.3404612700008,21.0540651808353
"271",2022,2,3,8,"w","55-65",55,65,0.874745808271987,733.606557377046,151.301489616383,6.28830272862553,87.4745808271987,64.1719260986414,13.2350343827239,0.550066645301049,0.554013331821095,0.00106901901903021,-450.913206542169,1.06878075896303,8.036,2.108,5.744,30.5171204769835,359.03731452614,1.9,17,0.602570352237705,0.00590824615593905,0.49126759978074,0.00531389951517834,-402.654842548987,5.90824615593905,-512.992432083941,5.31389951517834,24617.9255527105,36,60,15.1301489616383,4744.02091834265,4069.12300403334,5709.58560688512,-674.897914309305,965.564688542469,0.811948685660052,0.188051314339948,0.766552013279258,0.233447986720742,10.7461687717183,2.48886561100564,0.421654694393287,0.128411950907762,26.231956197113,71.4783474365356,21.1198420309494,16.0616423563071
"272",2022,2,3,8,"w","65-75",65,75,0.937820340236699,764.591439688714,123.538767065232,4.59146154271209,93.7820340236699,71.7049404110937,11.5857168561538,0.430596602616997,0.443094048283629,0.000852384102751631,-560.748246151383,0.852384102751631,8.021,1.647,6.286,37.5681958983615,305.189990666549,2.2,12.4,0.465723316183882,0.00552071422113509,0.409534182519353,0.0046933811087413,-538.3152081722,5.52071422113509,-594.017097206783,4.69338110874129,28815.6987315225,36,70,12.3538767065232,6538.64697956855,6138.52590387486,7171.33949489362,-400.121075693683,632.692515325076,0.680355752720877,0.319644247279123,0.596251313791895,0.403748686208105,7.88240911247947,3.70330774367433,0.256743790024711,0.173852812592286,20.5335993018327,78.3692806383244,24.6120960214959,17.0764526810734
"273",2022,2,3,8,"w","75-85",75,85,0.774721847221317,744.979919678712,130.793392581997,5.41301937805791,77.4721847221317,57.715221951628,10.1328498705468,0.419358437161381,0.421329854066397,0.00081645354145215,-582.323711942567,0.816453541452149,8.121,2.73,5.189,36.5102278387405,372.368466102109,2.6,18.7,0.414663257955825,0.00522528950837306,0.383841708444808,0.00500533232927914,-588.932498598836,5.22528950837306,-619.486778737531,5.00533232927915,35989.9013144642,36,80,13.0793392581997,6943.23720112489,7071.35763897611,7691.79855772471,128.120437851224,748.561356599824,0.842911421553598,0.157088578446402,0.790968417660329,0.209031582339671,8.5410948887718,1.591754981775,0.331699279474046,0.0876591576873351,33.6165496859993,63.8960719123261,19.9127521979737,14.0423953225925
"274",2022,2,3,8,"w","85-95",85,95,1.88089425574794,906.976744186046,33.0044798131502,1.39310559352504,188.089425574794,170.59273482365,6.20779364945031,0.262028430851157,NA,NA,NA,NA,NA,NA,NA,NA,NA,NA,NA,NA,NA,NA,NA,NA,NA,NA,NA,NA,36,90,3.30044798131502,NA,NA,NA,NA,NA,NA,NA,NA,NA,NA,NA,NA,NA,NA,NA,NA,NA
"275",2022,2,3,8,"w","95-105",95,105,NA,NA,NA,NA,NA,NA,NA,NA,NA,NA,NA,NA,NA,NA,NA,NA,NA,NA,NA,NA,NA,NA,NA,NA,NA,NA,NA,NA,36,100,NA,NA,NA,NA,NA,NA,NA,NA,NA,NA,NA,NA,NA,NA,NA,NA,NA,NA
"276",2022,2,3,8,"w","105-115",105,115,NA,NA,NA,NA,NA,NA,NA,NA,NA,NA,NA,NA,NA,NA,NA,NA,NA,NA,NA,NA,NA,NA,NA,NA,NA,NA,NA,NA,36,110,NA,NA,NA,NA,NA,NA,NA,NA,NA,NA,NA,NA,NA,NA,NA,NA,NA,NA
"277",2022,2,3,6,"w","0-5",0,5,0.417648558228453,549.695740365113,227.122757834132,7.9832029078613,20.8824279114227,11.4789816713906,4.74287461751476,0.166708659225673,NA,NA,NA,NA,1,1,0,0,227.122757834132,0,7.9832029078613,NA,NA,NA,NA,NA,NA,NA,NA,9534.87382915052,34,2.5,22.7122757834132,NA,NA,NA,NA,NA,1,0,1,0,4.74287461751476,0,0.166708659225673,0,100,0,28.4500795552218,NA
"278",2022,2,3,6,"w","5-15",5,15,0.247664478114478,200.000000000001,393.921675364287,18.5842243459372,24.7664478114478,4.95328956228958,9.7560406147077,0.460265222379891,NA,NA,NA,NA,1,1,0,0,393.921675364287,0,18.5842243459372,NA,NA,NA,NA,NA,NA,NA,NA,9614.44497937192,34,10,39.3921675364287,NA,NA,NA,NA,NA,1,0,1,0,9.7560406147077,0,0.460265222379891,0,100,0,21.1965626346092,NA
"279",2022,2,3,6,"w","15-25",15,25,0.722467629986061,756.007393715343,127.264970010065,5.25775970406292,72.2467629986061,54.6190869989463,9.19448212634187,0.379856119243055,NA,NA,NA,NA,1,1,0,0,127.264970010065,0,5.25775970406292,NA,NA,NA,NA,NA,NA,NA,NA,16516.2889191118,34,20,12.7264970010065,NA,NA,NA,NA,NA,1,0,1,0,9.19448212634187,0,0.379856119243055,0,100,0,24.205170485772,NA
"280",2022,2,3,6,"w","25-35",25,35,0.379801393197385,445.783132530123,296.416716503048,12.4055554706071,37.9801393197385,16.9309054798835,11.2579481894852,0.471164725112402,NA,NA,NA,NA,7.18,5.532,2.92,91.3740347956811,380.212187437608,5.8,19.5,NA,NA,NA,NA,NA,NA,NA,NA,6586.128644423,34,30,29.6416716503048,NA,NA,NA,NA,NA,0.887427955357589,0.112572044642411,0.864305744731993,0.135694255268007,9.99061794331652,1.26733024616868,0.407230378629719,0.0639343464826828,77.0473537604457,40.6685236768802,19.4980608942363,15.7541439302898
"281",2022,2,3,6,"w","35-45",35,45,0.56575913794465,562.6204238921,231.975344565914,9.5744968369678,56.575913794465,31.8307646011248,13.1242170966024,0.541685907673667,NA,NA,NA,NA,7.357,3.085,4.272,43.9598519038766,412.439639002222,3.1,20.7,NA,NA,NA,NA,NA,NA,NA,NA,6518.53361077907,34,40,23.1975344565914,NA,NA,NA,NA,NA,0.871387488712548,0.128612511287452,0.828239477994934,0.171760522005066,11.4362785771267,1.68793851947574,0.44864565340885,0.093040254264817,41.9328530651081,58.067146934892,19.9246202416532,14.1805973883473
"282",2022,2,3,6,"w","45-55",45,55,0.418373231012408,351.297405189621,340.187914523265,14.7388798740019,41.8373231012408,14.6973430455457,14.2325516950471,0.61663527943899,NA,NA,NA,NA,3.606,3.126,0.405,20.093869445716,386.772636169458,1.52148984186814,21.1,NA,NA,NA,NA,NA,NA,NA,NA,6787.41965545524,34,50,34.0187914523265,NA,NA,NA,NA,NA,0.993314090689098,0.00668590931090236,0.990744195181708,0.00925580481829226,14.1373941451513,0.0951575498958146,0.61092782364843,0.0057074557905604,86.6888519134775,11.2312811980033,18.3304566904956,13.206706277476
"283",2022,2,3,6,"w","55-65",55,65,0.455620545840752,337.474120082817,339.028877350087,16.1478180094201,45.5620545840752,15.376014279926,15.4468522154024,0.735727765558911,NA,NA,NA,NA,3.002,2.649,0.229,14.2537034412536,387.325123820351,1.31281250281241,22.3,NA,NA,NA,NA,NA,NA,NA,NA,7410.36489653159,34,60,33.9028877350087,NA,NA,NA,NA,NA,0.996828781667842,0.00317121833215764,0.994936547393072,0.00506345260692814,15.3978668744828,0.048985340919614,0.732002442886402,0.00372532267250868,88.2411725516322,7.62824783477682,17.3688396331996,10.8573794130679
"284",2022,2,3,6,"w","65-75",65,75,1.03087548387025,790.356394129977,118.494245067492,4.19142345278466,103.087548387025,81.4759030228685,12.2152812219791,0.43208356799945,NA,NA,NA,NA,10.485,2.463,8.157,36.7593955474669,362.377361386615,2.1,12.9,NA,NA,NA,NA,NA,NA,NA,NA,25369.9732637657,34,70,11.8494245067492,NA,NA,NA,NA,NA,0.748531567831873,0.251468432168127,0.649716578327444,0.350283421672556,9.14352360459526,3.07175761738384,0.280731857352116,0.151351710647334,23.4907010014306,77.7968526466381,28.0912683245438,17.5044740702223
"285",2022,2,3,6,"w","75-85",75,85,0.429547757580563,685.220729366602,179.328796749034,6.24241763948895,42.9547757580563,29.4335027747142,7.7030282513168,0.268141649892383,NA,NA,NA,NA,10.474,3.666,7.44,49.3968088299268,375.697683826378,2.9,14.7,NA,NA,NA,NA,NA,NA,NA,NA,30872.7591627145,34,80,17.9328796749034,NA,NA,NA,NA,NA,0.789369525378401,0.210630474621599,0.714097171978979,0.285902828021021,6.08053575471835,1.62249249659845,0.191479193877928,0.0766624560144549,35.0009547450831,71.033034179874,25.5576655664203,17.0333823551472
"286",2022,2,3,6,"w","85-95",85,95,NA,NA,NA,NA,NA,NA,NA,NA,NA,NA,NA,NA,NA,NA,NA,NA,NA,NA,NA,NA,NA,NA,NA,NA,NA,NA,NA,NA,34,90,NA,NA,NA,NA,NA,NA,NA,NA,NA,NA,NA,NA,NA,NA,NA,NA,NA,NA
"287",2022,2,3,6,"w","95-105",95,105,NA,NA,NA,NA,NA,NA,NA,NA,NA,NA,NA,NA,NA,NA,NA,NA,NA,NA,NA,NA,NA,NA,NA,NA,NA,NA,NA,NA,34,100,NA,NA,NA,NA,NA,NA,NA,NA,NA,NA,NA,NA,NA,NA,NA,NA,NA,NA
"288",2022,2,3,6,"w","105-115",105,115,NA,NA,NA,NA,NA,NA,NA,NA,NA,NA,NA,NA,NA,NA,NA,NA,NA,NA,NA,NA,NA,NA,NA,NA,NA,NA,NA,NA,34,110,NA,NA,NA,NA,NA,NA,NA,NA,NA,NA,NA,NA,NA,NA,NA,NA,NA,NA
"289",2022,2,4,8,"w","0-5",0,5,0.0898394290523045,65.7640232108296,431.380413021201,9.31635716759087,4.49197145261523,0.295410114872172,1.9377485005086,0.0418488104391854,1.06110798679588,0.00153637758456508,51.9065783626063,1.53637758456508,1,1,0,0,431.380413021201,0,9.31635716759087,NA,NA,NA,NA,51.9065783626063,NA,NA,NA,20775.8948335548,44,2.5,43.1380413021201,-476.46641205136,NA,NA,NA,NA,1,0,1,0,1.9377485005086,0,0.0418488104391854,0,100,0,46.3035503320825,NA
"290",2022,2,4,8,"w","5-15",5,15,0.0986424064726841,91.7968750000011,410.933610571141,8.63915866754656,9.86424064726841,0.905506465667228,4.05354802472462,0.0852187400866139,1.05617420081588,0.0014835452552185,47.015575756671,1.4835452552185,1,1,0,0,410.933610571141,0,8.63915866754656,NA,NA,NA,NA,47.015575756671,NA,NA,NA,22804.6416283159,44,10,41.0933610571141,-439.028630025018,NA,NA,NA,NA,1,0,1,0,4.05354802472462,0,0.0852187400866139,0,100,0,47.5663923287848,NA
"291",2022,2,4,8,"w","15-25",15,25,0.0568888210914044,101.668940745774,450.943378396225,8.0113169980562,5.68888210914044,0.578382618063895,2.56536371759363,0.0455754379408946,1.01202901180705,0.00139735417671474,3.2531921922314,1.39735417671474,1,1,0,0,450.943378396225,0,8.0113169980562,NA,NA,NA,NA,3.2531921922314,NA,NA,NA,NA,44,20,45.0943378396225,-96.0524948452859,NA,NA,NA,NA,1,0,1,0,2.56536371759363,0,0.0455754379408946,0,100,0,56.2882954832068,NA
"292",2022,2,4,8,"w","25-35",25,35,0.110378497810643,141.176470588234,392.987977521632,11.3520903030314,11.0378497810643,1.55828467497377,4.33774226164805,0.125302667465937,0.987668999493811,0.00134713299486148,-20.8955820325907,1.34713299486148,3.023,2.834,0.185,261.891041294015,400.989313767935,8.54008177168073,13.5573179983361,0.99264352662535,0.006861850602666,0.991989590285497,0.00682785483447221,-15.9641915624191,6.861850602666,-16.6124572868138,6.82785483447221,NA,44,30,39.2987977521632,99.6707176901036,59.3129862995076,64.6067312878253,-40.3577313905961,-35.0639864022784,0.959109003540494,0.0408909964595057,0.960503459094715,0.0394965409052853,4.16036765818475,0.177374603463299,0.120353645534827,0.00494902193110975,93.7479325173668,6.11974859411181,29.5773333499405,30.6661046457959
"293",2022,2,4,8,"w","35-45",35,45,0.315176598293338,439.922480620155,265.034417776504,12.8446515493136,31.5176598293338,13.8653270954628,8.35326462254541,0.404833358157593,0.882952545649292,0.00125241091611594,-124.70398610885,1.25241091611594,7.106,5.568,1.804,33.374447278297,326.552932838388,2.1,20.1,0.888371507500431,0.0066901731693148,0.719871487318521,0.0060067396327316,-119.332014839157,6.69017316931479,-286.370885424607,6.0067396327316,6756.95960790556,44,40,26.5034417776504,999.978542197271,950.82812697385,2640.30710680941,-49.1504152234212,1640.32856461214,0.967948379132984,0.0320516208670158,0.967258169900748,0.0327418300992522,8.08552895186173,0.267735670683682,0.391578373126287,0.0132549850313056,78.3563186039966,25.3869969040248,16.246414569074,15.8925939420462
"294",2022,2,4,8,"w","45-55",45,55,0.441350633198244,542.750929368026,217.830562359711,10.0732929823188,44.1350633198244,23.9543466345514,9.61396566273879,0.444585423613783,0.753911540827016,0.0011485526129741,-252.626010577774,1.1485526129741,7.165,4.334,2.817,42.3662014354986,296.09167560255,2.6,16.6,0.824546626566433,0.00733802401756027,0.568337299718189,0.00593810812361459,-182.603437685019,7.33802401756027,-436.591042814002,5.93810812361459,9701.24592031536,44,50,21.7830562359711,2269.16374956269,1549.73911044109,4538.96791841194,-719.424639121602,2269.80416884925,0.914911591790375,0.0850884082096246,0.907602758216999,0.0923972417830011,8.79592862791436,0.818037034824432,0.403506956734942,0.0410784668788407,60.4884856943475,39.3161200279135,17.8368479278645,16.2946928598072
"295",2022,2,4,8,"w","55-65",55,65,0.393983972026366,378.431372549022,295.100934818402,16.3078981070509,39.3983972026366,14.9095895296253,11.6265038448448,0.642505047161718,0.665578995031608,0.00120371071332222,-340.192579826093,1.20371071332222,7.269,7.016,0.126,5.42574629995297,321.7675182304,1,18,0.654757280106965,0.00630801544843058,0.501300474649502,0.00548888524165173,-350.920454142419,6.30801544843057,-503.046557389126,5.48888524165173,10053.6706425301,44,60,29.5100934818402,3270.21781562852,3401.90060629378,5547.18500006711,131.682790665267,2276.96718443859,0.999697262131011,0.000302737868988566,0.999003274953723,0.00099672504627652,11.622984061847,0.00351978299777568,0.641864646288853,0.000640400872865161,96.519466226441,1.73338836153529,17.8759732350222,5.42574629995297
"296",2022,2,4,8,"w","65-75",65,75,0.124864078665623,300.934579439255,315,11.5,12.4864078665623,3.75759190003093,3.93321847796713,0.143593690465467,0.791341493753715,0.00125744301092445,-215.52063185917,1.25744301092445,3.02,2.695,0.268,164.051237472418,359.237767805579,6.3419340905539,12.3042126071337,0.77653901205427,0.00659817605098148,0.684684702027195,0.00623068339505578,-230.194753691723,6.59817605098148,-321.252548158239,6.23068339505578,11008.444225595,44,70,31.5,1879.92828978868,2031.61315118372,3042.87498115248,151.684861395048,1162.9466913638,0.956560387908994,0.0434396120910057,0.951243168724631,0.0487568312753689,3.76236099301506,0.170857484952068,0.136592517127235,0.00700117333823232,89.2384105960265,8.87417218543046,29.1963231842484,25.867698265229
"297",2022,2,4,8,"w","75-85",75,85,0.0589359656323878,265.682656826572,330.98871388293,9.42473604252699,5.89359656323878,1.56582639318523,1.95071394661126,0.0555455919496697,0.881043916041096,0.00121973772930283,-126.596065016466,1.21973772930283,NA,NA,NA,NA,NA,NA,NA,NA,NA,NA,NA,NA,NA,NA,NA,NA,44,80,33.098871388293,1017.36182834179,NA,NA,NA,NA,NA,NA,NA,NA,NA,NA,NA,NA,NA,NA,NA,NA
"298",2022,2,4,8,"w","85-95",85,95,NA,NA,NA,NA,NA,NA,NA,NA,NA,NA,NA,NA,NA,NA,NA,NA,NA,NA,NA,NA,NA,NA,NA,NA,NA,NA,NA,NA,44,90,NA,NA,NA,NA,NA,NA,NA,NA,NA,NA,NA,NA,NA,NA,NA,NA,NA,NA
"299",2022,2,4,8,"w","95-105",95,105,NA,NA,NA,NA,NA,NA,NA,NA,NA,NA,NA,NA,NA,NA,NA,NA,NA,NA,NA,NA,NA,NA,NA,NA,NA,NA,NA,NA,44,100,NA,NA,NA,NA,NA,NA,NA,NA,NA,NA,NA,NA,NA,NA,NA,NA,NA,NA
"300",2022,2,4,8,"w","105-115",105,115,NA,NA,NA,NA,NA,NA,NA,NA,NA,NA,NA,NA,NA,NA,NA,NA,NA,NA,NA,NA,NA,NA,NA,NA,NA,NA,NA,NA,44,110,NA,NA,NA,NA,NA,NA,NA,NA,NA,NA,NA,NA,NA,NA,NA,NA,NA,NA
"301",2022,3,5,6,"w","0-5",0,5,0.0425307300021548,84.9802371541523,442.219103107613,12.2732388556996,2.12653650010774,0.180713576096117,0.940395063803247,0.0260994904011857,1.04332417696293,0.00136616145393547,34.2769810130243,1.36616145393547,1,1,0,0,442.219103107613,0,12.2732388556996,NA,NA,NA,NA,34.2769810130243,NA,NA,NA,18681.9997027034,50,2.5,44.2219103107613,-340.695112185047,NA,NA,NA,NA,1,0,1,0,0.940395063803247,0,0.0260994904011857,0,100,0,36.0311657181063,NA
"302",2022,3,5,6,"w","5-15",5,15,0.130765831866343,151.624548736461,401.192082270856,13.4948284599051,13.0765831866343,1.98273102468823,5.24622163763389,0.176466246945309,1.04255838584446,0.00134333024186404,33.5178304598371,1.34333024186404,1,1,0,0,401.192082270856,0,13.4948284599051,NA,NA,NA,NA,33.5178304598371,NA,NA,NA,17420.3126459079,50,10,40.1192082270856,-334.796793228135,NA,NA,NA,NA,1,0,1,0,5.24622163763389,0,0.176466246945309,0,100,0,29.7293206403364,NA
"303",2022,3,5,6,"w","15-25",15,25,0.127414903367131,223.667504292633,378.830732175214,15.6837581460568,12.7414903367131,2.84985734458131,4.82686811326043,0.199834452861328,0.97643074212738,0.00127435499408682,-32.0363867387892,1.27435499408682,1,1,0,0,378.830732175214,0,15.6837581460568,NA,NA,NA,NA,-32.0363867387892,NA,NA,NA,NA,50,20,37.8830732175214,191.59874429206,NA,NA,NA,NA,1,0,1,0,4.82686811326043,0,0.199834452861328,0,100,0,24.154333970679,NA
"304",2022,3,5,6,"w","25-35",25,35,0.502063007970227,702.755905511814,141.637938141872,5.87451790519513,50.2063007970227,35.2827743790102,7.11111692662093,0.294937812985722,0.797405549514128,0.0013011128696876,-209.509160618435,1.3011128696876,8.081,4.136,4.115,39.2213381466698,313.818684747807,1.88116688940814,16.8,0.852007670274404,0.00670956191881214,0.682222352553633,0.00636989738393619,-155.380522689964,6.70956191881215,-323.693545343916,6.3698973839362,21697.951692617,50,30,14.1637938141872,1818.60600857431,1286.56326792514,3071.81634135782,-532.042740649173,1253.2103327835,0.889405681285507,0.110594318714493,0.899761458288478,0.100238541711522,6.32466779482219,0.786449131798741,0.265373676716448,0.0295641362692742,51.1817844326197,50.9219156045044,18.6796836159409,20.84947293486
"305",2022,3,5,6,"w","35-45",35,45,1.50178559976659,889.344262295084,55.4488337978214,1.80805646294968,150.178559976659,133.56044063498,8.3272260121419,0.271531315962273,0.465548843017693,0.000851826112508351,-538.488168392598,0.851826112508351,8.05199999999999,0.539,7.408,37.652622901019,171.573407327635,1.43538951937694,4.4,0.438266514533648,0.0052518417483288,0.427355537947901,0.00537498093872515,-565.533917894563,5.2518417483288,-576.350279838614,5.37498093872516,28615.8843523951,50,40,5.54488337978214,6141.53585740251,6626.64721028499,6829.16635117544,485.111352882481,687.630493772929,0.248992733063301,0.751007266936699,0.18236111346404,0.81763888653596,2.07341876359903,6.25380724854287,0.0495167531192361,0.222014562843037,6.69398907103826,92.0019870839544,38.9939562108261,26.2316412323833
"306",2022,3,5,6,"w","45-55",45,55,0.915719364214917,750.000000000002,136.631136514159,4.29592043603971,91.5719364214917,68.678952316119,12.5115777460707,0.393385753040815,0.568616482203277,0.000946185010496808,-436.314281262602,0.946185010496806,8.05000000000001,2.726,5.175,45.0141536778915,254.460204871521,1.76938213843701,8.9,0.575476200086287,0.00606293216297233,0.546825282246923,0.00559159803974619,-429.514047491261,6.06293216297233,-457.916518612374,5.59159803974619,32716.078405315,50,50,13.6631136514159,4535.02286280203,4438.69364937543,4848.9271636959,-96.3292134266067,313.904300893868,0.74860075018543,0.25139924981457,0.725998995653169,0.274001004346831,9.36617648671185,3.14540125935885,0.285597661611897,0.107788091428918,33.863354037267,64.2857142857142,28.5910342552271,25.4406059041915
"307",2022,3,5,6,"w","55-65",55,65,0.938736677234687,841.509433962267,86.9701380257641,3.13025305628193,93.8736677234687,78.9955769899381,8.16420583889479,0.293848335295782,0.433559041986454,0.000829448688601202,-570.200569546868,0.829448688601201,8.002,1.806,6.089,43.9933111460594,304.834795416041,2.01257461328149,11.2,0.470832366926961,0.00562343159840956,0.421389064621225,0.00543670172595085,-533.250460613319,5.62343159840956,-582.265014832653,5.43670172595084,42159.170270024,50,60,8.69701380257641,6713.39735014514,6050.88261159694,6942.10838254216,-662.514738548206,228.711032397016,0.67268693896492,0.32731306103508,0.622724746222141,0.37727525377786,5.49195463484566,2.67225120404913,0.182986630024864,0.110861705270918,22.5693576605849,76.0934766308423,27.2173924478608,21.8592199542498
"308",2022,3,5,6,"w","65-75",65,75,0.372198196625693,946.494464944645,21.7061338821133,1.52613045411862,37.2198196625693,35.2283532968597,0.80789838866384,0.0568023002838498,0.22177768441759,0.00059241892425398,-780.145462972785,0.59241892425398,NA,NA,NA,NA,NA,NA,NA,NA,NA,NA,NA,NA,NA,NA,NA,39591.6486207832,50,70,2.17061338821133,12098.339197352,NA,NA,NA,NA,NA,NA,NA,NA,NA,NA,NA,NA,NA,NA,NA,NA
"309",2022,3,5,6,"w","75-85",75,85,NA,NA,NA,NA,NA,NA,NA,NA,NA,NA,NA,NA,NA,NA,NA,NA,NA,NA,NA,NA,NA,NA,NA,NA,NA,NA,NA,NA,50,80,NA,NA,NA,NA,NA,NA,NA,NA,NA,NA,NA,NA,NA,NA,NA,NA,NA,NA
"310",2022,3,5,6,"w","85-95",85,95,NA,NA,NA,NA,NA,NA,NA,NA,NA,NA,NA,NA,NA,NA,NA,NA,NA,NA,NA,NA,NA,NA,NA,NA,NA,NA,NA,NA,50,90,NA,NA,NA,NA,NA,NA,NA,NA,NA,NA,NA,NA,NA,NA,NA,NA,NA,NA
"311",2022,3,5,6,"w","95-105",95,105,NA,NA,NA,NA,NA,NA,NA,NA,NA,NA,NA,NA,NA,NA,NA,NA,NA,NA,NA,NA,NA,NA,NA,NA,NA,NA,NA,NA,50,100,NA,NA,NA,NA,NA,NA,NA,NA,NA,NA,NA,NA,NA,NA,NA,NA,NA,NA
"312",2022,3,5,6,"w","105-115",105,115,NA,NA,NA,NA,NA,NA,NA,NA,NA,NA,NA,NA,NA,NA,NA,NA,NA,NA,NA,NA,NA,NA,NA,NA,NA,NA,NA,NA,50,110,NA,NA,NA,NA,NA,NA,NA,NA,NA,NA,NA,NA,NA,NA,NA,NA,NA,NA
"313",2022,3,5,8,"w","0-5",0,5,0.0497417340970391,39.534883720929,442.008729605845,7.7,2.48708670485196,0.0983266836801905,1.0993140348312,0.0191505676273601,NA,NA,NA,NA,1,1,0,0,442.008729605845,0,7.7,NA,NA,NA,NA,NA,NA,NA,NA,6026.38641433281,52,2.5,44.2008729605845,NA,NA,NA,NA,NA,1,0,1,0,1.0993140348312,0,0.0191505676273601,0,100,0,57.4037311176422,NA
"314",2022,3,5,8,"w","5-15",5,15,0.0699972696624755,74.9999999999988,414.166542351491,7.7,6.99972696624754,0.524979522468557,2.89905271501524,0.0538978976401061,NA,NA,NA,NA,1,1,0,0,414.166542351491,0,7.7,NA,NA,NA,NA,NA,NA,NA,NA,24845.3912795185,52,10,41.4166542351491,NA,NA,NA,NA,NA,1,0,1,0,2.89905271501524,0,0.0538978976401061,0,100,0,53.7878626430508,NA
"315",2022,3,5,8,"w","15-25",15,25,0.0917142577217516,113.267755434408,396.529059735361,9.85096565514375,9.17142577217516,1.03882681134756,3.63673683787327,0.0903474002903977,NA,NA,NA,NA,1,1,0,0,396.529059735361,0,9.85096565514375,NA,NA,NA,NA,NA,NA,NA,NA,NA,52,20,39.6529059735361,NA,NA,NA,NA,NA,1,0,1,0,3.63673683787327,0,0.0903474002903977,0,100,0,40.2528111067274,NA
"316",2022,3,5,8,"w","25-35",25,35,0.192864547181436,187.719298245613,403.498526834965,24.1,19.2864547181436,3.6204397453357,7.78205606664019,0.46480355870726,NA,NA,NA,NA,4.595,3.595,0.213,99.2291490095686,404.476330050973,4.6,22.9,NA,NA,NA,NA,NA,NA,NA,NA,9186.22611272213,52,30,40.3498526834965,NA,NA,NA,NA,NA,0.985672854870704,0.0143271451292958,0.988238443412364,0.0117615565876361,7.67056141996912,0.111494646671071,0.45933674534939,0.00546681335787007,78.2372143634385,4.6354733405876,17.662721836287,21.5715541325149
"317",2022,3,5,8,"w","35-45",35,45,0.757930570203844,733.333333333331,140.759070194814,7.1,75.7930570203844,55.5815751482817,10.6685602334118,0.538130704844729,NA,NA,NA,NA,7.99600000000001,3.388,4.51,33.8420430498996,303.170760045722,1.9,16.1,NA,NA,NA,NA,NA,NA,NA,NA,24037.8801744204,52,40,14.0759070194814,NA,NA,NA,NA,NA,0.870629364321649,0.129370635678351,0.864233678413329,0.135766321586671,9.28836181424254,1.38019841916926,0.465070678515118,0.0730600263296113,42.3711855927963,56.4032016008003,18.8304819904175,17.8116016052103
"318",2022,3,5,8,"w","45-55",45,55,0.659503178134251,643.25323475046,189.657608485587,9.2,65.9503178134251,42.4227552663066,12.5079795553587,0.606742923883511,NA,NA,NA,NA,5.852,3.048,2.723,55.4573760009301,336.623271998317,3,16.5,NA,NA,NA,NA,NA,NA,NA,NA,28764.6309919836,52,50,18.9657608485587,NA,NA,NA,NA,NA,0.87170302631751,0.12829697368249,0.8602658182378,0.1397341817622,10.9032436315237,1.60473592383498,0.521960197874644,0.0847827260088675,52.0847573479152,46.5311004784689,20.4014104241404,18.48579200031
"319",2022,3,5,8,"w","55-65",55,65,1.31001721176295,881.322957198442,58.3430735999212,2.7,131.001721176295,115.454824305178,7.64304306030494,0.353704647175997,NA,NA,NA,NA,8.023,0.336,7.422,12.1067055883232,374.663633293649,0.9,13.6,NA,NA,NA,NA,NA,NA,NA,NA,46423.193489319,52,60,5.83430735999212,NA,NA,NA,NA,NA,0.583504494506958,0.416495505493042,0.406208331110993,0.593791668889007,4.45974997739815,3.18329308290679,0.143677774435564,0.210026872740433,4.1879596161037,92.509036520005,27.5487965657095,13.4518950981369
"320",2022,3,5,8,"w","65-75",65,75,1.00334981481648,853.84672,79.659,3.403,100.334981481648,85.6706948393659,7.9925842898466,0.341439941982048,NA,NA,NA,NA,8.075,0.069,7.67,13.2996717990548,299.089053273712,1.2,12.9,NA,NA,NA,NA,NA,NA,NA,NA,NA,52,70,7.9659,NA,NA,NA,NA,NA,0.168266452849945,0.831733547150055,0.0881802240913009,0.911819775908699,1.34488380755668,6.64770048228992,0.0301082505976978,0.31133169138435,0.854489164086687,94.984520123839,23.1851979281947,11.0830598325457
"321",2022,3,5,8,"w","75-85",75,85,1.58764702783761,961.130742049468,6.45358267094089,0.7,158.764702783761,152.59363659782,1.02460113464236,0.111135291948633,NA,NA,NA,NA,8.352,0.0360000000000001,7.868,4.55911875010385,384.8678,0.9,13.385714,NA,NA,NA,NA,NA,NA,NA,NA,35597.1237150143,52,80,0.645358267094089,NA,NA,NA,NA,NA,0.278629548632674,0.721370451367326,0.0637154890027412,0.936284510997259,0.285484151673926,0.739116982968434,0.00708103947196956,0.104054252476663,0.431034482758622,94.2049808429119,28.7521308164809,5.06568750011539
"322",2022,3,5,8,"w","85-95",85,95,NA,NA,NA,NA,NA,NA,NA,NA,NA,NA,NA,NA,NA,NA,NA,NA,NA,NA,NA,NA,NA,NA,NA,NA,NA,NA,NA,NA,52,90,NA,NA,NA,NA,NA,NA,NA,NA,NA,NA,NA,NA,NA,NA,NA,NA,NA,NA
"323",2022,3,5,8,"w","95-105",95,105,NA,NA,NA,NA,NA,NA,NA,NA,NA,NA,NA,NA,NA,NA,NA,NA,NA,NA,NA,NA,NA,NA,NA,NA,NA,NA,NA,NA,52,100,NA,NA,NA,NA,NA,NA,NA,NA,NA,NA,NA,NA,NA,NA,NA,NA,NA,NA
"324",2022,3,5,8,"w","105-115",105,115,NA,NA,NA,NA,NA,NA,NA,NA,NA,NA,NA,NA,NA,NA,NA,NA,NA,NA,NA,NA,NA,NA,NA,NA,NA,NA,NA,NA,52,110,NA,NA,NA,NA,NA,NA,NA,NA,NA,NA,NA,NA,NA,NA,NA,NA,NA,NA
"325",2022,3,6,6,"w","0-5",0,5,0.0436642285139058,34.5489443378132,459.74859993326,10.6836541668069,2.18321142569529,0.0754276500240245,1.00372839632171,0.0233246758451499,1.04489755329618,0.00246485475172021,35.8367137978013,2.46485475172021,1,1,0,0,459.74859993326,0,10.6836541668069,NA,NA,NA,NA,35.8367137978013,NA,NA,NA,9735.20220507968,58,2.5,45.974859993326,-352.800085803054,NA,NA,NA,NA,1,0,1,0,1.00372839632171,0,0.0233246758451499,0,100,0,43.0328979911813,NA
"326",2022,3,6,6,"w","5-15",5,15,0.0963675425793518,118.446601941747,417.910250047012,11.2079902348272,9.63675425793518,1.14144079560009,4.0272983815753,0.108008647618367,1.09438742800863,0.00264893038799975,84.8974365707538,2.64893038799975,1,1,0,0,417.910250047012,0,11.2079902348272,NA,NA,NA,NA,84.8974365707538,NA,NA,NA,28684.8112508816,58,10,41.7910250047012,-724.534669788035,NA,NA,NA,NA,1,0,1,0,4.0272983815753,0,0.108008647618367,0,100,0,37.2868142540325,NA
"327",2022,3,6,6,"w","15-25",15,25,0.0719528574937968,119.38347096772,420.845832331104,14.5781143031144,7.19528574937968,0.85899818736552,3.02810602005782,0.104893698098027,1.08506918963555,0.00252071710528819,75.660001394167,2.52071710528818,1,1,0,0,420.845832331104,0,14.5781143031144,NA,NA,NA,NA,75.660001394167,NA,NA,NA,NA,58,20,42.0845832331104,-655.844277557728,NA,NA,NA,NA,1,0,1,0,3.02810602005782,0,0.104893698098027,0,100,0,28.8683312245121,NA
"328",2022,3,6,6,"w","25-35",25,35,0.13587210231982,172.484599589322,414.214519946321,19.2207855160474,13.587210231982,2.34358451639935,5.62801976365017,0.261156853630371,1.05127104947203,0.00252087224074755,42.1549421383296,2.52087224074755,1,1,0,0,414.214519946321,0,19.2207855160474,NA,NA,NA,NA,42.1549421383296,NA,NA,NA,13175.2923903342,58,30,41.4214519946321,-401.649641595976,NA,NA,NA,NA,1,0,1,0,5.62801976365017,0,0.261156853630371,0,100,0,21.5503429659778,NA
"329",2022,3,6,6,"w","35-45",35,45,0.280985976254964,332.717190388169,337.255055728269,15.3020315528769,28.0985976254964,9.34888645580285,9.47639410807301,0.429965627456939,0.876598452498309,0.00215193443569307,-131.002979678045,2.15193443569307,4.937,5.285,0.209,15.8780449935049,277.099484796399,1.6,16.9,0.917834159,NA,0.782836554164882,0.00607292087597529,-90.0834117,NA,-223.951820779992,6.07292087597529,10777.6858844632,58,40,33.7255055728269,1057.99635721366,688.737847385194,1966.73021740473,-369.258509828468,908.733860191071,0.99773910912859,0.00226089087141037,0.996269976096169,0.00373002390383142,9.45496901514018,0.0214250929328293,0.428361845388699,0.00160378206824026,107.04881506988,4.23334008507191,16.3964192187218,9.92377812094056
"330",2022,3,6,6,"w","45-55",45,55,0.609929822028692,705.996131528047,164.880979738815,6.46150776975371,60.9929822028692,43.0608094855847,10.0565826628012,0.394106628404289,0.679572717729152,0.00184340717974689,-326.320203833733,1.84340717974689,8.07900000000001,5.444,2.927,44.5381465764319,278.171637577722,2.5,14.7,0.704582168551136,0.00654382724277232,0.605582509496625,0.00571176112248565,-301.527622712635,6.54382724277232,-399.668805241617,5.71176112248565,21232.6050227184,58,50,16.4880979738815,3103.07588087102,2812.75752529298,4029.06729558286,-290.318355578039,925.991414711837,0.920738850330116,0.0792611496698841,0.916222352231342,0.0837776477686581,9.25948635919735,0.797096303603847,0.361089302106541,0.0330173262977479,67.3845772991706,36.2297314024012,18.9232406515457,17.8152586305728
"331",2022,3,6,6,"w","55-65",55,65,0.49670548986689,635.593220338983,212.0593181929,7.07660814011613,49.670548986689,31.5702641864549,10.5331027523843,0.351499011283241,0.412345195993851,0.000778436042206341,-591.230459463513,0.778436042206341,5.045,2.608,2.385,45.4261853064515,271.517760625187,2.5,13.7,0.661683492094522,0.00662739714313055,0.552994779453099,0.00622106813719167,-344.054302870818,6.62739714313055,-451.800520262421,6.22106813719167,12984.1892674762,58,60,21.20593181929,7116.38992472175,3317.37151017016,4758.80316500856,-3799.01841455159,-2357.58675971319,0.867303380134989,0.132696619865011,0.856987294955159,0.143012705044841,9.13539562045206,1.39770713193224,0.301230186859038,0.0502688244242033,51.6947472745292,47.2745292368682,19.8188146441742,18.1704741225806
"332",2022,3,6,6,"w","65-75",65,75,1.05122528674003,857.414448669195,71.7830908386643,2.90373433776283,105.122528674003,90.1335749657317,7.54602002499602,0.305247896183159,0.302465368378687,0.00067899781255461,-700.157463063547,0.67899781255461,8.365,2.613,5.643,48.7374518374566,336.836069073002,3.1,11.9,0.319942140188344,0.00448515089494766,0.307980749839897,0.00447812211584642,-682.832241254,4.48515089494766,-694.689908287388,4.47812211584642,49778.0496432658,58,70,7.17830908386643,9605.76896237056,9154.52819026367,9460.60868180283,-451.240772106894,-145.160280567734,0.761919444899029,0.238080555100971,0.639966658434181,0.360033341565819,5.74945938864192,1.79656063635409,0.1953484761144,0.109899420068759,31.237298266587,67.4596533173939,28.3055520229413,15.7217586572441
"333",2022,3,6,6,"w","75-85",75,85,1.57484104759945,935.114503816794,26.9125392182728,1.64322818169086,157.484104759945,147.265670481628,4.2382971456066,0.258782319109896,NA,NA,NA,NA,8.29,1.587,6.45,8.02573974371746,326.429781363465,0.8,10.9,NA,NA,NA,NA,NA,NA,NA,NA,48353.1250150158,58,80,2.69125392182728,NA,NA,NA,NA,NA,0.909152149519889,0.0908478504801111,0.770240846368603,0.229759153631397,3.85325696023225,0.38504018537435,0.199324712496436,0.0594576066134598,19.1435464414958,77.8045838359469,29.9476863636206,10.0321746796468
"334",2022,3,6,6,"w","85-95",85,95,1.97482648268022,978.102189781024,6.63386866202548,0.904232473517071,197.482648268022,193.158210714708,1.31007395163903,0.178570223520095,NA,NA,NA,NA,NA,NA,NA,NA,NA,NA,NA,NA,NA,NA,NA,NA,NA,NA,NA,34683.5000706376,58,90,0.663386866202548,NA,NA,NA,NA,NA,NA,NA,NA,NA,NA,NA,NA,NA,NA,NA,NA,NA
"335",2022,3,6,6,"w","95-105",95,105,NA,NA,NA,NA,NA,NA,NA,NA,NA,NA,NA,NA,NA,NA,NA,NA,NA,NA,NA,NA,NA,NA,NA,NA,NA,NA,NA,NA,58,100,NA,NA,NA,NA,NA,NA,NA,NA,NA,NA,NA,NA,NA,NA,NA,NA,NA,NA
"336",2022,3,6,6,"w","105-115",105,115,NA,NA,NA,NA,NA,NA,NA,NA,NA,NA,NA,NA,NA,NA,NA,NA,NA,NA,NA,NA,NA,NA,NA,NA,NA,NA,NA,NA,58,110,NA,NA,NA,NA,NA,NA,NA,NA,NA,NA,NA,NA,NA,NA,NA,NA,NA,NA
"337",2022,2,4,2,"c","0-5",0,5,0.0606768600682594,58.9225589225592,444.978694192457,12.3,3.03384300341297,0.178761793130395,1.34999549804363,0.0373162689419795,NA,NA,NA,NA,1,1,0,0,444.978694192457,0,12.3,NA,NA,NA,NA,NA,NA,NA,NA,NA,38,2.5,44.4978694192457,NA,NA,NA,NA,NA,1,0,1,0,1.34999549804363,0,0.0373162689419795,0,100,0,36.1771296091428,NA
"338",2022,2,4,2,"c","5-15",5,15,0.0792409948756406,74.5341614906824,426.041028627416,8.1,7.92409948756406,0.590616110874333,3.37599149662777,0.0641852058492688,NA,NA,NA,NA,1,1,0,0,426.041028627416,0,8.1,NA,NA,NA,NA,NA,NA,NA,NA,9089.53476459121,38,10,42.6041028627416,NA,NA,NA,NA,NA,1,0,1,0,3.37599149662777,0,0.0641852058492688,0,100,0,52.5976578552365,NA
"339",2022,2,4,2,"c","15-25",15,25,0.128697340842307,143.122002152067,393.52701176236,13.9973604304804,12.8697340842307,1.8419421092998,5.06458799634352,0.180142306621416,NA,NA,NA,NA,1,1,0,0,393.52701176236,0,13.9973604304804,NA,NA,NA,NA,NA,NA,NA,NA,26827.7051787149,38,20,39.352701176236,NA,NA,NA,NA,NA,1,0,1,0,5.06458799634352,0,0.180142306621416,0,100,0,28.1143729717371,NA
"340",2022,2,4,2,"c","25-35",25,35,0.355189932019428,605.263157894735,181.18731258251,10.5,35.5189932019428,21.4983379906495,6.43559092389646,0.3729494286204,NA,NA,NA,NA,3.914,3.277,0.266,188.748950758252,376.170718649832,9.4,17.6,NA,NA,NA,NA,NA,NA,NA,NA,24007.8148950044,38,30,18.118731258251,NA,NA,NA,NA,NA,0.960864844954298,0.0391351550457024,0.958448274715998,0.0415517252840022,6.18373307527906,0.251857848617403,0.35745273641754,0.0154966922028604,83.7250894225856,6.79611650485437,21.3733362869223,20.07967561258
"341",2022,2,4,2,"c","35-45",35,45,0.751593919569659,847.195357833657,84.7568352123051,3,75.1593919569659,63.6746879635419,6.37027219875362,0.225478175870898,NA,NA,NA,NA,7.193,0.703,6.159,33.2803450682266,408.759038414766,1.8,12.1,NA,NA,NA,NA,NA,NA,NA,NA,22486.8493257882,38,40,8.47568352123051,NA,NA,NA,NA,NA,0.583667204601294,0.416332795398706,0.434161031006763,0.565838968993237,3.71811896679586,2.65215323195775,0.0978938373056332,0.127584338565265,9.77339079660781,85.624913109968,33.7817387119641,18.4890805934592
"342",2022,2,4,2,"c","45-55",45,55,0.726336276067776,802.307743379207,114.930780361465,4.59898762611577,72.6336276067776,58.2745218586394,8.34783950133101,0.334041154603471,NA,NA,NA,NA,10.4395847802087,1.55028106804342,8.14981009443908,45.3258074461473,379.850987432886,2.74835428202655,14.3559495278046,NA,NA,NA,NA,NA,NA,NA,NA,26498.7808731876,38,50,11.4930780361465,NA,NA,NA,NA,NA,0.614518087188231,0.385481912811769,0.498400953179258,0.501599046820742,5.12989836251229,3.21794113881872,0.16648642985547,0.167554724748001,14.850026133055,78.0664199393202,26.4594819518688,16.4919813077103
"343",2022,2,4,2,"c","55-65",55,65,0.627072014231814,694.484131751987,171.088867478062,7.70327922530036,62.7072014231814,43.5491563349751,10.7285040742108,0.483051081999918,NA,NA,NA,NA,10.2283237825693,2.75988489027216,7.33916032186318,36.9350651793092,424.121406674848,2.41295130277032,16.4129513027703,NA,NA,NA,NA,NA,NA,NA,NA,23610.3148247473,38,60,17.1088867478062,NA,NA,NA,NA,NA,0.811964051702561,0.188035948297439,0.718934934216119,0.281065065783881,8.71115963680363,2.01734443740717,0.347282297860636,0.135768784139282,26.9827681342611,71.7533046262212,25.8406546666145,15.3070081177784
"344",2022,2,4,2,"c","65-75",65,75,0.526602801085835,539.961013645223,242.954477972072,11.8,52.6602801085835,28.4344982262721,12.794050863644,0.621391305281285,NA,NA,NA,NA,4.857,2.326,2.318,48.9,381,2.5,13.9,NA,NA,NA,NA,NA,NA,NA,NA,10587.769343069,38,70,24.2954477972072,NA,NA,NA,NA,NA,0.886599472846049,0.113400527153951,0.848005581434387,0.151994418565613,11.3431987512723,1.45085211237169,0.526943295133328,0.0944480101479564,47.8896438130533,47.7249330862672,27.410071942446,19.56
"345",2022,2,4,2,"c","75-85",75,85,0.645759357431021,649.538493630309,185.706842463437,9.83268822375855,64.5759357431021,41.9445560273422,11.9921931259733,0.634955042919389,NA,NA,NA,NA,NA,NA,NA,NA,NA,NA,NA,NA,NA,NA,NA,NA,NA,NA,NA,14692.8637747897,38,80,18.5706842463437,NA,NA,NA,NA,NA,NA,NA,NA,NA,NA,NA,NA,NA,NA,NA,NA,NA
"346",2022,2,4,2,"c","85-95",85,95,0.546097810049296,935.432751162496,23.2205350112633,1.32127439570854,54.6097810049296,51.0837776858227,1.26806833178239,0.072154505397064,NA,NA,NA,NA,NA,NA,NA,NA,NA,NA,NA,NA,NA,NA,NA,NA,NA,NA,NA,37614.4977636655,38,90,2.32205350112633,NA,NA,NA,NA,NA,NA,NA,NA,NA,NA,NA,NA,NA,NA,NA,NA,NA
"347",2022,2,4,2,"c","95-105",95,105,0.88303575881981,932.546374367621,26.8185236538327,1.5,88.303575881981,82.3471795324374,2.36817153850892,0.132455363822971,NA,NA,NA,NA,NA,NA,NA,NA,NA,NA,NA,NA,NA,NA,NA,NA,NA,NA,NA,36290.1550119945,38,100,2.68185236538327,NA,NA,NA,NA,NA,NA,NA,NA,NA,NA,NA,NA,NA,NA,NA,NA,NA
"348",2022,2,4,2,"c","105-115",105,115,NA,NA,NA,NA,NA,NA,NA,NA,NA,NA,NA,NA,NA,NA,NA,NA,NA,NA,NA,NA,NA,NA,NA,NA,NA,NA,NA,NA,38,110,NA,NA,NA,NA,NA,NA,NA,NA,NA,NA,NA,NA,NA,NA,NA,NA,NA,NA
"349",2022,2,4,4,"c","0-5",0,5,0.0670794776119403,72.9927007299287,438.583975392581,8.45297190066611,3.35397388059702,0.244815611722415,1.47099919791512,0.0283510469682546,1.15130199468682,0.0012225233723548,141.318468019424,1.2225233723548,1,1,0,0,438.583975392581,0,8.45297190066611,NA,NA,NA,NA,141.318468019424,NA,NA,NA,4883.19037977326,40,2.5,43.8583975392581,-1131.79725453295,NA,NA,NA,NA,1,0,1,0,1.47099919791512,0,0.0283510469682546,0,100,0,51.8851808034544,NA
"350",2022,2,4,4,"c","5-15",5,15,0.0581799616349417,107.334525939178,414.184920429779,9.95001421123986,5.81799616349417,0.624471860124604,2.40972627803759,0.057889144507706,1.02915419616742,0.00119820499924382,20.2298753465511,1.19820499924382,1,1,0,0,414.184920429779,0,9.95001421123986,NA,NA,NA,NA,20.2298753465511,NA,NA,NA,21132.7817705703,40,10,41.4184920429779,-230.846699798515,NA,NA,NA,NA,1,0,1,0,2.40972627803759,0,0.057889144507706,0,100,0,41.6265657150421,NA
"351",2022,2,4,4,"c","15-25",15,25,0.18016667159872,240.707266488882,383.411907890401,16.7317931525774,18.016667159872,4.33674270329279,6.90780472959285,0.301451148217811,0.930958418492571,0.00107281764188353,-77.1143966681309,1.07281764188352,1,1,0,0,383.411907890401,0,16.7317931525774,NA,NA,NA,NA,-77.1143966681309,NA,NA,NA,11834.3250192571,40,20,38.3411907890401,574.686169783516,NA,NA,NA,NA,1,0,1,0,6.90780472959285,0,0.301451148217811,0,100,0,22.9151713981917,NA
"352",2022,2,4,4,"c","25-35",25,35,0.536864418869929,809.045226130654,103.822486222372,3.86170648777685,53.6864418869929,43.4347595166124,5.57385987314051,0.207321280940655,0.513424570088255,0.000929449753141155,-491.027596164237,0.929449753141155,8.075,1.795,6.146,29.326823480127,200.200576385057,1.34588891640494,7.8,0.490454432121923,0.00109343471723767,0.466435090338001,0.00103001182940288,-513.798548351338,1.09343471723767,-537.609606174719,1.03001182940288,23095.6296613963,40,30,10.3822486222372,5355.21675386295,5722.89319719051,6126.25828315447,367.676443327563,771.041529291521,0.665971538180584,0.334028461819416,0.628613334632688,0.371386665367312,3.71203203331842,1.86182783982209,0.130324921752425,0.0769963591882295,22.2291021671827,76.1114551083591,25.6667405621868,21.7899286654824
"353",2022,2,4,4,"c","35-45",35,45,0.570303187276776,765.478424015008,124.03903082548,4.87347301554769,57.0303187276776,43.6554785007362,7.07398546264935,0.277935719387421,0.630247853890326,0.000871863621260348,-375.217346626497,0.871863621260348,8.08,1.518,6.378,33.5590895029438,213.023912492939,1.59282184506459,8.5,0.504180850524243,0.00109733721640662,0.494870456402423,0.00105993366504178,-500.191158722355,1.09733721640662,-509.420817669192,1.05993366504177,22361.9403952942,40,40,12.403903082548,3708.37113463254,5501.16102703876,5650.8881946238,1792.78989240622,1942.51705999125,0.601719721739512,0.398280278260488,0.559491374617836,0.440508625382164,4.25655656417472,2.81742889847463,0.155502637695465,0.122433081691956,18.7871287128713,78.9356435643564,25.0616367638752,21.0689535725089
"354",2022,2,4,4,"c","45-55",45,55,0.575654557857618,759.846061893933,125.594761374565,4.98882810776498,57.5654557857618,43.7408848799404,7.22991968283083,0.287184163860311,0.599303555291916,0.000847230605931246,-405.893311432656,0.847230605931247,8.03,4.282,3.495,48.8282844173237,246.661629492068,2.3072510317276,12.5,0.691264940428555,0.00124392409962903,0.621924416410858,0.00120855102304282,-314.72937035945,1.24392409962902,-383.468607335296,1.20855102304282,22558.4062213822,40,50,12.5594761374565,4112.79188531462,2966.04156163481,3815.16659666023,-1146.75032367982,-297.625288654389,0.86090111277443,0.13909888722557,0.869069752776137,0.130930247223863,6.22424590021882,1.00567378261201,0.249583070287302,0.037601093573009,53.3250311332503,43.5242839352428,19.7329303593654,21.1629700218457
"355",2022,2,4,4,"c","55-65",55,65,1.24434258379601,832.271762208071,91.4970931753382,3.96739795633782,124.434258379601,103.563119500645,11.3853729331625,0.493680222393641,0.46678429472507,0.000952731008053398,-537.491998787567,0.952260406279979,8.091,2.968,4.942,45.8133230262241,336.442751312073,2.38510917624966,17.5,0.54483882936946,0.00111318906437543,0.456854322289279,0.00101246888583785,-459.885745944006,1.11318906437543,-547.107294498268,1.01246888583784,28160.7395900859,40,60,9.14970931753382,6120.24649425006,4878.1617852376,6292.97756148869,-1242.08470901246,172.731067238627,0.815171669572037,0.184828330427963,0.815036471352824,0.184963528647176,9.28103346262636,2.10433947053614,0.402367386436391,0.0913128359572504,36.6827339018663,61.0802125818811,19.2253000749756,19.2080612000583
"356",2022,2,4,4,"c","65-75",65,75,0.939700268782516,747.272727272727,137.031640318919,6.63339382759066,93.9700268782516,70.2212382672025,12.8768669239398,0.623340196272723,0.451044304595133,0.000828675760002346,-552.866930566347,0.828675760002346,8.061,0.784,6.823,26.8682577093914,350.292708309396,1.55957437715143,20.5,0.461087662711872,0.000993886260798884,0.357104722131981,0.000913794984496297,-542.910663529144,0.993886260798884,-645.991915008325,0.913794984496296,NA,40,70,13.7031640318919,6395.79192397431,6218.8842848733,8271.79057193245,-176.907639101003,1875.99864795814,0.599691058873624,0.400308941126376,0.601655166195573,0.398344833804427,7.72214196059221,5.15472496334759,0.375035849384846,0.248304346887877,9.72584046644337,84.6421039573254,17.0874491858242,17.2279425098445
"357",2022,2,4,4,"c","75-85",75,85,0.815494009509872,926.840447922999,29.4835905538313,1.6188489958959,81.5494009509872,75.5832833052652,2.40436914754913,0.132016165845418,0.372550308544921,0.000756953282958627,-630.680265151181,0.756953282958627,8.05484144336763,0.590942637741722,7.10281268177518,23.9175525398174,381.810849228468,1.4135174693364,17.9830246806827,0.360382698536265,0.000893528731394212,0.322918305272474,0.000861482127330174,-642.742363608947,0.893528731394212,-679.88188401492,0.861482127330174,44542.7314643329,40,80,2.94835905538313,7931.6491956781,8198.38951455422,9080.14904594301,266.740318876115,1148.4998502649,0.570474053562866,0.429525946437134,0.514201129203108,0.485798870796892,1.37163021386385,1.03273893368528,0.0678828615507787,0.0641333042946393,7.3364900091026,88.1806641597352,21.2317369301399,16.9205921105778
"358",2022,2,4,4,"c","85-95",85,95,0.447172052068414,921.290393813227,30.9217067376143,1.71710109909544,44.7172052068414,41.1975315952378,1.38273230553167,0.0767839622091439,0.498921127472803,0.000893292033707892,-505.40527203318,0.893292033707892,NA,NA,NA,NA,NA,NA,NA,NA,NA,NA,NA,NA,NA,NA,NA,48544.1948262382,40,90,3.09217067376143,5585.40319468051,NA,NA,NA,NA,NA,NA,NA,NA,NA,NA,NA,NA,NA,NA,NA,NA
"359",2022,2,4,4,"c","95-105",95,105,0.507105742176231,872.456440258425,62.3137626185185,2.9031463713621,50.7105742176231,44.2427670653681,3.15996668404573,0.147220219529581,0.303580635598385,0.000685701313236853,-699.051866894608,0.685701313236853,NA,NA,NA,NA,NA,NA,NA,NA,NA,NA,NA,NA,NA,NA,NA,49331.7180106643,40,100,6.23137626185185,9576.20370946859,NA,NA,NA,NA,NA,NA,NA,NA,NA,NA,NA,NA,NA,NA,NA,NA
"360",2022,2,4,4,"c","105-115",105,115,0.556586166383187,834.845735027222,86.9535516478913,3.82095942618984,55.6586166383187,46.4663587180155,4.83971439651023,0.21266931589287,0.245429457236562,0.000622265705692701,-756.69878673643,0.622265705692701,NA,NA,NA,NA,NA,NA,NA,NA,NA,NA,NA,NA,NA,NA,NA,48634.9454369751,40,110,8.69535516478913,11284.3223388006,NA,NA,NA,NA,NA,NA,NA,NA,NA,NA,NA,NA,NA,NA,NA,NA
"361",2022,3,5,2,"c","0-5",0,5,0.0707835861617374,92.0353982300878,440.4898503515,9.9739281629425,3.53917930808687,0.325729777027462,1.55897256378631,0.035299520174631,NA,NA,NA,NA,1,1,0,0,440.4898503515,0,9.9739281629425,NA,NA,NA,NA,NA,NA,NA,NA,7189.09920711058,46,2.5,44.04898503515,NA,NA,NA,NA,NA,1,0,1,0,1.55897256378631,0,0.035299520174631,0,100,0,44.1641290327428,NA
"362",2022,3,5,2,"c","5-15",5,15,0.048809237010454,61.9136960600365,421.845362314325,6.09763946389046,4.88092370104541,0.302196026518754,2.05899502709607,0.0297621129797327,NA,NA,NA,NA,1,1,0,0,421.845362314325,0,6.09763946389046,NA,NA,NA,NA,NA,NA,NA,NA,15973.171262519,46,10,42.1845362314325,NA,NA,NA,NA,NA,1,0,1,0,2.05899502709607,0,0.0297621129797327,0,100,0,69.1817489066787,NA
"363",2022,3,5,2,"c","15-25",15,25,0.05554526787944,98.2020892080733,413.505750419722,11.3328036385896,5.554526787944,0.54546613513831,2.29682876767523,0.0629483613930554,NA,NA,NA,NA,1,1,0,0,413.505750419722,0,11.3328036385896,NA,NA,NA,NA,NA,NA,NA,NA,NA,46,20,41.3505750419722,NA,NA,NA,NA,NA,1,0,1,0,2.29682876767523,0,0.0629483613930554,0,100,0,36.4875068523806,NA
"364",2022,3,5,2,"c","25-35",25,35,0.164163806797037,208.24295010846,392.827468205481,17.584685178679,16.4163806797037,3.41859554284502,6.44880525950538,0.288676886025938,NA,NA,NA,NA,1,1,0,0,392.827468205481,0,17.584685178679,NA,NA,NA,NA,NA,NA,NA,NA,11768.1204186208,46,30,39.2827468205481,NA,NA,NA,NA,NA,1,0,1,0,6.44880525950538,0,0.288676886025938,0,100,0,22.3391811803247,NA
"365",2022,3,5,2,"c","35-45",35,45,0.615274441876231,790.032988542882,24.5317471566924,1.58704993601738,61.5274441876231,48.6087106089532,1.50937570400827,0.0976471263612803,NA,NA,NA,NA,8.0712831453267,3.63189353639281,4.2974874269653,43.2263592903252,283.560234507359,2.22718116683901,15.7429872373828,NA,NA,NA,NA,NA,NA,NA,NA,25747.3829878159,46,40,2.45317471566924,NA,NA,NA,NA,NA,0.847185861675966,0.152814138324033,0.85660598869122,0.14339401130878,1.27872175639301,0.230653947615255,0.083645113219561,0.0140020131417193,44.9977218119982,53.2441663808258,18.0118442727328,19.4085510123433
"366",2022,3,5,2,"c","45-55",45,55,1.19442509827551,842.869681777056,84.1124101545216,3.70119623197354,119.442509827551,100.674470249,10.0465973765004,0.442080167311193,NA,NA,NA,NA,8.04955179146933,1.64752916846065,6.23365853253057,43.5987048178239,196.881618739859,2.03608115087983,8.43553054718364,NA,NA,NA,NA,NA,NA,NA,NA,26202.2668354309,46,50,8.41124101545216,NA,NA,NA,NA,NA,0.544107170008789,0.455892829991211,0.522669184015797,0.477330815984203,5.46642566674536,4.58017170975505,0.231061680318108,0.211018486993085,20.467340432627,77.4410637265147,23.3395656193304,21.4130486886459
"367",2022,3,5,2,"c","55-65",55,65,1.20892152557138,828.272907474501,94.134331395232,3.38870383565134,120.892152557138,100.131694689351,11.3801019518965,0.409667701070519,NA,NA,NA,NA,8.09573723441216,0.828508797577112,7.21427681169424,50.6428904520935,301.442025496058,2.00862239089724,8.29758125704067,NA,NA,NA,NA,NA,NA,NA,NA,36920.4601307346,46,60,9.4134331395232,NA,NA,NA,NA,NA,0.406027791844605,0.593972208155395,0.321764463479426,0.678235536520574,4.62063766649502,6.75946428540148,0.131816508039805,0.277851193030714,10.2338894357318,89.11204258247,36.3289031053812,25.212748141014
"368",2022,3,5,2,"c","65-75",65,75,0.967667768798772,913.274336283186,44.6560922284232,2.30784610970922,96.7667768798772,88.374613929233,4.32122611299504,0.223322829571325,NA,NA,NA,NA,8.002,0.136,7.625,20.0660269882264,365.18509765111,1.2,9.9,NA,NA,NA,NA,NA,NA,NA,NA,42884.7612003541,46,70,4.46560922284232,NA,NA,NA,NA,NA,0.245056047941351,0.754943952058649,0.128272550588773,0.871727449411227,1.05894259351153,3.26228351948351,0.0286461889538158,0.194676640617509,1.69957510622344,95.2886778305424,36.8873836011222,16.7216891568553
"369",2022,3,5,2,"c","75-85",75,85,0.453362626437711,909.85324947589,45.5035013563527,2.40832484375245,45.3362626437711,41.2493458855276,2.0629586887028,0.10918444764788,NA,NA,NA,NA,8.08600000000001,0.118,7.882,20.0631767796629,382.5080782206,1.3,9.1,NA,NA,NA,NA,NA,NA,NA,NA,63913.0960881608,46,80,4.55035013563527,NA,NA,NA,NA,NA,0.222044986742693,0.777955013257307,0.0948553054662379,0.905144694533762,0.458069634683737,1.60488905401906,0.0103567241338021,0.0988277235140779,1.45931239178827,97.4771209497896,42.0338547495165,15.433212907433
"370",2022,3,5,2,"c","85-95",85,95,0.420542395898935,792.660550458716,117.042667515747,4.20100436768189,42.0542395898935,33.3347367024477,4.92214038194748,0.176670044196683,NA,NA,NA,NA,NA,NA,NA,NA,NA,NA,NA,NA,NA,NA,NA,NA,NA,NA,NA,72495.0870878268,46,90,11.7042667515747,NA,NA,NA,NA,NA,NA,NA,NA,NA,NA,NA,NA,NA,NA,NA,NA,NA
"371",2022,3,5,2,"c","95-105",95,105,NA,NA,NA,NA,NA,NA,NA,NA,NA,NA,NA,NA,NA,NA,NA,NA,NA,NA,NA,NA,NA,NA,NA,NA,NA,NA,NA,NA,46,100,NA,NA,NA,NA,NA,NA,NA,NA,NA,NA,NA,NA,NA,NA,NA,NA,NA,NA
"372",2022,3,5,2,"c","105-115",105,115,NA,NA,NA,NA,NA,NA,NA,NA,NA,NA,NA,NA,NA,NA,NA,NA,NA,NA,NA,NA,NA,NA,NA,NA,NA,NA,NA,NA,46,110,NA,NA,NA,NA,NA,NA,NA,NA,NA,NA,NA,NA,NA,NA,NA,NA,NA,NA
"373",2022,3,5,4,"c","0-5",0,5,0.0461405779611751,51.5267175572505,466.245413323482,10.3321223601055,2.30702889805876,0.118873626426688,1.07564164212462,0.0238365048630425,NA,NA,NA,NA,1,1,0,0,466.245413323482,0,10.3321223601055,NA,NA,NA,NA,NA,NA,NA,NA,6042.5072098263,48,2.5,46.6245413323482,NA,NA,NA,NA,NA,1,0,1,0,1.07564164212462,0,0.0238365048630425,0,100,0,45.1258122071564,NA
"374",2022,3,5,4,"c","5-15",5,15,0.094630023646425,107.212475633528,429.793048761496,10.8660779908274,9.4630023646425,1.01455191043925,4.06713263673695,0.10282572172159,NA,NA,NA,NA,1,1,0,0,429.793048761496,0,10.8660779908274,NA,NA,NA,NA,NA,NA,NA,NA,20334.5333237617,48,10,42.9793048761496,NA,NA,NA,NA,NA,1,0,1,0,4.06713263673695,0,0.10282572172159,0,100,0,39.5536502797335,NA
"375",2022,3,5,4,"c","15-25",15,25,0.142134407534044,199.020419220175,397.378937835663,16.095698367694,14.2134407534044,2.82876493730367,5.64812198957797,0.228775255133886,NA,NA,NA,NA,1,1,0,0,397.378937835663,0,16.095698367694,NA,NA,NA,NA,NA,NA,NA,NA,15131.9194224711,48,20,39.7378937835663,NA,NA,NA,NA,NA,1,0,1,0,5.64812198957797,0,0.228775255133886,0,100,0,24.6885179355281,NA
"376",2022,3,5,4,"c","25-35",25,35,0.34935843372326,531.914893617022,225.620873957969,9.76541225136537,34.935843372326,18.5828954108117,7.88225551412291,0.341162912879894,NA,NA,NA,NA,6.174,4.608,1.826,61.5060059508775,338.614262423707,3.6,19.1,NA,NA,NA,NA,NA,NA,NA,NA,10018.9489291595,48,30,22.5620873957969,NA,NA,NA,NA,NA,0.932854848914794,0.0671451510852065,0.930501636598919,0.0694983634010809,7.35300027673493,0.529255237387985,0.317452648781596,0.0237102640982982,74.6355685131195,29.5756397797214,17.7284954148538,17.0850016530215
"377",2022,3,5,4,"c","35-45",35,45,0.642927386172107,708.260105448153,155.294615824389,6.62151645873323,64.2927386172107,45.5359818325762,9.98431614385759,0.425715426930894,NA,NA,NA,NA,8.314,2.613,5.669,58.5335109283737,283.644737808793,3,14,NA,NA,NA,NA,NA,NA,NA,NA,19942.6997729076,48,40,15.5294615824389,NA,NA,NA,NA,NA,0.690746027600815,0.309253972399185,0.682640094049152,0.317359905950848,6.89662671468032,3.08768942917727,0.29061041907828,0.135105007852614,31.4289150829925,68.1861919653596,20.2603384149138,19.5111703094579
"378",2022,3,5,4,"c","45-55",45,55,1.4416855497351,754.016946888994,147.001626171943,5.1774794841417,144.16855497351,108.705533658524,21.1930120239652,0.746429735633704,NA,NA,NA,NA,8.17426484525757,3.08503325505195,4.97402341213481,56.5870267861709,243.58415956807,2.53727519440321,9.37095349925781,NA,NA,NA,NA,NA,NA,NA,NA,29408.5194021025,48,50,14.7001626171943,NA,NA,NA,NA,NA,0.727508079703024,0.272491920296976,0.696113297795042,0.303886702204958,15.418087480678,5.77492454328717,0.519599664844259,0.226830070789445,37.7408037719965,60.8497951350398,25.9935298566322,22.3022819562466
"379",2022,3,5,4,"c","55-65",55,65,0.80839075032173,739.047619047618,163.911062523805,5.7233270337059,80.839075032173,59.7439259285393,13.2504186819651,0.462668463511416,NA,NA,NA,NA,8.176,4.493,3.555,61.4515042853192,241.630509647797,2.8,8.9,NA,NA,NA,NA,NA,NA,NA,NA,35958.9131240926,48,60,16.3911062523805,NA,NA,NA,NA,NA,0.832482864514286,0.167517135485714,0.800687601743633,0.199312398256367,11.0307465003759,2.21967218158918,0.370452902451367,0.0922155610600487,54.9535225048924,43.4809197651663,27.1494954660446,21.9469658161854
"380",2022,3,5,4,"c","65-75",65,75,1.21854367834161,855.769230769232,86.0373014771221,3.37590123479727,121.854367834161,104.279218627311,10.4840209816519,0.411368310836785,NA,NA,NA,NA,8.31000000000001,0.748,7.381,44.585243605731,287.330817000772,2.3,8.6,NA,NA,NA,NA,NA,NA,NA,NA,46565.1305426681,48,70,8.60373014771221,NA,NA,NA,NA,NA,0.395074692254359,0.604925307745641,0.274799116582867,0.725200883417133,4.14197136291437,6.34204961873753,0.113043648408135,0.29832466242865,9.0012033694344,88.8206979542719,33.4105601163688,19.3848885242309
"381",2022,3,5,4,"c","75-85",75,85,NA,NA,NA,NA,NA,NA,NA,NA,NA,NA,NA,NA,NA,NA,NA,NA,NA,NA,NA,NA,NA,NA,NA,NA,NA,NA,NA,NA,48,80,NA,NA,NA,NA,NA,NA,NA,NA,NA,NA,NA,NA,NA,NA,NA,NA,NA,NA
"382",2022,3,5,4,"c","85-95",85,95,NA,NA,NA,NA,NA,NA,NA,NA,NA,NA,NA,NA,NA,NA,NA,NA,NA,NA,NA,NA,NA,NA,NA,NA,NA,NA,NA,NA,48,90,NA,NA,NA,NA,NA,NA,NA,NA,NA,NA,NA,NA,NA,NA,NA,NA,NA,NA
"383",2022,3,5,4,"c","95-105",95,105,NA,NA,NA,NA,NA,NA,NA,NA,NA,NA,NA,NA,NA,NA,NA,NA,NA,NA,NA,NA,NA,NA,NA,NA,NA,NA,NA,NA,48,100,NA,NA,NA,NA,NA,NA,NA,NA,NA,NA,NA,NA,NA,NA,NA,NA,NA,NA
"384",2022,3,5,4,"c","105-115",105,115,NA,NA,NA,NA,NA,NA,NA,NA,NA,NA,NA,NA,NA,NA,NA,NA,NA,NA,NA,NA,NA,NA,NA,NA,NA,NA,NA,NA,48,110,NA,NA,NA,NA,NA,NA,NA,NA,NA,NA,NA,NA,NA,NA,NA,NA,NA,NA
"385",2022,3,6,2,"c","0-5",0,5,0.0886617858529878,97.5609756097554,435.312509549127,9.99470205452415,4.43308929264939,0.432496516356035,1.92977922503857,0.0443074066611319,1.21044557744662,0.00188370742599151,196.045919976658,1.87757998956869,1,1,0,0,435.312509549127,0,9.99470205452415,NA,NA,NA,NA,196.045919976658,NA,NA,NA,12724.5217909051,54,2.5,43.5312509549127,-1534.21092291393,NA,NA,NA,NA,1,0,1,0,1.92977922503857,0,0.0443074066611319,0,100,0,43.5543257992449,NA
"386",2022,3,6,2,"c","5-15",5,15,0.100130535862446,115.91355599214,425.587980221331,11.7389624431532,10.0130535862446,1.16064864752146,4.26143525161779,0.117542859990206,1.07972305100336,0.00174149858022032,68.5609213233867,1.73857108043173,1,1,0,0,425.587980221331,0,11.7389624431532,NA,NA,NA,NA,68.5609213233867,NA,NA,NA,19102.1999526439,54,10,42.5587980221331,-616.167842902592,NA,NA,NA,NA,1,0,1,0,4.26143525161779,0,0.117542859990206,0,100,0,36.2543097213465,NA
"387",2022,3,6,2,"c","15-25",15,25,0.345950947863894,244.520049207321,390.1784410797,17.3750010287941,34.5950947863894,8.4591942794999,13.4982601527579,0.601089807504746,0.93262919080614,0.00154521327987753,-76.2774642492361,1.54384518110369,1,1,0,0,390.1784410797,0,17.3750010287941,NA,NA,NA,NA,-76.2774642492361,NA,NA,NA,8323.42117655787,54,20,39.01784410797,560.282427749771,NA,NA,NA,NA,1,0,1,0,13.4982601527579,0,0.601089807504746,0,100,0,22.4563118260017,NA
"388",2022,3,6,2,"c","25-35",25,35,0.730439860063352,844.405594405595,88.3535533910887,3.60750190333716,73.0439860063352,61.6787504214335,6.45369571750868,0.263506318545187,0.672168534438311,0.00119242747001099,-333.510340906397,1.19269561284826,8.194,1.812,6.312,33.2614714897861,224.261524418564,1.7,11.8,0.711980351091889,0.0064315559830897,0.594150560892591,0.00587686650274786,-294.193593585172,6.4315559830897,-411.00162158993,5.87686650274786,29716.8921787956,54,30,8.83535533910887,3191.07852062417,2728.84998169227,4182.16072100383,-462.228538931902,991.082200379661,0.659348395354617,0.340651604645383,0.665844544095665,0.334155455904335,4.25523391544631,2.19846180206237,0.175454244538047,0.0880520740071399,22.1137417622651,77.0319746155724,19.0052139337766,19.5655714645801
"389",2022,3,6,2,"c","35-45",35,45,1.3204837865657,883.847549909256,72.6871866829233,2.82252028776991,132.04837865657,116.7106359451,9.59822515058748,0.372709227725294,0.515459120439174,0.00100267874639787,-489.146551528017,1.00241215171412,8.272,1.065,6.989,38.798767702137,166.95334278397,1.7,4.8,0.555451050009274,0.00560501908849078,0.498489217734151,0.00541091188218458,-449.365549280739,5.60501908849078,-505.833436462249,5.41091188218458,25697.9142899618,54,40,7.26871866829233,5323.44724595474,4723.20150879777,5592.3602734077,-600.245737156971,268.913027452952,0.396029468882159,0.603970531117841,0.300824442574426,0.699175557425574,3.80118000859854,5.79704514198894,0.112120045672807,0.260589182052488,12.8747582205029,84.4898452611219,34.7819464133271,22.8228045306688
"390",2022,3,6,2,"c","45-55",45,55,1.03586019532202,876.310272536686,68.2089566594188,2.6813603100125,103.586019532202,90.773493007254,7.06549431679365,0.277751441445825,0.495948774237376,0.00113100362754381,-509.348300282297,1.12871136153127,8.055,1.227,6.712,48.9583390462313,165.118827919375,2.1,4.8,0.507233564348154,0.00547506643247963,0.489080101120075,0.00534908216721226,-497.16491653665,5.47506643247963,-515.160961828271,5.34908216721226,26521.2506364463,54,50,6.82089566594188,5633.40340966975,5452.66948044217,5745.43453250316,-180.733929227577,112.031122833418,0.381395525436234,0.618604474563766,0.294703975021016,0.705296024978984,2.69474791742024,4.37074639937341,0.0818544538619016,0.195896987583923,15.2327746741155,83.3271260086903,34.3997558165365,23.3134947839197
"391",2022,3,6,2,"c","55-65",55,65,0.78882529769874,741.665032542359,150.972243017137,5.8805534055862,78.882529769874,58.5044140087972,11.9090724542239,0.463872929079488,0.625779908308278,0.00125978063015289,-381.074674397173,1.25678729916462,8.0975316907828,3.19973831500432,4.81816309144919,50.0137667915127,237.05189647004,2.5328638402548,10.9139670814651,0.640153169806342,0.00550193220534353,0.587197004116127,0.00559469808830265,-365.397924755704,5.50193220534353,-417.894880529831,5.59469808830265,34245.3751508796,54,60,15.0972243017137,3765.52139727244,3583.10200503629,4276.72826123669,-182.419392236153,511.206863964247,0.758899786082052,0.241100213917948,0.741037700623585,0.258962299376415,9.03779253794618,2.87127991627772,0.343747328746591,0.120125600332897,39.5149835430282,59.5016268591276,21.7200486954573,19.7459358046193
"392",2022,3,6,2,"c","65-75",65,75,0.926048570279812,840.35883899611,89.615247566844,3.57716230211819,92.6048570279812,77.821310137435,8.29880718845472,0.331262603553539,0.442265001156872,0.000827573701864898,-561.570104187756,0.827573701864897,8.05859076364427,1.78473387356691,6.13041932559165,31.7882060693886,251.374679094182,1.84296955607132,8.50015737849985,0.390008773663047,0.00529671798950445,0.35422410987889,0.00502725560439116,-613.373191286507,5.29671798950445,-648.84754800369,5.02725560439116,41099.1031925299,54,70,8.9615247566844,6553.69113034546,7563.7606877534,8336.85214031837,1010.06955740793,1783.16100997291,0.697169513971126,0.302830486028874,0.573149481357744,0.426850518642256,5.78567537411506,2.51313181433966,0.189862989419927,0.141399614133612,22.1469724163014,76.0730939862163,29.5729441116002,17.2483620061266
"393",2022,3,6,2,"c","75-85",75,85,1.10209177382172,905.204460966543,52.7822271277566,2.52470190643285,110.209177382172,99.7618390057954,5.81708583214904,0.278245320243167,0.36005267783496,0.00074626292760248,-643.069522532468,0.74626292760248,8.034,0.488,7.414,27.7268644271605,261.16990446695,1.7,8.3,0.359229268504632,0.0051554550208479,0.306846495050242,0.00478021007588947,-643.88579166062,5.1554550208479,-695.814327375384,4.78021007588947,43500.9331381195,54,80,5.27822271277566,8205.74911005984,8224.1409244897,9490.24783373616,18.3918144298586,1284.49872367632,0.382714919062736,0.617285080937264,0.243205918026684,0.756794081973316,2.22628553343191,3.59080029871713,0.0676709085463681,0.210574411696799,6.07418471496141,92.2827981080408,31.4662535502349,16.3099202512709
"394",2022,3,6,2,"c","85-95",85,95,NA,NA,NA,NA,NA,NA,NA,NA,NA,NA,NA,NA,NA,NA,NA,NA,NA,NA,NA,NA,NA,NA,NA,NA,NA,NA,NA,NA,54,90,NA,NA,NA,NA,NA,NA,NA,NA,NA,NA,NA,NA,NA,NA,NA,NA,NA,NA
"395",2022,3,6,2,"c","95-105",95,105,NA,NA,NA,NA,NA,NA,NA,NA,NA,NA,NA,NA,NA,NA,NA,NA,NA,NA,NA,NA,NA,NA,NA,NA,NA,NA,NA,NA,54,100,NA,NA,NA,NA,NA,NA,NA,NA,NA,NA,NA,NA,NA,NA,NA,NA,NA,NA
"396",2022,3,6,2,"c","105-115",105,115,NA,NA,NA,NA,NA,NA,NA,NA,NA,NA,NA,NA,NA,NA,NA,NA,NA,NA,NA,NA,NA,NA,NA,NA,NA,NA,NA,NA,54,110,NA,NA,NA,NA,NA,NA,NA,NA,NA,NA,NA,NA,NA,NA,NA,NA,NA,NA
"397",2022,3,6,4,"c","0-5",0,5,0.107632575757576,114.754098360659,445.012485848081,11.4149738136466,5.38162878787879,0.617563959264795,2.39489200480554,0.0614311516884029,NA,NA,NA,NA,1,1,0,0,445.012485848081,0,11.4149738136466,NA,NA,NA,NA,NA,NA,NA,NA,12019.0406171892,56,2.5,44.5012485848081,NA,NA,NA,NA,NA,1,0,1,0,2.39489200480554,0,0.0614311516884029,0,100,0,38.9849764978058,NA
"398",2022,3,6,4,"c","5-15",5,15,0.123706887597378,162.962962962958,408.965857480812,11.4504018107299,12.3706887597378,2.01596409417944,5.05918933625444,0.141649356974478,NA,NA,NA,NA,1,1,0,0,408.965857480812,0,11.4504018107299,NA,NA,NA,NA,NA,NA,NA,NA,30936.7289503719,56,10,40.8965857480812,NA,NA,NA,NA,NA,1,0,1,0,5.05918933625444,0,0.141649356974478,0,100,0,35.7162887591927,NA
"399",2022,3,6,4,"c","15-25",15,25,0.0914783464432683,214.556902088993,398.30703833068,18.6179705506485,9.14783464432683,1.96273106210913,3.64364692432061,0.170314116010279,NA,NA,NA,NA,1,1,0,0,398.30703833068,0,18.6179705506485,NA,NA,NA,NA,NA,NA,NA,NA,8177.1961584498,56,20,39.830703833068,NA,NA,NA,NA,NA,1,0,1,0,3.64364692432061,0,0.170314116010279,0,100,0,21.3936872038293,NA
"400",2022,3,6,4,"c","25-35",25,35,0.250296538020504,250,401.26557705109,20.6912307645995,25.0296538020504,6.25741345051261,10.0435384762688,0.517894342776259,NA,NA,NA,NA,1,1,0,0,401.26557705109,0,20.6912307645995,NA,NA,NA,NA,NA,NA,NA,NA,10103.4602692502,56,30,40.126557705109,NA,NA,NA,NA,NA,1,0,1,0,10.0435384762688,0,0.517894342776259,0,100,0,19.3930260416221,NA
"401",2022,3,6,4,"c","35-45",35,45,0.370931847298559,420.732719678449,308.631913661507,14.493637312523,37.0931847298559,15.6063164929274,11.4481405869752,0.537615166240948,NA,NA,NA,NA,8.086,4.645,2.717,47.2971346885511,266.998125059793,3.47047327048448,12.9,NA,NA,NA,NA,NA,NA,NA,NA,16385.6495607184,56,40,30.8631913661507,NA,NA,NA,NA,NA,0.906111542774282,0.0938884572257186,0.864033073549092,0.135966926450908,10.373292329161,1.07484825781423,0.464517284473772,0.0730978817671758,57.4449666089537,33.6012861736334,20.6975290744026,13.6284394093456
"402",2022,3,6,4,"c","45-55",45,55,1.07951284138414,767.939266135995,122.388921114828,4.20183451450763,107.951284138414,82.9000299196921,13.2120411986608,0.45359343157821,NA,NA,NA,NA,8.07830690563284,2.48234917869644,5.35688889022749,44.3298765633499,249.631482149343,2.05793167003191,9.36256507899125,NA,NA,NA,NA,NA,NA,NA,NA,38184.7763522422,56,50,12.2388921114828,NA,NA,NA,NA,NA,0.722951364432363,0.277048635567637,0.678271548592213,0.321728451407787,9.55166321150841,3.66037798715239,0.307659519267808,0.145933912310402,30.728582210284,66.3120249429028,26.662723307472,21.5409856453895
"403",2022,3,6,4,"c","55-65",55,65,1.2387865416607,860.763359667252,68.2422431599792,1.93390124768529,123.87865416607,106.630206551044,8.45375723993192,0.239569083853337,NA,NA,NA,NA,8.08835792341195,0.796998449649432,7.1600564904398,41.3655891745531,253.523533708251,1.82335972310935,6.16970166772899,NA,NA,NA,NA,NA,NA,NA,NA,46360.4811261779,56,60,6.82422431599792,NA,NA,NA,NA,NA,0.405545014420982,0.594454985579018,0.2735966033143,0.7264033966857,3.42837910177967,5.02537813815225,0.0655452876013917,0.174023796251945,9.85364961832983,88.5229926548483,41.0917005978298,22.686466444489
"404",2022,3,6,4,"c","65-75",65,75,1.32584487249402,871.931140532376,66.2446299313385,1.82652393440035,132.584487249402,115.604543184271,8.78301029247291,0.242168739291231,NA,NA,NA,NA,8.1390946577836,0.492507843630868,7.50393067688898,27.2156169032534,308.918855360072,1.894778,7.40788636792262,NA,NA,NA,NA,NA,NA,NA,NA,44264.8419963156,56,70,6.62446299313385,NA,NA,NA,NA,NA,0.426930885939456,0.573069114060544,0.204203185594428,0.795796814405572,3.74973836538082,5.03327192709209,0.0494516280146559,0.192717111276575,6.05113792551696,92.1961347348725,41.7013490781584,14.3634858032199
"405",2022,3,6,4,"c","75-85",75,85,0.837730373674732,822.141560798547,101.486841641152,3.64611106837775,83.7730373674732,68.8732956941294,8.5018609771111,0.305445798777167,0.37819676237806,0.000762777178388624,-625.082774598466,0.762777178388624,8.168,0.881,7.124,30.3096516887937,352.416757106633,2.1,12.8,NA,NA,NA,NA,NA,NA,NA,NA,49947.9068316477,56,80,10.1486841641152,7810.81270977154,NA,NA,NA,NA,0.58981030055811,0.410189699441889,0.429801960575061,0.570198039424939,5.01448517821317,3.48737579889793,0.131281203163842,0.174164595613325,10.7859941234084,87.2184133202743,27.5325591489557,14.4331674708541
"406",2022,3,6,4,"c","85-95",85,95,NA,NA,NA,NA,NA,NA,NA,NA,NA,NA,NA,NA,NA,NA,NA,NA,NA,NA,NA,NA,NA,NA,NA,NA,NA,NA,NA,NA,56,90,NA,NA,NA,NA,NA,NA,NA,NA,NA,NA,NA,NA,NA,NA,NA,NA,NA,NA
"407",2022,3,6,4,"c","95-105",95,105,NA,NA,NA,NA,NA,NA,NA,NA,NA,NA,NA,NA,NA,NA,NA,NA,NA,NA,NA,NA,NA,NA,NA,NA,NA,NA,NA,NA,56,100,NA,NA,NA,NA,NA,NA,NA,NA,NA,NA,NA,NA,NA,NA,NA,NA,NA,NA
"408",2022,3,6,4,"c","105-115",105,115,NA,NA,NA,NA,NA,NA,NA,NA,NA,NA,NA,NA,NA,NA,NA,NA,NA,NA,NA,NA,NA,NA,NA,NA,NA,NA,NA,NA,56,110,NA,NA,NA,NA,NA,NA,NA,NA,NA,NA,NA,NA,NA,NA,NA,NA,NA,NA
"409",2022,1,1,1,"c","0-5",0,5,0.0524047476052161,94.4123314065501,460.936144271196,13.123884937754,2.62023738026081,0.247382719909014,1.20776211513267,0.0343876938881449,1.1306819639787,0.00158140806978536,120.877244112131,1.58140806978536,1,1,0,0,460.936144271196,0,13.123884937754,NA,NA,NA,NA,120.877244112131,NA,NA,NA,4973.50092786333,13,2.5,46.0936144271196,-986.620760693413,NA,NA,NA,NA,1,0,1,0,1.20776211513267,0,0.0343876938881449,0,100,0,35.1219281834149,NA
"410",2022,1,1,1,"c","5-15",5,15,0.0993596911072679,170.068027210887,390.095583052046,13.6857285786851,9.93596911072679,1.68979066508961,3.87597766343608,0.135980976415606,1.03841139926298,0.00135900770724409,29.4068045136364,1.35900770724409,1,1,0,0,390.095583052046,0,13.6857285786851,NA,NA,NA,NA,29.4068045136364,NA,NA,NA,9990.89212688455,13,10,39.0095583052046,-302.780194480819,NA,NA,NA,NA,1,0,1,0,3.87597766343608,0,0.135980976415606,0,100,0,28.5038228552627,NA
"411",2022,1,1,1,"c","15-25",15,25,0.0936486110495054,240.251858206203,368.178676184897,15.2000079362756,9.36486110495054,2.24992528230737,3.44794216427612,0.142345963117367,0.958115550297069,NA,-50.1805828900095,NA,1,1,0,0,368.178676184897,0,15.2000079362756,NA,NA,NA,NA,-50.1805828900095,NA,NA,NA,NA,13,20,36.8178676184897,343.707104306307,NA,NA,NA,NA,1,0,1,0,3.44794216427612,0,0.142345963117367,0,100,0,24.2222686809406,NA
"412",2022,1,1,1,"c","25-35",25,35,0.1882867059984,345.776031434185,339.696218374297,16.186683202612,18.82867059984,6.5105029971942,6.39602819978097,0.304773726125945,0.871734966059488,0.00118847293688853,-135.824292345968,1.18847293688853,3.159,2.855,0.408,38.3816045627913,364.382599963119,2.34902042799456,22.1,0.893958725936445,0.00690053844739945,0.867940432582654,0.00687145415664332,-113.793246023234,6.90053844739944,-139.585921488116,6.87145415664332,8992.23508455487,13,30,33.9696218374297,1102.68861891092,900.464539045847,1137.73140422831,-202.224079865077,35.042785317384,0.985170350727799,0.0148296492722011,0.985037595999384,0.0149624040006156,6.30117734484311,0.0948508549378595,0.300213578506876,0.00456014761906937,90.3767014878126,12.9154795821463,16.4879004508199,16.3394085915034
"413",2022,1,1,1,"c","35-45",35,45,0.270062793638234,461.368653421633,284.120193220213,11.2065009302422,27.0062793638234,12.4598507440156,7.67302931100855,0.302645894813067,0.780238567697318,0.00121626391502008,-226.527278782131,1.21626391502007,3.207,2.606,0.737,44.360346907941,297.572277015528,2.14015964865127,14.6,0.818355913560485,0.00700857221320461,0.827083947984809,0.00719261087808907,-188.740467861725,7.00857221320461,-180.088118674491,7.19261087808907,6972.12860834043,13,40,28.4120193220213,1993.43353347706,1610.27859070388,1525.05766011865,-383.154942773182,-468.375873358411,0.959546011504824,0.0404539884951756,0.960194277987848,0.0398057220121525,7.36262467153787,0.310404639470685,0.290598856456019,0.0120470383570481,81.2597443093234,22.9809791082008,20.3816628092827,20.7275877460342
"414",2022,1,1,1,"c","45-55",45,55,0.532055745330958,690.944881889765,177.062532949023,8.47173189274679,53.2055745330958,36.762119411647,9.42071379383799,0.450743362643944,0.783277964308978,0.00115933680464937,-223.514238328339,1.15933680464936,8.154,2.68,5.484,37.1,287.6,2,12.7,0.780001088106677,0.00667654681369093,0.654152150513453,0.00618117065598879,-226.762699066147,6.67654681369093,-351.520336348659,6.18117065598879,20287.1035350671,13,50,17.7062532949023,1962.20200731589,1995.8788931489,3409.32817348413,33.676885833007,1447.12616616824,0.791160640197474,0.208839359802526,0.756288329926229,0.243711670073771,7.45329795625004,1.96741583758795,0.340891944959321,0.109851417684623,32.8673043904832,67.2553348050037,22.6456692913386,18.55
"415",2022,1,1,1,"c","55-65",55,65,1.26973145627782,892.36111111111,51.1068675146845,1.9444972002179,126.973145627782,113.30589731368,6.48919973152178,0.246898926176081,0.594805508338773,0.001020058274214,-410.352353527025,1.020058274214,8.231,1.36,6.73,32.5603529780343,232.879993454651,1.71280276260921,10.8,0.703105108772952,0.00680392341521289,0.605791756678587,0.00626761767111241,-302.991874152302,6.80392341521289,-399.461372548669,6.26761767111241,26847.8862840837,13,60,5.11068675146845,4173.31061543056,2829.61528304044,4026.29212910235,-1343.69533239012,-147.018486328208,0.591057185649102,0.408942814350898,0.560286435312081,0.439713564687918,3.83548813042817,2.65371160109361,0.138334119229577,0.108564806946504,16.5229012270684,81.7640626898311,21.5629623569121,19.0099839215773
"416",2022,1,1,1,"c","65-75",65,75,0.774917542381691,809.145129224653,105.065342503853,4.008067382846,77.4917542381691,62.7020754968884,8.14169770025762,0.310592172601524,0.607891784240372,0.00104142493913319,-397.379555396718,1.04142493913319,8.062,0.740000000000001,7.23300000000001,41.5052249526111,268.175338851473,1.97074991058523,10,0.592297230007423,0.00597877748817646,0.573464861883046,0.00598894425947665,-412.838881297944,5.97877748817646,-431.50794435532,5.98894425947665,34969.8519022433,13,70,10.5065342503853,3998.49322161059,4207.25717990247,4466.81884539549,208.763958291875,468.325623784901,0.397968410559116,0.602031589440884,0.341731396198663,0.658268603801337,3.24013849302434,4.90155920723328,0.106139096791495,0.204453075810029,9.17886380550733,89.7171917638305,26.8175338851473,21.0606250593642
"417",2022,1,1,1,"c","75-85",75,85,NA,NA,NA,NA,NA,NA,NA,NA,NA,NA,NA,NA,NA,NA,NA,NA,NA,NA,NA,NA,NA,NA,NA,NA,NA,NA,NA,NA,13,80,NA,NA,NA,NA,NA,NA,NA,NA,NA,NA,NA,NA,NA,NA,NA,NA,NA,NA
"418",2022,1,1,1,"c","85-95",85,95,NA,NA,NA,NA,NA,NA,NA,NA,NA,NA,NA,NA,NA,NA,NA,NA,NA,NA,NA,NA,NA,NA,NA,NA,NA,NA,NA,NA,13,90,NA,NA,NA,NA,NA,NA,NA,NA,NA,NA,NA,NA,NA,NA,NA,NA,NA,NA
"419",2022,1,1,1,"c","95-105",95,105,NA,NA,NA,NA,NA,NA,NA,NA,NA,NA,NA,NA,NA,NA,NA,NA,NA,NA,NA,NA,NA,NA,NA,NA,NA,NA,NA,NA,13,100,NA,NA,NA,NA,NA,NA,NA,NA,NA,NA,NA,NA,NA,NA,NA,NA,NA,NA
"420",2022,1,1,1,"c","105-115",105,115,NA,NA,NA,NA,NA,NA,NA,NA,NA,NA,NA,NA,NA,NA,NA,NA,NA,NA,NA,NA,NA,NA,NA,NA,NA,NA,NA,NA,13,110,NA,NA,NA,NA,NA,NA,NA,NA,NA,NA,NA,NA,NA,NA,NA,NA,NA,NA
"421",2022,2,3,1,"c","0-5",0,5,0.0436385144313414,41.5019762845865,477.80933505305,8.55503787873725,2.18192572156707,0.090554229551206,1.04254447815711,0.0186664571965974,NA,NA,NA,NA,1,1,0,0,477.80933505305,0,8.55503787873725,NA,NA,NA,NA,NA,NA,NA,NA,NA,29,2.5,47.780933505305,NA,NA,NA,NA,NA,1,0,1,0,1.04254447815711,0,0.0186664571965974,0,100,0,55.8512237848298,NA
"422",2022,2,3,1,"c","5-15",5,15,0.0744913922726324,85.4166666666675,439.102491790305,9.24436657073813,7.44913922726324,0.636280642328741,3.2709355963842,0.0688625736532864,NA,NA,NA,NA,1,1,0,0,439.102491790305,0,9.24436657073813,NA,NA,NA,NA,NA,NA,NA,NA,7931.3242964101,29,10,43.9102491790305,NA,NA,NA,NA,NA,1,0,1,0,3.2709355963842,0,0.0688625736532864,0,100,0,47.4994677493889,NA
"423",2022,2,3,1,"c","15-25",15,25,0.0756917667817528,88.7891336911004,429.16546240579,9.07758748707823,7.56917667817528,0.672060640010064,3.24842920912021,0.0687098635012882,NA,NA,NA,NA,1,1,0,0,429.16546240579,0,9.07758748707823,NA,NA,NA,NA,NA,NA,NA,NA,NA,29,20,42.916546240579,NA,NA,NA,NA,NA,1,0,1,0,3.24842920912021,0,0.0687098635012882,0,100,0,47.27748016934,NA
"424",2022,2,3,1,"c","25-35",25,35,0.151073146496203,226.141078838174,393.235285185902,17.0652298034997,15.1073146496203,3.41638443321288,5.94072918463659,0.257809796209548,NA,NA,NA,NA,5.811,6.301,0.105,0,365.97142213073,0,20.9,NA,NA,NA,NA,NA,NA,NA,NA,9476.46728126473,29,30,39.3235285185902,NA,NA,NA,NA,NA,1,0,1,0,5.94072918463659,0,0.257809796209548,0,108.432283600069,1.80691791430046,17.510594360322,NA
"425",2022,2,3,1,"c","35-45",35,45,0.210995497444872,272.200772200772,381.375858695966,16.6344030230239,21.0995497444872,5.74331373353803,8.04685890190207,0.350978414054141,NA,NA,NA,NA,3.97,4.591,0.0600000000000001,0,374.490496814006,0,22,NA,NA,NA,NA,NA,NA,NA,NA,7155.11618248228,29,40,38.1375858695966,NA,NA,NA,NA,NA,1,0,1,0,8.04685890190207,0,0.350978414054141,0,115.642317380353,1.51133501259446,17.0222953097275,NA
"426",2022,2,3,1,"c","45-55",45,55,0.3048971503628,428.315412186378,311.072943295057,11.9720845689753,30.48971503628,13.0592148632095,9.48452539656317,0.365025446898302,NA,NA,NA,NA,5.199,4.37,1.05,58.3807994082095,339.604491138756,3.5,16.2,NA,NA,NA,NA,NA,NA,NA,NA,6518.10243047248,29,50,31.1072943295057,NA,NA,NA,NA,NA,0.960333265663968,0.0396667343360316,0.950650606292551,0.0493493937074487,9.10830524735435,0.376220149208816,0.34701166240608,0.0180137844922217,84.0546258895942,20.1961915753029,20.9632401937504,16.6802284023456
"427",2022,2,3,1,"c","55-65",55,65,0.61078245242914,781.588447653429,120.122644286657,4.51489813767718,61.078245242914,47.7380508848046,7.33688032696773,0.275762055699823,NA,NA,NA,NA,10.292,4.819,5.341,33.3158252583162,234.992500279696,2.1,11.2,NA,NA,NA,NA,NA,NA,NA,NA,21941.9410799129,29,60,12.0122644286657,NA,NA,NA,NA,NA,0.864206291550067,0.135793708449933,0.827944634746099,0.172055365253901,6.34057813891542,0.996302188052308,0.228315714483223,0.0474463412165995,46.8227749708511,51.8946754760979,20.9814732392586,15.8646786944363
"428",2022,2,3,1,"c","65-75",65,75,0.415829010599412,445.297504798466,323.914262852679,12.8993689651973,41.5829010599412,18.5167620842733,13.4692947441067,0.536393183415474,NA,NA,NA,NA,5.601,5.089,0.56,48.3950149841223,335.925517032288,3.1,18.3,NA,NA,NA,NA,NA,NA,NA,NA,10482.88222663,29,70,32.3914262852679,NA,NA,NA,NA,NA,0.98439433371209,0.0156056662879104,0.981700253097306,0.018299746902694,13.2590974251967,0.210197318910034,0.526577323918641,0.00981585949683352,90.858775218711,9.9982146045349,18.3565856301797,15.6112951561685
"429",2022,2,3,1,"c","75-85",75,85,0.837677526128483,548.872180451128,256.557472681011,10.1847709717407,83.7677526128483,45.9777890281047,21.4912429025205,0.85315537517929,NA,NA,NA,NA,3.801,2.366,1.315,33.9860450263978,298.905812773252,2.5,16.3,NA,NA,NA,NA,NA,NA,NA,NA,10873.6151464708,29,80,25.6557472681011,NA,NA,NA,NA,NA,0.94056193290264,0.0594380670973605,0.921451832949851,0.078548167050149,20.2138449648748,1.27739793764569,0.786141584249975,0.0670137909293154,62.2467771639042,34.5961589055512,18.3377799247394,13.5944180105591
"430",2022,2,3,1,"c","85-95",85,95,NA,NA,NA,NA,NA,NA,NA,NA,NA,NA,NA,NA,NA,NA,NA,NA,NA,NA,NA,NA,NA,NA,NA,NA,NA,NA,NA,NA,29,90,NA,NA,NA,NA,NA,NA,NA,NA,NA,NA,NA,NA,NA,NA,NA,NA,NA,NA
"431",2022,2,3,1,"c","95-105",95,105,NA,NA,NA,NA,NA,NA,NA,NA,NA,NA,NA,NA,NA,NA,NA,NA,NA,NA,NA,NA,NA,NA,NA,NA,NA,NA,NA,NA,29,100,NA,NA,NA,NA,NA,NA,NA,NA,NA,NA,NA,NA,NA,NA,NA,NA,NA,NA
"432",2022,2,3,1,"c","105-115",105,115,NA,NA,NA,NA,NA,NA,NA,NA,NA,NA,NA,NA,NA,NA,NA,NA,NA,NA,NA,NA,NA,NA,NA,NA,NA,NA,NA,NA,29,110,NA,NA,NA,NA,NA,NA,NA,NA,NA,NA,NA,NA,NA,NA,NA,NA,NA,NA
"433",2022,1,2,5,"w","0-5",0,5,0.0329957323229651,37.1024734982346,481.277120746581,12.0549002698738,1.64978661614825,0.0612111642033828,0.794004552466077,0.0198880131242398,NA,NA,NA,NA,1,1,0,0,481.277120746581,0,12.0549002698738,NA,NA,NA,NA,NA,NA,NA,NA,6513.26251509314,25,2.5,48.1277120746581,NA,NA,NA,NA,NA,1,0,1,0,0.794004552466077,0,0.0198880131242398,0,100,0,39.9237745623937,NA
"434",2022,1,2,5,"w","5-15",5,15,0.0565390546429769,107.20887245841,439.045969873408,12.5521887399132,5.65390546429769,0.606148829813798,2.48232440814514,0.0709688885054911,NA,NA,NA,NA,1,1,0,0,439.045969873408,0,12.5521887399132,NA,NA,NA,NA,NA,NA,NA,NA,21973.0418861654,25,10,43.9045969873408,NA,NA,NA,NA,NA,1,0,1,0,2.48232440814514,0,0.0709688885054911,0,100,0,34.9776424630502,NA
"435",2022,1,2,5,"w","15-25",15,25,0.0882502010805234,135.748346707931,438.599830148177,14.5768955025601,8.82502010805234,1.19798188933235,3.870652320446,0.128641395923071,NA,NA,NA,NA,1,1,0,0,438.599830148177,0,14.5768955025601,NA,NA,NA,NA,NA,NA,NA,NA,14645.8891366895,25,20,43.8599830148177,NA,NA,NA,NA,NA,1,0,1,0,3.870652320446,0,0.128641395923071,0,100,0,30.0886996185948,NA
"436",2022,1,2,5,"w","25-35",25,35,0.173366457030781,198.874296435272,411.065884690855,17.6350464926038,17.3366457030781,3.44781321674724,7.12650360350772,0.305732552999583,NA,NA,NA,NA,1,1,0,0,411.065884690855,0,17.6350464926038,NA,NA,NA,NA,NA,NA,NA,NA,9083.32777366618,25,30,41.1065884690855,NA,NA,NA,NA,NA,1,0,1,0,7.12650360350772,0,0.305732552999583,0,100,0,23.309600281647,NA
"437",2022,1,2,5,"w","35-45",35,45,1.1023981183656,893.577981651376,50.6117856598139,2.1587946659824,110.23981183656,98.5078685585411,5.57943372785021,0.23798511777167,NA,NA,NA,NA,10.402,0.721,9.009,26.3772045948965,331.250589647191,1.9,15.1,NA,NA,NA,NA,NA,NA,NA,NA,23367.9133368151,25,40,5.06117856598139,NA,NA,NA,NA,NA,0.501258688131124,0.498741311868876,0.38876668499725,0.61123331500275,2.79673963093674,2.78269409691347,0.0925206853147724,0.145464432456898,6.93135935397039,86.6083445491252,21.9371251421981,13.8827392604718
"438",2022,1,2,5,"w","45-55",45,55,0.661525306771503,613.935969868174,210.180635440853,8.76666580896497,66.1525306771503,40.6134180805105,13.903980933744,0.57993712886388,NA,NA,NA,NA,10.095,2.801,7.128,69.6,386.392344822376,3.9,17.9,NA,NA,NA,NA,NA,NA,NA,NA,10824.0193837646,25,50,21.0180635440853,NA,NA,NA,NA,NA,0.685687555761393,0.314312444238607,0.643312363431537,0.356687636568464,9.53378670181193,4.37019423193207,0.373080725011122,0.206856403852758,27.7464091134225,70.6092124814264,21.5861645152165,17.8461538461538
"439",2022,1,2,5,"w","55-65",55,65,0.911457801162939,826.315789473681,97.8293138261091,2.80782747678579,91.1457801162939,75.31519725399,8.91672912692245,0.255921625803606,NA,NA,NA,NA,10.202,1.033,8.96299999999999,28.7,388.453471515911,1.4,10.2,NA,NA,NA,NA,NA,NA,NA,NA,30478.8009024025,25,60,9.78293138261091,NA,NA,NA,NA,NA,0.609363729344588,0.390636270655412,0.45643020515664,0.54356979484336,5.43353131433698,3.48319781258547,0.116810360169561,0.139111265634045,10.1254655949814,87.855322485787,38.0836736780305,20.5
"440",2022,1,2,5,"w","65-75",65,75,1.19799519386387,888.671875,49.8097136849431,1.77484715341633,119.799519386387,106.462463517199,5.96717976022973,0.212625835963573,NA,NA,NA,NA,10.357,0.616,9.923,34,400.876002232437,1.7,12.1,NA,NA,NA,NA,NA,NA,NA,NA,43361.4072935732,25,70,4.98097136849431,NA,NA,NA,NA,NA,0.422609073551743,0.577390926448257,0.306446241576799,0.693553758423201,2.5217843101874,3.44539545004233,0.0651583882931619,0.147467447670411,5.94766824369991,95.8095973737569,33.1302481183832,20
"441",2022,1,2,5,"w","75-85",75,85,1.75480218518841,888.461538461538,51.7039750514329,1.96359170069884,175.480218518841,155.907424914816,9.07302484031814,0.344571500720414,NA,NA,NA,NA,10.264,0.244,9.676,10.7760269588794,406.329545864612,0.7,10.5,NA,NA,NA,NA,NA,NA,NA,NA,42345.1825573842,25,80,5.17039750514329,NA,NA,NA,NA,NA,0.487403898805056,0.512596101194944,0.274445110977804,0.725554889022196,4.42222768112618,4.65079715919196,0.0945659637550026,0.250005536965411,2.37724084177708,94.2712392829306,38.6980519871059,15.3943242269706
"442",2022,1,2,5,"w","85-95",85,95,NA,NA,NA,NA,NA,NA,NA,NA,NA,NA,NA,NA,NA,NA,NA,NA,NA,NA,NA,NA,NA,NA,NA,NA,NA,NA,NA,NA,25,90,NA,NA,NA,NA,NA,NA,NA,NA,NA,NA,NA,NA,NA,NA,NA,NA,NA,NA
"443",2022,1,2,5,"w","95-105",95,105,NA,NA,NA,NA,NA,NA,NA,NA,NA,NA,NA,NA,NA,NA,NA,NA,NA,NA,NA,NA,NA,NA,NA,NA,NA,NA,NA,NA,25,100,NA,NA,NA,NA,NA,NA,NA,NA,NA,NA,NA,NA,NA,NA,NA,NA,NA,NA
"444",2022,1,2,5,"w","105-115",105,115,NA,NA,NA,NA,NA,NA,NA,NA,NA,NA,NA,NA,NA,NA,NA,NA,NA,NA,NA,NA,NA,NA,NA,NA,NA,NA,NA,NA,25,110,NA,NA,NA,NA,NA,NA,NA,NA,NA,NA,NA,NA,NA,NA,NA,NA,NA,NA
"445",2022,1,1,5,"w","0-5",0,5,0.0950417149278244,52.1042084168333,446.41594011623,7.85252383523529,4.75208574639122,0.247603666144631,2.12140682598817,0.0373158665906189,NA,NA,NA,NA,1,1,0,0,446.41594011623,0,7.85252383523529,NA,NA,NA,NA,NA,NA,NA,NA,5988.60632902018,17,2.5,44.641594011623,NA,NA,NA,NA,NA,1,0,1,0,2.12140682598817,0,0.0373158665906189,0,100,0,56.8499949166794,NA
"446",2022,1,1,5,"w","5-15",5,15,0.0767231569972952,106.235565819864,422.242582807687,9.62120009600893,7.67231569972952,0.815072799509392,3.23957839716976,0.0738168845468485,NA,NA,NA,NA,1,1,0,0,422.242582807687,0,9.62120009600893,NA,NA,NA,NA,NA,NA,NA,NA,21821.827955391,17,10,42.2242582807687,NA,NA,NA,NA,NA,1,0,1,0,3.23957839716976,0,0.0738168845468485,0,100,0,43.8866855063997,NA
"447",2022,1,1,5,"w","15-25",15,25,0.0452992895408456,82.2429906542065,455.133149620042,10.8406098888647,4.52992895408456,0.372554904634996,2.06172083242753,0.0491071926155036,NA,NA,NA,NA,1,1,0,0,455.133149620042,0,10.8406098888647,NA,NA,NA,NA,NA,NA,NA,NA,20999.015601039,17,20,45.5133149620042,NA,NA,NA,NA,NA,1,0,1,0,2.06172083242753,0,0.0491071926155036,0,100,0,41.9840907740391,NA
"448",2022,1,1,5,"w","25-35",25,35,0.0957664552313501,165.966386554623,403.620812880368,14.596714186175,9.57664552313501,1.58940125278923,3.86533345071489,0.139787557563514,NA,NA,NA,NA,1,1,0,0,403.620812880368,0,14.596714186175,NA,NA,NA,NA,NA,NA,NA,NA,16798.1094360569,17,30,40.3620812880368,NA,NA,NA,NA,NA,1,0,1,0,3.86533345071489,0,0.139787557563514,0,100,0,27.6514842814864,NA
"449",2022,1,1,5,"w","35-45",35,45,0.66319197765784,829.076620825148,79.385139579612,3.48572658010865,66.319197765784,54.983696379491,5.26475877144465,0.231170590423676,NA,NA,NA,NA,8.078,0.554,7.425,33.0094999048238,360.666425026491,2.49905647074505,18.9,NA,NA,NA,NA,NA,NA,NA,NA,28705.3651425153,17,40,7.9385139579612,NA,NA,NA,NA,NA,0.449105579646628,0.550894420353372,0.360730585847436,0.639269414152564,2.36443253974932,2.90032623169533,0.0833903025142304,0.147780287909446,6.85813320128745,91.9163159197821,19.0828796310313,13.2087851119997
"450",2022,1,1,5,"w","45-55",45,55,1.22454601824667,878.557874762803,64.2452387493531,1.99043466366006,122.454601824667,107.583454734005,7.86712513018271,0.243737884196508,NA,NA,NA,NA,8.188,0.552,7.568,32.4950190400507,373.357572213342,4.24282039664799,10.6,NA,NA,NA,NA,NA,NA,NA,NA,32574.0332632955,17,50,6.42452387493531,NA,NA,NA,NA,NA,0.455942984229349,0.544057015770651,0.154137689873786,0.845862310126214,3.58696050916121,4.2801646210215,0.0375691944047742,0.206168689791734,6.74157303370786,92.4279433317049,35.2224124729568,7.65882502726798
"451",2022,1,1,5,"w","55-65",55,65,1.09876519358652,874.999999999997,65.9186417710187,2.14819878530613,109.876519358652,96.1419544388206,7.24291091864941,0.236036605419923,NA,NA,NA,NA,8.191,0.834,7.236,38.1641863493467,408.161049988122,2.2,13.9,NA,NA,NA,NA,NA,NA,NA,NA,36695.7120180989,17,60,6.59186417710187,NA,NA,NA,NA,NA,0.552103620484299,0.447896379515701,0.421368285608357,0.578631714391643,3.9988373410316,3.24407357761781,0.0994583397666092,0.136578265653314,10.1819069710658,88.3408619216213,29.3641043156922,17.3473574315212
"452",2022,1,1,5,"w","65-75",65,75,1.16724164592911,952.662721893493,14.9904177193914,1.28667002957336,116.724164592911,111.198760351826,1.74974398519473,0.150185484308686,NA,NA,NA,NA,8.004,0.0310000000000002,7.88,11.6841542646921,463.246258745634,1.1,14,NA,NA,NA,NA,NA,NA,NA,NA,39049.7419141417,17,70,1.49904177193914,NA,NA,NA,NA,NA,0.134928077128267,0.865071922871733,0.0476818281696333,0.952318171830367,0.236089591389076,1.51365439380565,0.00716111845637993,0.143024365852306,0.387306346826589,98.4507746126937,33.089018481831,10.6219584224474
"453",2022,1,1,5,"w","75-85",75,85,NA,NA,NA,NA,NA,NA,NA,NA,NA,NA,NA,NA,NA,NA,NA,NA,NA,NA,NA,NA,NA,NA,NA,NA,NA,NA,NA,NA,17,80,NA,NA,NA,NA,NA,NA,NA,NA,NA,NA,NA,NA,NA,NA,NA,NA,NA,NA
"454",2022,1,1,5,"w","85-95",85,95,NA,NA,NA,NA,NA,NA,NA,NA,NA,NA,NA,NA,NA,NA,NA,NA,NA,NA,NA,NA,NA,NA,NA,NA,NA,NA,NA,NA,17,90,NA,NA,NA,NA,NA,NA,NA,NA,NA,NA,NA,NA,NA,NA,NA,NA,NA,NA
"455",2022,1,1,5,"w","95-105",95,105,NA,NA,NA,NA,NA,NA,NA,NA,NA,NA,NA,NA,NA,NA,NA,NA,NA,NA,NA,NA,NA,NA,NA,NA,NA,NA,NA,NA,17,100,NA,NA,NA,NA,NA,NA,NA,NA,NA,NA,NA,NA,NA,NA,NA,NA,NA,NA
"456",2022,1,1,5,"w","105-115",105,115,NA,NA,NA,NA,NA,NA,NA,NA,NA,NA,NA,NA,NA,NA,NA,NA,NA,NA,NA,NA,NA,NA,NA,NA,NA,NA,NA,NA,17,110,NA,NA,NA,NA,NA,NA,NA,NA,NA,NA,NA,NA,NA,NA,NA,NA,NA,NA
"457",2022,1,2,1,"c","0-5",0,5,0.0540987429034874,68.8172043010753,464.272292964135,9.69802811547784,2.70493714517437,0.186146212141032,1.25582737071397,0.0262325564845014,NA,NA,NA,NA,1,1,0,0,464.272292964135,0,9.69802811547784,NA,NA,NA,NA,NA,NA,NA,NA,4738.44749608059,21,2.5,46.4272292964135,NA,NA,NA,NA,NA,1,0,1,0,1.25582737071397,0,0.0262325564845014,0,100,0,47.8728549181216,NA
"458",2022,1,2,1,"c","5-15",5,15,0.0616766046055855,176.369863013698,418.959184945268,13.1838665884671,6.16766046055855,1.08778943054371,2.58399799957476,0.0813136126749677,NA,NA,NA,NA,1,1,0,0,418.959184945268,0,13.1838665884671,NA,NA,NA,NA,NA,NA,NA,NA,8867.57718118986,21,10,41.8959184945268,NA,NA,NA,NA,NA,1,0,1,0,2.58399799957476,0,0.0813136126749677,0,100,0,31.7781723695355,NA
"459",2022,1,2,1,"c","15-25",15,25,0.0883425125201639,204.802899645899,399.876824270903,14.7076477787817,8.83425125201639,1.80928027261337,3.53261233546757,0.129931055803919,NA,NA,NA,NA,1,1,0,0,399.876824270903,0,14.7076477787817,NA,NA,NA,NA,NA,NA,NA,NA,NA,21,20,39.9876824270903,NA,NA,NA,NA,NA,1,0,1,0,3.53261233546757,0,0.129931055803919,0,100,0,27.1883601161427,NA
"460",2022,1,2,1,"c","25-35",25,35,0.189532063091698,260.038240917781,401.073601327003,17.7872957005807,18.9532063091698,4.9285584283883,7.60163071111241,0.337126285095315,NA,NA,NA,NA,8.286,3.343,4.938,44.6537373718802,354.622308508522,2.18085017726621,20.1,NA,NA,NA,NA,NA,NA,NA,NA,5942.40318655566,21,30,40.1073601327003,NA,NA,NA,NA,NA,0.843172291622819,0.156827708377181,0.861870483904616,0.138129516095384,6.40948438675905,1.19214632435336,0.290559194472065,0.0465670906232502,40.3451605117065,59.5944967414917,17.642900920822,20.4753805820148
"461",2022,1,2,1,"c","35-45",35,45,0.417742703059209,640.860268377978,185.464039615254,8.12969276460011,41.7742703059209,26.7714700795466,7.74762492291565,0.339611983052494,NA,NA,NA,NA,8.286,3.343,4.938,44.6537373718802,354.622308508522,2.18085017726621,20.1,NA,NA,NA,NA,NA,NA,NA,NA,19130.6643029743,21,40,18.5464039615254,NA,NA,NA,NA,NA,0.843172291622819,0.156827708377181,0.861870483904616,0.138129516095384,6.53258266088886,1.21504226202679,0.292701544173259,0.0469104388792347,40.3451605117065,59.5944967414917,17.642900920822,20.4753805820148
"462",2022,1,2,1,"c","45-55",45,55,1.24056162907992,910.091743119267,38.4383147657883,1.42265846877184,124.056162907992,112.902489545622,4.7685098384933,0.176489550764393,NA,NA,NA,NA,8.151,0.423,7.644,33.9575621822434,223.029719706951,1.33231238690565,5,NA,NA,NA,NA,NA,NA,NA,NA,21746.7828281287,21,50,3.84383147657883,NA,NA,NA,NA,NA,0.266566993352686,0.733433006647314,0.171962461585988,0.828037538414012,1.27112733041986,3.49738250807344,0.0303495775936502,0.146139973170743,5.18954729481045,93.7799043062201,44.6059439413902,25.4876878095469
"463",2022,1,2,1,"c","55-65",55,65,0.845077765762217,822.097378277154,99.2140585168193,2.93858434995627,84.5077765762217,69.4736215673433,8.38435949035955,0.248333229696486,NA,NA,NA,NA,8.239,3.168,4.952,45.6,245.861909564277,1.9,9,NA,NA,NA,NA,NA,NA,NA,NA,35313.0999470801,21,60,9.92140585168193,NA,NA,NA,NA,NA,0.775245534699676,0.224754465300324,0.751882871669374,0.248117128330626,6.49993725621809,1.88442223414146,0.186717501875124,0.0616157278213618,38.4512683578104,60.1043815997087,27.3179899515863,24
"464",2022,1,2,1,"c","65-75",65,75,0.7395984833445,774.451097804392,129.13828192517,4.33180670037739,73.95984833445,57.2782857360611,9.55104774535699,0.320379766574066,NA,NA,NA,NA,8.048,4.53,3.466,56.4,263.60555049568,2.5,10.1,NA,NA,NA,NA,NA,NA,NA,NA,31415.106538551,21,70,12.913828192517,NA,NA,NA,NA,NA,0.859326271298667,0.140673728701333,0.840769598294682,0.159230401705318,8.20746624601316,1.34358149934383,0.269365567644221,0.0510141989298446,56.2872763419483,43.0666003976143,26.0995594550178,22.56
"465",2022,1,2,1,"c","75-85",75,85,NA,NA,NA,NA,NA,NA,NA,NA,NA,NA,NA,NA,NA,NA,NA,NA,NA,NA,NA,NA,NA,NA,NA,NA,NA,NA,NA,NA,21,80,NA,NA,NA,NA,NA,NA,NA,NA,NA,NA,NA,NA,NA,NA,NA,NA,NA,NA
"466",2022,1,2,1,"c","85-95",85,95,NA,NA,NA,NA,NA,NA,NA,NA,NA,NA,NA,NA,NA,NA,NA,NA,NA,NA,NA,NA,NA,NA,NA,NA,NA,NA,NA,NA,21,90,NA,NA,NA,NA,NA,NA,NA,NA,NA,NA,NA,NA,NA,NA,NA,NA,NA,NA
"467",2022,1,2,1,"c","95-105",95,105,NA,NA,NA,NA,NA,NA,NA,NA,NA,NA,NA,NA,NA,NA,NA,NA,NA,NA,NA,NA,NA,NA,NA,NA,NA,NA,NA,NA,21,100,NA,NA,NA,NA,NA,NA,NA,NA,NA,NA,NA,NA,NA,NA,NA,NA,NA,NA
"468",2022,1,2,1,"c","105-115",105,115,NA,NA,NA,NA,NA,NA,NA,NA,NA,NA,NA,NA,NA,NA,NA,NA,NA,NA,NA,NA,NA,NA,NA,NA,NA,NA,NA,NA,21,110,NA,NA,NA,NA,NA,NA,NA,NA,NA,NA,NA,NA,NA,NA,NA,NA,NA,NA
"469",2022,1,1,3,"c","0-5",0,5,0.0176060741402412,114.13043478261,426.885803144276,14.0690698328717,0.880303707012059,0.100469444822029,0.375789154978726,0.0123850543280885,1.11428768052755,0.009029115978221,104.625123852559,9.02911597822099,1,1,0,0,426.885803144276,0,14.0690698328717,NA,NA,NA,NA,104.625123852559,NA,NA,NA,4445.43206665065,15,2.5,42.6885803144276,-869.293900241542,NA,NA,NA,NA,1,0,1,0,0.375789154978726,0,0.0123850543280885,0,100,0,30.342148288075,NA
"470",2022,1,1,3,"c","5-15",5,15,0.0244966352624495,61.8955512572534,453.030755358934,10.4874881058418,2.44966352624495,0.151623274351719,1.10977291766998,0.0256908170948083,1.3668138879972,0.0095811769182434,354.961547809171,9.5811769182434,1,1,0,0,453.030755358934,0,10.4874881058418,NA,NA,NA,NA,354.961547809171,NA,NA,NA,NA,15,10,45.3030755358934,-2510.17113659334,NA,NA,NA,NA,1,0,1,0,1.10977291766998,0,0.0256908170948083,0,100,0,43.1972604676027,NA
"471",2022,1,1,3,"c","15-25",15,25,0.0477431345076061,136.363636363635,421.325529150674,16.3674969834454,4.77431345076061,0.651042743285531,2.01154014097289,0.0781435610033469,1.11835842633573,0.00990426996788568,108.660570148081,9.90426996788567,1,1,0,0,421.325529150674,0,16.3674969834454,NA,NA,NA,NA,108.660570148081,NA,NA,NA,16461.8121943016,15,20,42.1325529150674,-898.5867982181,NA,NA,NA,NA,1,0,1,0,2.01154014097289,0,0.0781435610033469,0,100,0,25.7415980938818,NA
"472",2022,1,1,3,"c","25-35",25,35,0.206889414866293,363.315696649029,335.391562171982,16.0965628508692,20.6889414866293,7.51661718914572,6.93889640488533,0.333020846957484,0.932755303222021,0.00903761256028635,-75.3330936424368,9.03761256028635,3.085,3.072,0.307,38.6122825580057,326.640922791217,2.57206051188234,21.3,0.916880324914867,0.00656958968964953,0.841860609159711,0.00630957702220371,-91.070411917727,6.56958968964952,-165.439593463546,6.30957702220372,11095.5426475252,15,30,33.5391562171982,559.196259143182,697.090264029144,1382.8072533344,137.894004885962,823.610994191216,0.988324603113931,0.0116753968860686,0.988076349256063,0.0119236507439364,6.85788203540698,0.0810143694783509,0.329050022687913,0.00397082426957095,99.5786061588331,9.95137763371151,15.3352545911369,15.0121983443335
"473",2022,1,1,3,"c","35-45",35,45,1.00453975277784,929.01878914405,37.6386139897568,2.00208605925932,100.453975277784,93.3236304772733,3.78094839921708,0.201117503500832,0.597226708443216,0.00694814254211405,-407.952148883305,6.94814254211405,8.27099999999999,0.231,7.984,25.6123498805688,296.661205064784,1.6,11.2,0.727233482867335,0.00687486142396575,0.634807730133473,0.00634020119383755,-279.072729493222,6.87486142396575,-370.697011395424,6.34020119383755,23678.003103358,15,40,3.76386139897568,4140.67806253126,2558.57230294505,3650.46119777428,-1582.10575958621,-490.216864756978,0.251004709130048,0.748995290869952,0.168419956254557,0.831580043745443,0.949035853181202,2.83191254603588,0.0338722011416358,0.167245302359196,2.79289082335873,96.530044734615,26.48760759507,16.0077186753555
"474",2022,1,1,3,"c","45-55",45,55,1.47182108221803,925.724637681162,42.1435918373372,2.2105794160693,147.182108221803,136.250103806778,6.20278269465844,0.325357738848801,0.556284355180941,0.00656478571631775,-448.539470123135,6.56478571631775,8.122,0.176,7.858,24.2370639116342,311.063204726215,1.4,8.6,0.576922239163641,0.00537711736166417,0.558986025558431,0.00402017674831989,-428.08054775611,5.37711736166417,-445.861227307122,4.02017674831989,23880.2370058013,15,50,4.21435918373372,4711.15917990122,4418.53388933166,4672.24025769393,-292.625290569556,-38.9189222072955,0.223273587604432,0.776726412395568,0.120944801355195,0.879055198644805,1.38491754536708,4.81786514929136,0.0393503270944438,0.286007411754357,2.16695395222852,96.7495690716572,36.1701400844436,17.3121885083101
"475",2022,1,1,3,"c","55-65",55,65,1.23139345228947,886.214442013128,58.8926075945724,2.79751456160023,123.139345228947,109.127866121933,7.25199713802095,0.344484111383896,0.599209447176337,0.00686515570604554,-405.986603488776,6.86515570604554,8.199,0.56,7.468,40.3898260864838,264.220912109157,2.1,8.9,0.619110629078007,0.00623769453490656,0.575389703465104,0.00613873254660585,-386.257994883379,6.23769453490656,-429.599794056136,6.13873254660585,24674.1981774582,15,60,5.88926075945724,4114.05339936152,3851.59295296401,4439.9011355945,-262.460446397507,325.847736232983,0.329104489956255,0.670895510043745,0.241159734453326,0.758840265546674,2.3866648192726,4.86533231874835,0.0830756968247304,0.261408414559166,6.83010123185754,91.0842785705574,29.6877429336131,19.2332505173732
"476",2022,1,1,3,"c","65-75",65,75,1.03293526304816,867.272727272727,72.235425398761,3.25862595439191,103.293526304816,89.5836582679946,7.46145181356646,0.336594965737535,0.618720757200421,0.00724022769850005,-386.644485983111,7.24022769850004,8.297,0.798,7.406,42.3,334.339049380741,1.9,12.7,0.657053067360375,0.00632164635857083,0.615893335578142,0.006334643917684,-348.64457483095,6.32164635857082,-389.447389590746,6.334643917684,26731.399955373,15,70,7.2235425398761,3856.65315895156,3373.78361839152,3893.44638483748,-482.869540560037,36.7932258859241,0.459943861113781,0.540056138886219,0.418681318681319,0.581318681318681,3.43184895664618,4.02960285692028,0.140926024116484,0.195668941621051,9.61793419308184,89.2611787393033,26.3259094000584,22.2631578947368
"477",2022,1,1,3,"c","75-85",75,85,NA,NA,NA,NA,NA,NA,NA,NA,NA,NA,NA,NA,NA,NA,NA,NA,NA,NA,NA,NA,NA,NA,NA,NA,NA,NA,NA,NA,15,80,NA,NA,NA,NA,NA,NA,NA,NA,NA,NA,NA,NA,NA,NA,NA,NA,NA,NA
"478",2022,1,1,3,"c","85-95",85,95,NA,NA,NA,NA,NA,NA,NA,NA,NA,NA,NA,NA,NA,NA,NA,NA,NA,NA,NA,NA,NA,NA,NA,NA,NA,NA,NA,NA,15,90,NA,NA,NA,NA,NA,NA,NA,NA,NA,NA,NA,NA,NA,NA,NA,NA,NA,NA
"479",2022,1,1,3,"c","95-105",95,105,NA,NA,NA,NA,NA,NA,NA,NA,NA,NA,NA,NA,NA,NA,NA,NA,NA,NA,NA,NA,NA,NA,NA,NA,NA,NA,NA,NA,15,100,NA,NA,NA,NA,NA,NA,NA,NA,NA,NA,NA,NA,NA,NA,NA,NA,NA,NA
"480",2022,1,1,3,"c","105-115",105,115,NA,NA,NA,NA,NA,NA,NA,NA,NA,NA,NA,NA,NA,NA,NA,NA,NA,NA,NA,NA,NA,NA,NA,NA,NA,NA,NA,NA,15,110,NA,NA,NA,NA,NA,NA,NA,NA,NA,NA,NA,NA,NA,NA,NA,NA,NA,NA
"481",2022,2,3,3,"c","0-5",0,5,0.0322339580419581,85.9813084112138,455.203980659294,15.7345292289983,1.6116979020979,0.138575894385986,0.733651300655199,0.0253593077488747,NA,NA,NA,NA,1,1,0,0,455.203980659294,0,15.7345292289983,NA,NA,NA,NA,NA,NA,NA,NA,NA,31,2.5,45.5203980659294,NA,NA,NA,NA,NA,1,0,1,0,0.733651300655199,0,0.0253593077488747,0,100,0,28.9302573997807,NA
"482",2022,2,3,3,"c","5-15",5,15,0.066162023506878,127.134724857685,430.453544002842,12.8917602841304,6.6162023506878,0.841149065457463,2.8479677496935,0.0852944946963672,NA,NA,NA,NA,1,1,0,0,430.453544002842,0,12.8917602841304,NA,NA,NA,NA,NA,NA,NA,NA,16935.7863106943,31,10,43.0453544002842,NA,NA,NA,NA,NA,1,0,1,0,2.8479677496935,0,0.0852944946963672,0,100,0,33.3898191182414,NA
"483",2022,2,3,3,"c","15-25",15,25,0.107705074930396,185.328185328185,395.834868322303,13.2682363634434,10.7705074930396,1.99607860874865,4.2633424152717,0.142905639171888,NA,NA,NA,NA,1,1,0,0,395.834868322303,0,13.2682363634434,NA,NA,NA,NA,NA,NA,NA,NA,40988.0466117995,31,20,39.5834868322303,NA,NA,NA,NA,NA,1,0,1,0,4.2633424152717,0,0.142905639171888,0,100,0,29.8332692815833,NA
"484",2022,2,3,3,"c","25-35",25,35,0.223771029690433,246.575342465756,405.55549512483,19.1531257678372,22.3771029690433,5.51764182798333,9.07515707406965,0.42859146748593,NA,NA,NA,NA,1,1,0,0,405.55549512483,0,19.1531257678372,NA,NA,NA,NA,NA,NA,NA,NA,7640.64192011192,31,30,40.555549512483,NA,NA,NA,NA,NA,1,0,1,0,9.07515707406965,0,0.42859146748593,0,100,0,21.174376445951,NA
"485",2022,2,3,3,"c","35-45",35,45,0.955278623169908,806.324110671936,105.053619270941,4.46433086110408,95.5278623169908,77.0264186271387,10.0355476776161,0.426467983837044,NA,NA,NA,NA,8.155,1.685,6.354,40.4,291.855117339513,1.9,11.6,NA,NA,NA,NA,NA,NA,NA,NA,20732.9942442817,31,40,10.5053619270941,NA,NA,NA,NA,NA,0.657034968509958,0.342965031490042,0.618180438096563,0.381819561903437,6.59370575234268,3.44184192527342,0.263634165082542,0.162833818754502,20.6621704475782,77.9153893316983,25.1599239085787,21.2631578947368
"486",2022,2,3,3,"c","45-55",45,55,1.05206278086667,781.007751937985,124.280495723809,5.24328610399002,105.206278086667,82.16691873823,13.0750883938679,0.551626615944329,NA,NA,NA,NA,8.12100000000001,1.89,6.124,48.5,314.396544738783,2.3,13.2,NA,NA,NA,NA,NA,NA,NA,NA,21222.1370507093,31,50,12.4280495723809,NA,NA,NA,NA,NA,0.666734539488878,0.333265460511122,0.639148212291075,0.360851787708925,8.71761303906189,4.35747535480601,0.352571165432993,0.199055450511336,23.272995936461,75.4094323359191,23.8179200559684,21.0869565217391
"487",2022,2,3,3,"c","55-65",55,65,1.86470331951903,816.764132553607,104.303650439078,4.85354309105618,186.470331951903,152.302278923679,19.4495363211702,0.905041791332113,NA,NA,NA,NA,8.032,1.819,6.115,42.2,365.26929822658,2.1,16.2,NA,NA,NA,NA,NA,NA,NA,NA,24569.9258685102,31,60,10.4303650439078,NA,NA,NA,NA,NA,0.720261034963446,0.279738965036554,0.696485169927179,0.303514830072821,14.0087431602452,5.44079316092501,0.630348185827145,0.274693605504968,22.6469123505976,76.13296812749,22.5474875448506,20.0952380952381
"488",2022,2,3,3,"c","65-75",65,75,0.641043171606424,843.866171003719,84.9054011539408,3.5921158399359,64.1043171606424,54.0954646671593,5.4428027642238,0.230270133081019,NA,NA,NA,NA,8.088,1.128,8.84200000000001,50.648199591633,294.27590223055,3.1,10.8,NA,NA,NA,NA,NA,NA,NA,NA,49161.1127702941,31,70,8.49054011539408,NA,NA,NA,NA,NA,0.425691242510784,0.574308757489216,0.30769386198431,0.69230613801569,2.31695347144356,3.12584929278024,0.0708527065473397,0.159417426533679,13.946587537092,109.322453016815,27.2477687250509,16.3381289005268
"489",2022,2,3,3,"c","75-85",75,85,NA,NA,NA,NA,NA,NA,NA,NA,NA,NA,NA,NA,NA,NA,NA,NA,NA,NA,NA,NA,NA,NA,NA,NA,NA,NA,NA,NA,31,80,NA,NA,NA,NA,NA,NA,NA,NA,NA,NA,NA,NA,NA,NA,NA,NA,NA,NA
"490",2022,2,3,3,"c","85-95",85,95,NA,NA,NA,NA,NA,NA,NA,NA,NA,NA,NA,NA,NA,NA,NA,NA,NA,NA,NA,NA,NA,NA,NA,NA,NA,NA,NA,NA,31,90,NA,NA,NA,NA,NA,NA,NA,NA,NA,NA,NA,NA,NA,NA,NA,NA,NA,NA
"491",2022,2,3,3,"c","95-105",95,105,NA,NA,NA,NA,NA,NA,NA,NA,NA,NA,NA,NA,NA,NA,NA,NA,NA,NA,NA,NA,NA,NA,NA,NA,NA,NA,NA,NA,31,100,NA,NA,NA,NA,NA,NA,NA,NA,NA,NA,NA,NA,NA,NA,NA,NA,NA,NA
"492",2022,2,3,3,"c","105-115",105,115,NA,NA,NA,NA,NA,NA,NA,NA,NA,NA,NA,NA,NA,NA,NA,NA,NA,NA,NA,NA,NA,NA,NA,NA,NA,NA,NA,NA,31,110,NA,NA,NA,NA,NA,NA,NA,NA,NA,NA,NA,NA,NA,NA,NA,NA,NA,NA
"493",2022,2,4,1,"c","0-5",0,5,0.0749901119630035,87.6565295169969,476.471841211253,10.5476927162565,3.74950559815018,0.328668648138396,1.78653383598251,0.0395486328871717,1.12388984804662,0.00996010014101488,114.144026080735,9.96010014101488,1,1,0,0,476.471841211253,0,10.5476927162565,NA,NA,NA,NA,114.144026080735,NA,NA,NA,4948.1849616457,37,2.5,47.6471841211253,-938.220233326784,NA,NA,NA,NA,1,0,1,0,1.78653383598251,0,0.0395486328871717,0,100,0,45.1730870465061,NA
"494",2022,2,4,1,"c","5-15",5,15,0.0879089540332395,68.0628272251304,432.8151,7.24762000000001,8.79089540332395,0.598333194990631,3.8048322730792,0.0637130693430388,1.02698579197947,0.00884545161669039,18.0802744970183,8.84545161669039,1,1,0,0,432.8151,0,7.24762000000001,NA,NA,NA,NA,18.0802744970183,NA,NA,NA,9798.66927222259,37,10,43.28151,-213.903498071169,NA,NA,NA,NA,1,0,1,0,3.8048322730792,0,0.0637130693430388,0,100,0,59.7182385389962,NA
"495",2022,2,4,1,"c","15-25",15,25,0.173745752340679,234.658388167733,387.311537315084,15.8071768565773,17.3745752340679,4.07708981952537,6.72937344410343,0.274642983532818,0.969488850581807,0.00853399326818704,-38.9180816029651,8.53399326818703,1,1,0,0,387.311537315084,0,15.8071768565773,NA,NA,NA,NA,-38.9180816029651,NA,NA,NA,15924.120501127,37,20,38.7311537315084,248.912984362127,NA,NA,NA,NA,1,0,1,0,6.72937344410343,0,0.274642983532818,0,100,0,24.502258741663,NA
"496",2022,2,4,1,"c","25-35",25,35,0.267708421416734,326.732673267325,355.816572091331,17.7492850398735,26.7708421416734,8.74690881856653,9.52550928284839,0.475163307930019,0.825828226976982,0.00889010156310474,-181.332950685142,8.89010156310474,1,1,0,0,355.816572091331,0,17.7492850398735,NA,NA,NA,NA,-181.332950685142,NA,NA,NA,5647.14160855188,37,30,35.5816572091331,1537.26303793518,NA,NA,NA,NA,1,0,1,0,9.52550928284839,0,0.475163307930019,0,100,0,20.046811535901,NA
"497",2022,2,4,1,"c","35-45",35,45,0.300262134082424,460.652591170826,293.323417150853,13.8438804804539,30.0262134082424,13.8316530095551,8.80739152100641,0.41567930970431,0.76366627850242,0.00793603533843525,-242.955861206885,7.93603533843525,5.163,4.335,0.429,26.6541864490745,310.252668205486,1.7090905853117,18.2,0.757329391005329,0.00686377128400179,0.673078922235241,0.00633326739465796,-249.237798321186,6.8637712840018,-332.757688315602,6.33326739465796,6962.86324547335,37,40,29.3323417150853,2165.89275288134,2232.82852767286,3180.20595401512,66.9357747915251,1014.31320113379,0.991569732448532,0.00843026755146845,0.99079243977313,0.00920756022686947,8.73314285405379,0.0742486669526187,0.411851917425144,0.00382739227916596,83.9628123184195,8.30912260313771,17.0468499014003,15.5955375789595
"498",2022,2,4,1,"c","45-55",45,55,0.743175307674547,833.333333333333,91.5519073391225,4.15962749194094,74.3175307674547,61.9312756395455,6.8039116904944,0.309133244113471,0.492667159535699,0.00632057828018419,-511.605008625281,6.32057828018419,8.047,2.719,5.215,41.8416434005203,212.305220816131,1.95190302533561,9.3,0.537335094180237,0.00593301114091708,0.482507764053844,0.00545746306900016,-467.324412419102,5.93301114091708,-521.676306808438,5.45746306900016,25370.3973039345,37,50,9.15519073391225,5686.73313422391,4989.5643417595,5854.11515904602,-697.168792464402,167.382024822112,0.725688779222042,0.274311220777958,0.71298679407741,0.287013205922589,4.93752236860946,1.86638932188494,0.220407920663213,0.0887253234502578,33.7889896855971,64.8067602833354,22.8285183673259,21.4363330849011
"499",2022,2,4,1,"c","55-65",55,65,0.73269670848769,701.550387596899,173.294217573714,6.53402421993262,73.269670848769,51.4023659830511,12.697210281621,0.478745803912348,0.34779179202073,0.00545364360993529,-655.224087953737,5.4536436099353,8.03,1.262,6.63,39.8838479348502,303.753158941099,1.9774895338134,11.4,0.33043630542956,0.00496393982444773,0.307021309393125,0.00445886634484024,-672.429076270772,4.96393982444773,-695.641028936809,4.45886634484024,29432.7520076778,37,60,17.3294217573714,8484.06320854917,8895.27314576891,9485.67263482794,411.209937219741,1001.60942627877,0.591781987357504,0.408218012642496,0.523202869537811,0.476797130462189,7.51398033435381,5.18322994726719,0.250481178386127,0.228264625526221,15.7160647571606,82.5653798256538,26.6450139422017,20.1689299755423
"500",2022,2,4,1,"c","65-75",65,75,0.575009631465655,753.794266441823,142.50765105364,5.87142742637495,57.5009631465655,43.3438963347636,8.19432719133898,0.33761273206172,0.309227614819461,0.00520521663432116,-693.453855509863,5.20521663432116,8.064,1.232,6.704,41.9478363883163,310.722408041809,2.25790811206066,12.8,0.301202749986476,0.00438033330433152,0.293035362832793,0.00438530921428928,-701.409132647846,4.38033330433152,-709.505696222808,4.38530921428928,35213.3008461868,37,70,14.250765105364,9428.1526083604,9639.37228852406,9860.20212539015,211.219680163664,432.049517029749,0.576496522269057,0.423503477730943,0.510233796173092,0.489766203826908,4.72400112814169,3.47032606319729,0.17226142591622,0.165351306145499,15.2777777777778,83.1349206349206,24.2751881282663,18.578185783669
"501",2022,2,4,1,"c","75-85",75,85,0.955823832937373,899.999999999998,43.7088272768192,2.98561085540295,95.5823832937373,86.0241449643634,4.17779388209269,0.285371801147068,0.27879715438811,0.0051679825182344,-723.620437901725,5.1679825182344,8.106,0.149,7.771,17.987106379212,383.063138298434,1.34696802172278,14.7,0.26968756526075,0.00436784394133264,0.223905319614501,0.00391416809653686,-732.651033136604,4.36784394133264,-778.03627758559,3.91416809653686,50010.1160187579,37,80,4.37088272768192,10260.3163909458,10527.1754538816,12021.6415300855,266.859062935766,1761.32513913972,0.289942527698729,0.710057472301271,0.173042440157728,0.826957559842272,1.21132011837824,2.96647376371445,0.0493814328226946,0.235990368324373,1.83814458425857,95.8672588206267,26.0587168910499,13.3537738752004
"502",2022,2,4,1,"c","85-95",85,95,NA,NA,NA,NA,NA,NA,NA,NA,NA,NA,NA,NA,NA,NA,NA,NA,NA,NA,NA,NA,NA,NA,NA,NA,NA,NA,NA,NA,37,90,NA,NA,NA,NA,NA,NA,NA,NA,NA,NA,NA,NA,NA,NA,NA,NA,NA,NA
"503",2022,2,4,1,"c","95-105",95,105,NA,NA,NA,NA,NA,NA,NA,NA,NA,NA,NA,NA,NA,NA,NA,NA,NA,NA,NA,NA,NA,NA,NA,NA,NA,NA,NA,NA,37,100,NA,NA,NA,NA,NA,NA,NA,NA,NA,NA,NA,NA,NA,NA,NA,NA,NA,NA
"504",2022,2,4,1,"c","105-115",105,115,NA,NA,NA,NA,NA,NA,NA,NA,NA,NA,NA,NA,NA,NA,NA,NA,NA,NA,NA,NA,NA,NA,NA,NA,NA,NA,NA,NA,37,110,NA,NA,NA,NA,NA,NA,NA,NA,NA,NA,NA,NA,NA,NA,NA,NA,NA,NA
"505",2022,2,4,5,"w","0-5",0,5,0.0508763189324617,97.9166666666642,447.2941350729,13.0276180832456,2.54381594662308,0.249081978106837,1.13783395362942,0.0331398626266754,NA,NA,NA,NA,1,1,0,0,447.2941350729,0,13.0276180832456,NA,NA,NA,NA,NA,NA,NA,NA,35840.3888229446,41,2.5,44.72941350729,NA,NA,NA,NA,NA,1,0,1,0,1.13783395362942,0,0.0331398626266754,0,100,0,34.3342990418295,NA
"506",2022,2,4,5,"w","5-15",5,15,0.0609342411973991,117.338003502627,440.887511898791,11.7641844640971,6.09342411973991,0.714990220705035,2.68651459909621,0.0716841653625987,NA,NA,NA,NA,1,1,0,0,440.887511898791,0,11.7641844640971,NA,NA,NA,NA,NA,NA,NA,NA,15574.3495338259,41,10,44.0887511898791,NA,NA,NA,NA,NA,1,0,1,0,2.68651459909621,0,0.0716841653625987,0,100,0,37.4770995171257,NA
"507",2022,2,4,5,"w","15-25",15,25,0.148692713266224,168.77402625789,424.248478061985,12.8014015719766,14.8692713266224,2.50954678931506,6.30826573021027,0.190347513334771,NA,NA,NA,NA,1,1,0,0,424.248478061985,0,12.8014015719766,NA,NA,NA,NA,NA,NA,NA,NA,NA,41,20,42.4248478061985,NA,NA,NA,NA,NA,1,0,1,0,6.30826573021027,0,0.190347513334771,0,100,0,33.1407835053548,NA
"508",2022,2,4,5,"w","25-35",25,35,0.205832255986851,202.226345083488,427.751603176701,21.9415874932524,20.5832255986851,4.16247048285097,8.80450774838524,0.451628645366901,NA,NA,NA,NA,1,1,0,0,427.751603176701,0,21.9415874932524,NA,NA,NA,NA,NA,NA,NA,NA,9037.94019705287,41,30,42.7751603176701,NA,NA,NA,NA,NA,1,0,1,0,8.80450774838524,0,0.451628645366901,0,100,0,19.4950161791277,NA
"509",2022,2,4,5,"w","35-45",35,45,1.05618132663613,843.806104129265,75.923768572627,3.03921208968563,105.618132663613,89.1212250482914,8.01892666142519,0.320995905681274,NA,NA,NA,NA,10.12,1.065,8.738,37.7301479430598,60.8429525019469,2.3,9.6,NA,NA,NA,NA,NA,NA,NA,NA,20343.1184099082,41,40,7.5923768572627,NA,NA,NA,NA,NA,0.164259592331494,0.835740407668506,0.337187596878772,0.662812403121228,1.31718562434185,6.70174103708334,0.108235838044594,0.21276006763668,10.5237154150198,86.3438735177866,6.33780755228614,16.4044121491564
"510",2022,2,4,5,"w","45-55",45,55,0.735893249172101,716.417910447762,146.375815716482,5.60705200608434,73.5893249172101,52.720710388449,10.7716974627818,0.412619171903435,NA,NA,NA,NA,10.066,3.561,6.798,44.2610563671466,454.210227751418,3,17.3,NA,NA,NA,NA,NA,NA,NA,NA,19630.2237411013,41,50,14.6375815716482,NA,NA,NA,NA,NA,0.843151713329553,0.156848286670447,0.751290559797462,0.248709440202538,9.08217517121208,1.68952229156972,0.309996888642497,0.102622283260938,35.3765150009934,67.5342737929664,26.2549264596195,14.7536854557155
"511",2022,2,4,5,"w","55-65",55,65,0.753337084047761,686.411149825784,171.592988377817,7.26815223499888,75.3337084047761,51.7098974067627,12.9267361507586,0.547536861112927,NA,NA,NA,NA,10.098,4.00199999999999,5.893,43.4056722244332,392,3.2,15.9,NA,NA,NA,NA,NA,NA,NA,NA,23868.4470262073,41,60,17.1592988377817,NA,NA,NA,NA,NA,0.859808547753335,0.140191452246665,0.771393657851796,0.228606342148204,11.1145182369743,1.81221791378431,0.422366462102592,0.125170399010335,39.6316102198454,58.3580907110319,24.6540880503145,13.5642725701354
"512",2022,2,4,5,"w","65-75",65,75,0.753337084047761,686.411149825784,171.592988377817,7.26815223499888,75.3337084047761,51.7098974067627,12.9267361507586,0.547536861112927,NA,NA,NA,NA,10.098,4.00199999999999,5.893,43.4056722244332,392,3.2,15.9,NA,NA,NA,NA,NA,NA,NA,NA,23868.4470262073,41,70,17.1592988377817,NA,NA,NA,NA,NA,0.859808547753335,0.140191452246665,0.771393657851796,0.228606342148204,11.1145182369743,1.81221791378431,0.422366462102592,0.125170399010335,39.6316102198454,58.3580907110319,24.6540880503145,13.5642725701354
"513",2022,2,4,5,"w","75-85",75,85,NA,NA,NA,NA,NA,NA,NA,NA,NA,NA,NA,NA,NA,NA,NA,NA,NA,NA,NA,NA,NA,NA,NA,NA,NA,NA,NA,NA,41,80,NA,NA,NA,NA,NA,NA,NA,NA,NA,NA,NA,NA,NA,NA,NA,NA,NA,NA
"514",2022,2,4,5,"w","85-95",85,95,NA,NA,NA,NA,NA,NA,NA,NA,NA,NA,NA,NA,NA,NA,NA,NA,NA,NA,NA,NA,NA,NA,NA,NA,NA,NA,NA,NA,41,90,NA,NA,NA,NA,NA,NA,NA,NA,NA,NA,NA,NA,NA,NA,NA,NA,NA,NA
"515",2022,2,4,5,"w","95-105",95,105,NA,NA,NA,NA,NA,NA,NA,NA,NA,NA,NA,NA,NA,NA,NA,NA,NA,NA,NA,NA,NA,NA,NA,NA,NA,NA,NA,NA,41,100,NA,NA,NA,NA,NA,NA,NA,NA,NA,NA,NA,NA,NA,NA,NA,NA,NA,NA
"516",2022,2,4,5,"w","105-115",105,115,NA,NA,NA,NA,NA,NA,NA,NA,NA,NA,NA,NA,NA,NA,NA,NA,NA,NA,NA,NA,NA,NA,NA,NA,NA,NA,NA,NA,41,110,NA,NA,NA,NA,NA,NA,NA,NA,NA,NA,NA,NA,NA,NA,NA,NA,NA,NA
"517",2022,2,3,5,"w","0-5",0,5,0.0406103733359372,72.106261859583,434.610611541843,10.0408156709743,2.03051866679686,0.146413110698826,0.882484959523712,0.0203880636497797,NA,NA,NA,NA,1,1,0,0,434.610611541843,0,10.0408156709743,NA,NA,NA,NA,NA,NA,NA,NA,14554.2103532759,33,2.5,43.4610611541843,NA,NA,NA,NA,NA,1,0,1,0,0.882484959523712,0,0.0203880636497797,0,100,0,43.2843929998837,NA
"518",2022,2,3,5,"w","5-15",5,15,0.102943882920526,145.669291338582,417.618922643378,14.3148925271938,10.2943882920526,1.49957624726751,4.29913134779963,0.147363062033936,NA,NA,NA,NA,1,1,0,0,417.618922643378,0,14.3148925271938,NA,NA,NA,NA,NA,NA,NA,NA,20840.8660180463,33,10,41.7618922643378,NA,NA,NA,NA,NA,1,0,1,0,4.29913134779963,0,0.147363062033936,0,100,0,29.1737378991867,NA
"519",2022,2,3,5,"w","15-25",15,25,0.0698894081781764,112.84046692607,415.176429457832,10.2630787007429,6.98894081781764,0.78863534520121,2.90164349443362,0.071728049648097,NA,NA,NA,NA,1,1,0,0,415.176429457832,0,10.2630787007429,NA,NA,NA,NA,NA,NA,NA,NA,13436.5976835737,33,20,41.5176429457832,NA,NA,NA,NA,NA,1,0,1,0,2.90164349443362,0,0.071728049648097,0,100,0,40.453400150559,NA
"520",2022,2,3,5,"w","25-35",25,35,0.144792797722219,177.332580426734,405.451620270213,16.1806320813761,14.4792797722219,2.56764804472872,5.87064744399307,0.234283898797633,NA,NA,NA,NA,1,1,0,0,405.451620270213,0,16.1806320813761,NA,NA,NA,NA,NA,NA,NA,NA,11529.7724598111,33,30,40.5451620270213,NA,NA,NA,NA,NA,1,0,1,0,5.87064744399307,0,0.234283898797633,0,100,0,25.0578357032719,NA
"521",2022,2,3,5,"w","35-45",35,45,0.66093766450152,777.397260273974,119.097123477745,5.13509761509517,66.093766450152,51.381112959536,7.87157746402297,0.339397942470833,NA,NA,NA,NA,10.34,2.677,8.043,41.2056069151744,362.302713905268,2.5,15.1,NA,NA,NA,NA,NA,NA,NA,NA,20931.2621239702,33,40,11.9097123477745,NA,NA,NA,NA,NA,0.745318968674523,0.254681031325477,0.667810448338185,0.332189551661815,5.86683599732722,2.00474146669575,0.226653492126504,0.112744450344329,25.889748549323,77.7852998065764,23.9935572122694,16.4822427660698
"522",2022,2,3,5,"w","45-55",45,55,0.790408737743896,791.366906474823,113.573473769537,4.85888596527512,79.0408737743896,62.5503317639057,8.97694660433693,0.384050592265464,NA,NA,NA,NA,10.226,2.32,8.054,20.0507125557405,379.751081174462,1.2,15.3,NA,NA,NA,NA,NA,NA,NA,NA,23080.505562044,33,50,11.3573473769537,NA,NA,NA,NA,NA,0.845096649248507,0.154903350751493,0.785991390763671,0.214008609236329,7.58638749580791,1.39055910852902,0.301860459138344,0.0821901331271203,22.6872677488754,78.7600234695873,24.820332102906,16.7089271297837
"523",2022,2,3,5,"w","55-65",55,65,1.0014787683063,815.939278937381,105.642796655575,4.83465551374169,100.14787683063,81.7145864082942,10.5799017875059,0.484180484908731,NA,NA,NA,NA,10.176,3.266,7.264,45.7309603337922,384.370137339895,2.7,15.7,NA,NA,NA,NA,NA,NA,NA,NA,26436.3844011037,33,60,10.5642796655575,NA,NA,NA,NA,NA,0.790752258673009,0.209247741326991,0.72333084117423,0.27666915882577,8.3660812350089,2.213820552497,0.350222677429179,0.133957807479552,32.0951257861635,71.3836477987421,24.4821743528596,16.9373927162193
"524",2022,2,3,5,"w","65-75",65,75,0.871382934423039,754.455445544555,142.528617111626,5.59312269144357,87.1382934423039,65.7419600030056,12.4197004617986,0.487375166345819,NA,NA,NA,NA,7.319,1.905,5.221,38.611996779444,394.680547929564,2.5,14.6,NA,NA,NA,NA,NA,NA,NA,NA,26563.5133065988,33,70,14.2528617111626,NA,NA,NA,NA,NA,0.788566585847919,0.211433414152081,0.680598548898215,0.319401451101785,9.79376079041434,2.62593967138426,0.33170683098399,0.155668335361829,26.028145921574,71.3348818144555,27.032914241751,15.4447987117776
"525",2022,2,3,5,"w","75-85",75,85,0.539015345057598,475.65543071161,293.960056961225,10.9918038579705,53.9015345057598,25.6385576113539,15.8448981536106,0.592475094930938,NA,NA,NA,NA,5.651,3.413,2.991,68.1,496.796522276584,3.8,18.5,NA,NA,NA,NA,NA,NA,NA,NA,13918.5870741927,33,80,29.3960056961225,NA,NA,NA,NA,NA,0.89275413418946,0.10724586581054,0.847451826221407,0.152548173778593,14.1455983324468,1.6992998211638,0.502094101189925,0.0903809937410132,60.3963900194656,52.9286851884622,26.8538660690045,17.9210526315789
"526",2022,2,3,5,"w","85-95",85,95,NA,NA,NA,NA,NA,NA,NA,NA,NA,NA,NA,NA,NA,NA,NA,NA,NA,NA,NA,NA,NA,NA,NA,NA,NA,NA,NA,NA,33,90,NA,NA,NA,NA,NA,NA,NA,NA,NA,NA,NA,NA,NA,NA,NA,NA,NA,NA
"527",2022,2,3,5,"w","95-105",95,105,NA,NA,NA,NA,NA,NA,NA,NA,NA,NA,NA,NA,NA,NA,NA,NA,NA,NA,NA,NA,NA,NA,NA,NA,NA,NA,NA,NA,33,100,NA,NA,NA,NA,NA,NA,NA,NA,NA,NA,NA,NA,NA,NA,NA,NA,NA,NA
"528",2022,2,3,5,"w","105-115",105,115,NA,NA,NA,NA,NA,NA,NA,NA,NA,NA,NA,NA,NA,NA,NA,NA,NA,NA,NA,NA,NA,NA,NA,NA,NA,NA,NA,NA,33,110,NA,NA,NA,NA,NA,NA,NA,NA,NA,NA,NA,NA,NA,NA,NA,NA,NA,NA
"529",2022,2,3,7,"w","0-5",0,5,0.0255836353009936,95.3271028037386,442.781322912472,19.1481495533457,1.27918176504968,0.121940691621559,0.566397794174208,0.0244939637430839,1.0119287527521,0.00958044515553215,3.15380253467224,9.58044515553215,1,1,0,0,442.781322912472,0,19.1481495533457,NA,NA,NA,NA,3.15380253467224,NA,NA,NA,NA,35,2.5,44.2781322912472,-95.2566472212139,NA,NA,NA,NA,1,0,1,0,0.566397794174208,0,0.0244939637430839,0,100,0,23.1239745479796,NA
"530",2022,2,3,7,"w","5-15",5,15,0.0660206230421163,106.060606060608,436.069424351858,12.3087580834725,6.60206230421163,0.700218729234578,2.87895750853266,0.0812631877545541,1.14731063854819,0.0100963702968505,137.361722965147,10.0963702968505,1,1,0,0,436.069424351858,0,12.3087580834725,NA,NA,NA,NA,137.361722965147,NA,NA,NA,17349.5455959,35,10,43.6069424351858,-1103.89990843592,NA,NA,NA,NA,1,0,1,0,2.87895750853266,0,0.0812631877545541,0,100,0,35.4275729033449,NA
"531",2022,2,3,7,"w","15-25",15,25,0.068604679208876,188.644688644691,410.406649782053,15.7746445464418,6.8604679208876,1.29419083489274,2.81558165534873,0.108221442874269,1.03875721805055,0.00909397175687953,29.7496245301605,9.09397175687953,1,1,0,0,410.406649782053,0,15.7746445464418,NA,NA,NA,NA,29.7496245301605,NA,NA,NA,9147.23939104766,35,20,41.0406649782053,-305.454953114337,NA,NA,NA,NA,1,0,1,0,2.81558165534873,0,0.108221442874269,0,100,0,26.0168556301718,NA
"532",2022,2,3,7,"w","25-35",25,35,0.184358404449225,226.937269372693,426.496905048454,20.2209883251568,18.4358404449225,4.18377928916136,7.86282889172657,0.372790914401232,0.964118158946694,0.00875163236394877,-44.2422012322885,8.75163236394877,1,1,0,0,426.496905048454,0,20.2209883251568,NA,NA,NA,NA,-44.2422012322885,NA,NA,NA,8102.35915135547,35,30,42.6496905048454,293.537229763125,NA,NA,NA,NA,1,0,1,0,7.86282889172657,0,0.372790914401232,0,100,0,21.0917932491881,NA
"533",2022,2,3,7,"w","35-45",35,45,0.47635863507997,634.48275862069,108.518617741022,2.72212703711022,47.635863507997,30.2241340878327,5.16937806278785,0.129670871991211,0.756898001467528,0.00817582330322009,-249.665447060331,8.17582330322008,10.21,6.336,3.939,61.4946170990651,354.9,4.4,16.8,0.827705569487347,0.00693332388131483,0.793603978322592,0.00713307048060048,-179.471887568979,6.93332388131483,-213.277766447674,7.13307048060047,20733.1272764915,35,40,10.8518617741022,2237.40558428686,1519.02246867944,1856.99431356448,-718.383115607417,-380.411270722384,0.902754083007519,0.0972459169924809,0.859976538338488,0.140023461661512,4.66667715279123,0.502700909996619,0.111513907618335,0.0181569643728762,62.0568070519099,38.5798237022527,21.125,13.9760493406966
"534",2022,2,3,7,"w","45-55",45,55,0.682837538821817,681.159420289855,202.529684367521,7.60062990857751,68.2837538821817,46.512122209602,13.8294871211878,0.518999542026856,0.580256595608414,0.00685505359671905,-424.775105216323,6.85505359671905,5.014,3.455,1.404,50.2,290.3,2.6,11.8,0.633836860111515,0.00631532971547222,0.571998478068147,0.00608154877885642,-371.659462508356,6.31532971547222,-432.961612408422,6.08154877885642,10288.5201828501,35,50,20.2529684367521,4372.24033703713,3662.75621005568,4487.38601190197,-709.484126981446,115.145674864838,0.93434285329418,0.0656571467058195,0.917819691396102,0.0821803086038983,12.9214824564057,0.908004664782069,0.476347999497807,0.0426515425290489,68.9070602313522,28.001595532509,24.6016949152542,19.3076923076923
"535",2022,2,3,7,"w","55-65",55,65,0.467941182211329,568.273092369477,241.152207803401,10.3442986915475,46.7941182211329,26.5918382662261,11.2845049212396,0.484052335886985,0.55358658845471,0.00665103681540971,-451.213843138438,6.65103681540971,7.312,4.78,3.88,57.2098209577827,368.062628404003,4.2,18.7,0.582943223314587,0.00652591000333091,0.552768534015309,0.00618572829134082,-422.111774628954,6.52591000333091,-452.024803810652,6.18572829134082,12535.5144048861,35,60,24.1152207803401,4750.21093256898,4335.13283686449,4762.09035966404,-415.07809570449,11.8794270950602,0.887966185674574,0.112033814325427,0.845801555610227,0.154198444389773,10.0202587921391,1.26424612910052,0.409412218689976,0.074640117197009,65.3719912472648,53.0634573304158,19.6824934975403,13.6213859423292
"536",2022,2,3,7,"w","65-75",65,75,NA,NA,NA,NA,NA,NA,NA,NA,NA,NA,NA,NA,NA,NA,NA,NA,NA,NA,NA,NA,NA,NA,NA,NA,NA,NA,NA,NA,35,70,NA,NA,NA,NA,NA,NA,NA,NA,NA,NA,NA,NA,NA,NA,NA,NA,NA,NA
"537",2022,2,3,7,"w","75-85",75,85,NA,NA,NA,NA,NA,NA,NA,NA,NA,NA,NA,NA,NA,NA,NA,NA,NA,NA,NA,NA,NA,NA,NA,NA,NA,NA,NA,NA,35,80,NA,NA,NA,NA,NA,NA,NA,NA,NA,NA,NA,NA,NA,NA,NA,NA,NA,NA
"538",2022,2,3,7,"w","85-95",85,95,NA,NA,NA,NA,NA,NA,NA,NA,NA,NA,NA,NA,NA,NA,NA,NA,NA,NA,NA,NA,NA,NA,NA,NA,NA,NA,NA,NA,35,90,NA,NA,NA,NA,NA,NA,NA,NA,NA,NA,NA,NA,NA,NA,NA,NA,NA,NA
"539",2022,2,3,7,"w","95-105",95,105,NA,NA,NA,NA,NA,NA,NA,NA,NA,NA,NA,NA,NA,NA,NA,NA,NA,NA,NA,NA,NA,NA,NA,NA,NA,NA,NA,NA,35,100,NA,NA,NA,NA,NA,NA,NA,NA,NA,NA,NA,NA,NA,NA,NA,NA,NA,NA
"540",2022,2,3,7,"w","105-115",105,115,NA,NA,NA,NA,NA,NA,NA,NA,NA,NA,NA,NA,NA,NA,NA,NA,NA,NA,NA,NA,NA,NA,NA,NA,NA,NA,NA,NA,35,110,NA,NA,NA,NA,NA,NA,NA,NA,NA,NA,NA,NA,NA,NA,NA,NA,NA,NA
"541",2022,2,4,3,"c","0-5",0,5,0.0737748579545454,119.999999999999,449.847831926122,12.183105449028,3.68874289772727,0.442649147727267,1.65937299507549,0.0449403436973646,NA,NA,NA,NA,1,1,0,0,449.847831926122,0,12.183105449028,NA,NA,NA,NA,NA,NA,NA,NA,5849.40193965318,39,2.5,44.9847831926122,NA,NA,NA,NA,NA,1,0,1,0,1.65937299507549,0,0.0449403436973646,0,100,0,36.9239053054418,NA
"542",2022,2,4,3,"c","5-15",5,15,0.0506358327347678,77.6892430278879,437.718109945812,9.87424072870461,5.06358327347678,0.393385951525086,2.21642210001949,0.0499990401921519,NA,NA,NA,NA,1,1,0,0,437.718109945812,0,9.87424072870461,NA,NA,NA,NA,NA,NA,NA,NA,9566.24303207532,39,10,43.7718109945812,NA,NA,NA,NA,NA,1,0,1,0,2.21642210001949,0,0.0499990401921519,0,100,0,44.3292929524553,NA
"543",2022,2,4,3,"c","15-25",15,25,0.171832395072738,186.138613861385,400.55573998377,13.925025173416,17.1832395072738,3.19846438353214,6.88284521615442,0.239277042699624,NA,NA,NA,NA,1,1,0,0,400.55573998377,0,13.925025173416,NA,NA,NA,NA,NA,NA,NA,NA,24334.6398227121,39,20,40.055573998377,NA,NA,NA,NA,NA,1,0,1,0,6.88284521615442,0,0.239277042699624,0,100,0,28.7651716959524,NA
"544",2022,2,4,3,"c","25-35",25,35,0.233355260592929,208.494208494206,427.393393869981,20.7236933180935,23.3355260592929,4.8653220355282,9.9734496802226,0.483598285469166,NA,NA,NA,NA,1,1,0,0,427.393393869981,0,20.7236933180935,NA,NA,NA,NA,NA,NA,NA,NA,7786.53127547248,39,30,42.7393393869981,NA,NA,NA,NA,NA,1,0,1,0,9.9734496802226,0,0.483598285469166,0,100,0,20.6234181962552,NA
"545",2022,2,4,3,"c","35-45",35,45,0.374509917537048,740.875912408756,138.620010344626,6.90406847067554,37.4509917537048,27.7465376861389,5.19145686431508,0.258564211362283,NA,NA,NA,NA,10.085,2.984,6.90799999999999,26.5919051887712,161,1.5,6,NA,NA,NA,NA,NA,NA,NA,NA,20457.700715116,39,40,13.8620010344626,NA,NA,NA,NA,NA,0.723398425968401,0.276601574031599,0.633411165357674,0.366588834642326,3.75549172412838,1.4359651401867,0.163777458438772,0.0947867529235114,29.5884977689638,68.4977689638075,26.8333333333333,17.7279367925141
"546",2022,2,4,3,"c","45-55",45,55,0.626347693657353,745.13618677043,138.449221250098,6.33111778547925,62.6347693657353,46.6714332044294,8.67173504186558,0.396548102320798,NA,NA,NA,NA,5.473,1.879,3.471,45.3702399344609,280.9,2.7,12.5,NA,NA,NA,NA,NA,NA,NA,NA,19600.8153082213,39,50,13.8449221250098,NA,NA,NA,NA,NA,0.770199730908266,0.229800269091734,0.714792204314165,0.285207795685835,6.67896799575265,1.99276704611293,0.283449492174482,0.113098610146316,34.3321761374018,63.4204275534442,22.472,16.8037925683189
"547",2022,2,4,3,"c","55-65",55,65,0.498834499535132,635.160680529301,229.438214694693,10.2975695256816,49.8834499535132,31.6840060196228,11.4451697001461,0.51367829407716,NA,NA,NA,NA,5.53200000000001,5.203,0.268,28.7786550820781,366.97508462905,2.1,20.7,NA,NA,NA,NA,NA,NA,NA,NA,10966.3556796996,39,60,22.9438214694693,NA,NA,NA,NA,NA,0.995976869359188,0.00402313064081224,0.994801639312464,0.00519836068753585,11.3991242872361,0.0460454129099536,0.511008009027189,0.00267028504997119,94.052783803326,4.84454085321763,17.7282649579251,13.7041214676562
"548",2022,2,4,3,"c","65-75",65,75,NA,NA,NA,NA,NA,NA,NA,NA,NA,NA,NA,NA,NA,NA,NA,NA,NA,NA,NA,NA,NA,NA,NA,NA,NA,NA,NA,NA,39,70,NA,NA,NA,NA,NA,NA,NA,NA,NA,NA,NA,NA,NA,NA,NA,NA,NA,NA
"549",2022,2,4,3,"c","75-85",75,85,NA,NA,NA,NA,NA,NA,NA,NA,NA,NA,NA,NA,NA,NA,NA,NA,NA,NA,NA,NA,NA,NA,NA,NA,NA,NA,NA,NA,39,80,NA,NA,NA,NA,NA,NA,NA,NA,NA,NA,NA,NA,NA,NA,NA,NA,NA,NA
"550",2022,2,4,3,"c","85-95",85,95,NA,NA,NA,NA,NA,NA,NA,NA,NA,NA,NA,NA,NA,NA,NA,NA,NA,NA,NA,NA,NA,NA,NA,NA,NA,NA,NA,NA,39,90,NA,NA,NA,NA,NA,NA,NA,NA,NA,NA,NA,NA,NA,NA,NA,NA,NA,NA
"551",2022,2,4,3,"c","95-105",95,105,NA,NA,NA,NA,NA,NA,NA,NA,NA,NA,NA,NA,NA,NA,NA,NA,NA,NA,NA,NA,NA,NA,NA,NA,NA,NA,NA,NA,39,100,NA,NA,NA,NA,NA,NA,NA,NA,NA,NA,NA,NA,NA,NA,NA,NA,NA,NA
"552",2022,2,4,3,"c","105-115",105,115,NA,NA,NA,NA,NA,NA,NA,NA,NA,NA,NA,NA,NA,NA,NA,NA,NA,NA,NA,NA,NA,NA,NA,NA,NA,NA,NA,NA,39,110,NA,NA,NA,NA,NA,NA,NA,NA,NA,NA,NA,NA,NA,NA,NA,NA,NA,NA
"553",2022,3,5,5,"w","0-5",0,5,0.0569091588050314,126.334519572953,426.011572975219,12.8282606755094,2.84545794025157,0.359479561846727,1.2121980129614,0.0365022761987452,1.09837760187435,0.00938026579976012,88.8530096042197,9.38026579976012,1,1,0,0,426.011572975219,0,12.8282606755094,NA,NA,NA,NA,88.8530096042197,NA,NA,NA,8119.22197807423,49,2.5,42.6011572975219,-753.769997427577,NA,NA,NA,NA,1,0,1,0,1.2121980129614,0,0.0365022761987452,0,100,0,33.2088335083901,NA
"554",2022,3,5,5,"w","5-15",5,15,0.105459079923327,214.141414141414,10.2927846294374,1.0738250766122,10.5459079923327,2.25831565088336,0.108546759686943,0.0113244604578119,1.05075816786141,0.00838781964551833,41.6465079856918,8.38781964551833,1,1,0,0,10.2927846294374,0,1.0738250766122,NA,NA,NA,NA,41.6465079856918,NA,NA,NA,42325.277612992,49,10,1.02927846294374,-397.729640840614,NA,NA,NA,NA,1,0,1,0,0.108546759686943,0,0.0113244604578119,0,100,0,9.58515949535282,NA
"555",2022,3,5,5,"w","15-25",15,25,0.229265067714866,493.457943925236,262.7566863688,11.2989438622361,22.9265067714866,11.3132668928458,6.02409294928766,0.259045312968202,0.8894393532413,0.00863815002309697,-118.273428933224,8.63815002309697,1,1,0,0,262.7566863688,0,11.2989438622361,NA,NA,NA,NA,-118.273428933224,NA,NA,NA,8683.72390395184,49,20,26.27566863688,941.178049952248,NA,NA,NA,NA,1,0,1,0,6.02409294928766,0,0.259045312968202,0,100,0,23.2549775954723,NA
"556",2022,3,5,5,"w","25-35",25,35,1.11723417976547,866.29001883239,76.9160409945997,3.10468390816834,111.723417976547,96.784881862922,8.5933229971409,0.346865897957351,0.549426613447753,0.0065457445091187,-455.337744880857,6.5457445091187,8.04,0.956,6.926,40.1002000079671,157.227853536966,1.5,4.7,0.61296107779842,0.00587768729418801,0.475617197121729,0.00536406747944362,-392.354220268043,5.87768729418801,-528.50712212105,5.36406747944362,24728.8577866619,49,30,7.69160409945997,4810.80356666526,3931.78269415756,5969.6593327624,-879.020872507698,1158.85576609714,0.351155240032133,0.648844759967867,0.30191772721775,0.69808227278225,3.01759039973466,5.57573259740624,0.104724963560627,0.242140934396724,11.8905472636816,86.1442786069652,33.4527347950991,26.7334666719781
"557",2022,3,5,5,"w","35-45",35,45,1.37355481062969,891.544117647061,59.8947036680756,2.34018228637263,137.355481062969,122.458471168273,8.22686583545252,0.321436863719753,0.451109547876024,0.00599543892843094,-552.802253043213,5.99543892843094,8.382,1.087,7.069,50.6693036364071,137.552152184314,1.8,3.5,0.465704886476326,0.00546222457095383,0.462881083378661,0.00552018545504214,-538.333478066364,5.46222457095383,-541.132794527457,5.52018545504214,28801.5723737439,49,40,5.98947036680756,6394.63003950222,6138.84379384297,6187.70018612669,-255.786245659251,-206.929853375525,0.294502743956113,0.705497256043888,0.230175391894099,0.769824608105901,2.42283456269956,5.80403127275296,0.0739868560759044,0.247450007643849,12.9682653304701,84.3354807921737,39.300614909804,28.1496131313373
"558",2022,3,5,5,"w","45-55",45,55,0.931556751679335,801.754385964914,102.579758886575,3.57276037850044,93.1556751679335,74.6879711434135,9.55588669764272,0.33282290527245,0.52375565686587,0.00664837685721506,-480.786095508094,6.64837685721506,8.251,1.924,6.16,43.5160663401157,191.054690969717,1.8,4.6,0.508794108690009,0.00545009479103241,0.441298608053131,0.00505698297521502,-495.617904470535,5.45009479103241,-562.528117204111,5.05698297521502,40853.2263244186,49,50,10.2579758886575,5195.18214707895,5427.99325775956,6571.263241322,232.811110680607,1376.08109424305,0.578290363834467,0.421709636165533,0.443887172491273,0.556112827508727,5.52607719514075,4.02980950250197,0.147735818361719,0.185087086910731,23.3183856502242,74.6576172585141,41.5336284716776,24.1755924111754
"559",2022,3,5,5,"w","55-65",55,65,1.27861219152581,862.197392923648,79.8991415037167,3.16322273913725,127.861219152581,110.241609809395,10.2160016419098,0.404453515877255,0.393156436199451,0.00570316791527835,-610.252823737011,5.70316791527835,8.80199999999999,0.549,8.044,19.1325023092052,297.036037370261,1.1,7.69999999999999,0.356843722897794,0.0050756050763057,0.32000091117494,0.00480089565959489,-646.250650985065,5.0756050763057,-682.773979900598,4.80089565959489,43111.7723518736,49,60,7.98991415037167,7499.18859239788,8277.66384459302,9153.05272354628,778.475252195141,1653.86413114841,0.514466356268924,0.485533643731076,0.323294355177925,0.676705644822075,5.25578914035068,4.96021250155912,0.130757538614982,0.273695977262273,6.23721881390594,91.3883208361737,38.5761087493846,17.3931839174593
"560",2022,3,5,5,"w","65-75",65,75,1.74723600477211,934.52380952381,33.4719823013833,2.29203651968137,174.723600477211,163.283364731679,5.84834526280718,0.400472873143985,0.258591357919803,0.00479233752480556,-743.651019605524,4.79233752480555,NA,NA,NA,NA,NA,NA,NA,NA,NA,NA,NA,NA,NA,NA,NA,47490.9100052157,49,70,3.34719823013833,10864.6825610111,NA,NA,NA,NA,NA,NA,NA,NA,NA,NA,NA,NA,NA,NA,NA,NA
"561",2022,3,5,5,"w","75-85",75,85,NA,NA,NA,NA,NA,NA,NA,NA,NA,NA,NA,NA,NA,NA,NA,NA,NA,NA,NA,NA,NA,NA,NA,NA,NA,NA,NA,NA,49,80,NA,NA,NA,NA,NA,NA,NA,NA,NA,NA,NA,NA,NA,NA,NA,NA,NA,NA
"562",2022,3,5,5,"w","85-95",85,95,NA,NA,NA,NA,NA,NA,NA,NA,NA,NA,NA,NA,NA,NA,NA,NA,NA,NA,NA,NA,NA,NA,NA,NA,NA,NA,NA,NA,49,90,NA,NA,NA,NA,NA,NA,NA,NA,NA,NA,NA,NA,NA,NA,NA,NA,NA,NA
"563",2022,3,5,5,"w","95-105",95,105,NA,NA,NA,NA,NA,NA,NA,NA,NA,NA,NA,NA,NA,NA,NA,NA,NA,NA,NA,NA,NA,NA,NA,NA,NA,NA,NA,NA,49,100,NA,NA,NA,NA,NA,NA,NA,NA,NA,NA,NA,NA,NA,NA,NA,NA,NA,NA
"564",2022,3,5,5,"w","105-115",105,115,NA,NA,NA,NA,NA,NA,NA,NA,NA,NA,NA,NA,NA,NA,NA,NA,NA,NA,NA,NA,NA,NA,NA,NA,NA,NA,NA,NA,49,110,NA,NA,NA,NA,NA,NA,NA,NA,NA,NA,NA,NA,NA,NA,NA,NA,NA,NA
"565",2022,3,5,1,"c","0-5",0,5,0.0784874716796793,61.8181818181831,460.47763226596,11.3594532498571,3.92437358398396,0.242597639737195,1.80708625608002,0.0445787382622399,NA,NA,NA,NA,1,1,0,0,460.47763226596,0,11.3594532498571,NA,NA,NA,NA,NA,NA,NA,NA,7434.27033492457,45,2.5,46.047763226596,NA,NA,NA,NA,NA,1,0,1,0,1.80708625608002,0,0.0445787382622399,0,100,0,40.5369538601475,NA
"566",2022,3,5,1,"c","5-15",5,15,0.077288469091788,88.2352941176469,439.676418246853,12.9653902535173,7.7288469091788,0.681957080221657,3.39819172620599,0.100207516387194,NA,NA,NA,NA,1,1,0,0,439.676418246853,0,12.9653902535173,NA,NA,NA,NA,NA,NA,NA,NA,20530.8039253327,45,10,43.9676418246853,NA,NA,NA,NA,NA,1,0,1,0,3.39819172620599,0,0.100207516387194,0,100,0,33.9115452485185,NA
"567",2022,3,5,1,"c","15-25",15,25,0.138792927451695,178.498985801219,412.445132527353,15.6826864832245,13.8792927451695,2.47743967865098,5.72444673566737,0.217664596731386,NA,NA,NA,NA,1,1,0,0,412.445132527353,0,15.6826864832245,NA,NA,NA,NA,NA,NA,NA,NA,16121.6142748891,45,20,41.2445132527353,NA,NA,NA,NA,NA,1,0,1,0,5.72444673566737,0,0.217664596731386,0,100,0,26.2993928348015,NA
"568",2022,3,5,1,"c","25-35",25,35,0.148328030425506,194.672131147539,418.664861657691,17.631451672826,14.8328030425506,2.88753337918501,6.20997343380522,0.261523850017277,NA,NA,NA,NA,1,1,0,0,418.664861657691,0,17.631451672826,NA,NA,NA,NA,NA,NA,NA,NA,9804.58212464389,45,30,41.8664861657691,NA,NA,NA,NA,NA,1,0,1,0,6.20997343380522,0,0.261523850017277,0,100,0,23.7453426652864,NA
"569",2022,3,5,1,"c","35-45",35,45,0.957316359920306,875,75.8303702350607,3.24301540201702,95.7316359920306,83.7651814930268,7.25936540048374,0.310459169982442,NA,NA,NA,NA,8.064,1.35,6.591,39.4311804792509,198.153902404574,1.9,9.5,NA,NA,NA,NA,NA,NA,NA,NA,23070.187251271,45,40,7.58303702350607,NA,NA,NA,NA,NA,0.507221157365222,0.492778842634778,0.505959073532719,0.494040926467281,3.68210372017041,3.57726168031333,0.157079634014053,0.153379535968389,16.7410714285714,81.733630952381,20.858305516271,20.7532528838163
"570",2022,3,5,1,"c","45-55",45,55,1.17840950610042,877.094972067039,69.7221445665414,2.92052716573561,117.840950610042,103.357705283668,8.21612379429198,0.344157697492734,NA,NA,NA,NA,8.118,0.708,7.307,41.3474638581669,263.081065472431,1.9,8.8,NA,NA,NA,NA,NA,NA,NA,NA,33026.8083893675,45,50,6.97221445665414,NA,NA,NA,NA,NA,0.381380493484857,0.618619506515143,0.309759019971462,0.690240980028538,3.13346934719975,5.08265444709223,0.106605951090984,0.23755174640175,8.72135994087214,90.009854644001,29.8955756218672,21.7618230832457
"571",2022,3,5,1,"c","55-65",55,65,1.10563351252405,844.444444444443,96.1793055775368,3.36569387500754,110.563351252405,93.3646077242532,10.6339063457816,0.372122394110528,NA,NA,NA,NA,8.326,2.112,5.904,55.7805560724665,259.555681934921,2.3,7.6,NA,NA,NA,NA,NA,NA,NA,NA,48016.4870081037,45,60,9.61793055775368,NA,NA,NA,NA,NA,0.624701254898567,0.375298745101433,0.541713915438199,0.458286084561801,6.6430146386836,3.990891707098,0.201583879135851,0.170538514974677,25.36632236368,70.9104011530146,34.1520634124896,24.2524156836811
"572",2022,3,5,1,"c","65-75",65,75,1.4461881393086,943.231441048035,29.4175624334134,1.96303679376798,144.61881393086,136.409012266663,4.25433298785729,0.283892052817365,NA,NA,NA,NA,8.098,0.196,7.706,15.3320267058621,273.460656506582,1.2,7,NA,NA,NA,NA,NA,NA,NA,NA,47682.1022342452,45,70,2.94175624334134,NA,NA,NA,NA,NA,0.312077207201339,0.687922792798661,0.129199939731807,0.870800060268193,1.32768035735503,2.92665263050226,0.0366788361143424,0.247213216703023,2.4203507038775,95.159298592245,39.0658080723689,12.7766889215518
"573",2022,3,5,1,"c","75-85",75,85,0.326494608095112,951.002227171492,25.1807368564479,1.85242715681894,32.6494608095112,31.0497099457935,0.82213748114921,0.0604807478590344,NA,NA,NA,NA,NA,NA,NA,NA,NA,NA,NA,NA,NA,NA,NA,NA,NA,NA,NA,38263.8624492304,45,80,2.51807368564479,NA,NA,NA,NA,NA,NA,NA,NA,NA,NA,NA,NA,NA,NA,NA,NA,NA
"574",2022,3,5,1,"c","85-95",85,95,NA,NA,NA,NA,NA,NA,NA,NA,NA,NA,NA,NA,NA,NA,NA,NA,NA,NA,NA,NA,NA,NA,NA,NA,NA,NA,NA,NA,45,90,NA,NA,NA,NA,NA,NA,NA,NA,NA,NA,NA,NA,NA,NA,NA,NA,NA,NA
"575",2022,3,5,1,"c","95-105",95,105,NA,NA,NA,NA,NA,NA,NA,NA,NA,NA,NA,NA,NA,NA,NA,NA,NA,NA,NA,NA,NA,NA,NA,NA,NA,NA,NA,NA,45,100,NA,NA,NA,NA,NA,NA,NA,NA,NA,NA,NA,NA,NA,NA,NA,NA,NA,NA
"576",2022,3,5,1,"c","105-115",105,115,NA,NA,NA,NA,NA,NA,NA,NA,NA,NA,NA,NA,NA,NA,NA,NA,NA,NA,NA,NA,NA,NA,NA,NA,NA,NA,NA,NA,45,110,NA,NA,NA,NA,NA,NA,NA,NA,NA,NA,NA,NA,NA,NA,NA,NA,NA,NA
"577",2022,3,6,1,"c","0-5",0,5,0.102011070110701,107.438016528925,455.458724691275,13.4263087579627,5.10055350553505,0.547993351834341,2.32309159485061,0.0684816062018229,1.14992282039086,0.00144763046300405,139.951253247054,1.44763046300405,1,1,0,0,455.458724691275,0,13.4263087579627,NA,NA,NA,NA,139.951253247054,NA,NA,NA,NA,53,2.5,45.5458724691275,-1122.16854866004,NA,NA,NA,NA,1,0,1,0,2.32309159485061,0,0.0684816062018229,0,100,0,33.9228549634804,NA
"578",2022,3,6,1,"c","5-15",5,15,0.0740568466522678,59.2885375494059,493.317686217356,9.03535056204917,7.40568466522678,0.439072213353357,3.65335522390503,0.0669129571023157,1.1618897199634,0.00144183319791407,151.814381731248,1.44183319791407,1,1,0,0,493.317686217356,0,9.03535056204917,NA,NA,NA,NA,151.814381731248,NA,NA,NA,2730.58493792323,53,10,49.3317686217356,-1205.3335641728,NA,NA,NA,NA,1,0,1,0,3.65335522390503,0,0.0669129571023157,0,100,0,54.5986215841385,NA
"579",2022,3,6,1,"c","15-25",15,25,0.100803961883924,74.9542961608782,455.217989530471,8.90836031158087,10.0803961883924,0.755569001323755,4.58877768655063,0.0897998013296863,1.09047917882645,0.00144440619346959,81.0230778101286,1.44440619346959,1,1,0,0,455.217989530471,0,8.90836031158087,NA,NA,NA,NA,81.0230778101286,NA,NA,NA,10099.5763040079,53,20,45.5217989530471,-695.79607396938,NA,NA,NA,NA,1,0,1,0,4.58877768655063,0,0.0897998013296863,0,100,0,51.1000872897662,NA
"580",2022,3,6,1,"c","25-35",25,35,0.135913531405709,176.220962097791,418.816515458359,16.0169440596472,13.5913531405709,2.39508132664223,5.69228316269793,0.217691942947434,0.973709498084159,0.00131181761609511,-34.7340334872959,1.31181761609511,1,1,0,0,418.816515458359,0,16.0169440596472,NA,NA,NA,NA,-34.7340334872959,NA,NA,NA,NA,53,30,41.8816515458359,214.01740643406,NA,NA,NA,NA,1,0,1,0,5.69228316269793,0,0.217691942947434,0,100,0,26.1483410255217,NA
"581",2022,3,6,1,"c","35-45",35,45,0.200026101579975,254.295532646048,389.62819994491,18.3302411535366,20.0026101579975,5.08657440443921,7.79358099006033,0.366652667896274,0.914754712753512,0.00128000376488385,-93.1775918121398,1.28000376488385,1,1,0,0,389.62819994491,0,18.3302411535366,NA,NA,NA,NA,-93.1775918121398,NA,NA,NA,9133.46836110092,53,40,38.962819994491,715.734862768896,NA,NA,NA,NA,1,0,1,0,7.79358099006033,0,0.366652667896274,0,100,0,21.2560324046657,NA
"582",2022,3,6,1,"c","45-55",45,55,0.552316519881789,649.910233393178,178.835547214624,8.11745451355783,55.2316519881789,35.8956158343281,9.87738270687367,0.448340422722698,0.732353089226775,0.00111835089570761,-273.997517851111,1.11835089570761,8.068,2.277,5.633,39.6903586976959,279.613498276712,2,14.2,0.633614393603302,0.00647086240964749,0.584549706784972,0.00634699626736185,-371.879999896037,6.47086240964749,-420.519221795919,6.34699626736185,21762.4057982677,53,50,17.8835547214624,2502.21940503444,3665.57615831577,4313.025825285,1163.35675328133,1810.80642025056,0.740105431727306,0.259894568272694,0.74160194865067,0.258398051349331,7.31030459260656,2.56707811426711,0.332490131150018,0.11585029157268,28.222607833416,69.8190381755082,19.6910914279375,19.845179348848
"583",2022,3,6,1,"c","55-65",55,65,0.461932858933533,613.360323886641,245.903536935779,10.8922155798274,46.1932858933533,28.3331287969354,11.3590923838612,0.503147228291006,0.73791999604275,0.00108213951977663,-268.478884522813,1.08213951977663,3.643,2.545,1.01,37.495688340321,352.900657675547,2.4,23.1,0.7504047542789,0.00658175611255485,0.715316646505394,0.00651321230763905,-256.102387991551,6.58175611255485,-290.88622889044,6.51321230763905,8379.44096433974,53,60,24.5903536935779,2441.38828923489,2306.61606921189,2691.29576569747,-134.772220022996,249.907476462581,0.959540030804757,0.0404599691952433,0.960400891960107,0.0395991080398932,10.8995038559243,0.459588527936947,0.483223046837938,0.0199241814530683,69.8600054899808,27.7244029645896,15.2770847478592,15.6232034751338
"584",2022,3,6,1,"c","65-75",65,75,0.627489841007929,739.776951672862,120.168496241609,5.52019120458603,62.7489841007929,46.4202521786534,7.54045106008091,0.346386390129906,0.664811780460414,0.00101224412667749,-340.953141488521,1.01224412667749,8.02,2.574,5.251,48.4826392718576,252.821170853027,2.3,13.9,0.668708088678984,0.00650143149115413,0.389648243379772,0.00477660285542624,-337.090620145319,6.50143149115413,-613.730595227854,4.77660285542624,26094.0758962486,53,70,12.0168496241609,3279.48281572794,3232.54068353826,7571.18995449164,-46.9421321896843,4291.7071387637,0.718800445298574,0.281199554701426,0.74763195342685,0.25236804657315,5.42007957973826,2.12037148034265,0.258969533493297,0.0874168566366094,32.0947630922693,65.4738154613466,18.1885734426638,21.0794083790685
"585",2022,3,6,1,"c","75-85",75,85,1.29054733356426,850.894632206762,75.7793100206406,2.48312879703203,129.054733356426,109.811979873858,9.77967864864769,0.320459524790631,0.377650266279481,0.000776364711241094,-625.624531750706,0.776364711241094,8.07600000000001,1.797,5.393,34.7221287761577,222.182732006129,1.7,6.9,0.412652405082203,0.00542910593522409,0.448864089518727,0.00565054296828118,-590.925914341818,5.42910593522409,-555.028239886092,5.65054296828118,40787.9573964829,53,80,7.57793100206406,7822.42882720912,7110.4073358813,6434.71522347681,-712.021491327814,-1387.7136037323,0.680732420976912,0.319267579023088,0.574909353932324,0.425090646067676,6.65734432287016,3.12233432577753,0.184235178358841,0.13622434643179,22.2511144130758,66.7781079742446,32.2003959429172,20.4247816330339
"586",2022,3,6,1,"c","85-95",85,95,NA,NA,NA,NA,NA,NA,NA,NA,NA,NA,NA,NA,NA,NA,NA,NA,NA,NA,NA,NA,NA,NA,NA,NA,NA,NA,NA,NA,53,90,NA,NA,NA,NA,NA,NA,NA,NA,NA,NA,NA,NA,NA,NA,NA,NA,NA,NA
"587",2022,3,6,1,"c","95-105",95,105,NA,NA,NA,NA,NA,NA,NA,NA,NA,NA,NA,NA,NA,NA,NA,NA,NA,NA,NA,NA,NA,NA,NA,NA,NA,NA,NA,NA,53,100,NA,NA,NA,NA,NA,NA,NA,NA,NA,NA,NA,NA,NA,NA,NA,NA,NA,NA
"588",2022,3,6,1,"c","105-115",105,115,NA,NA,NA,NA,NA,NA,NA,NA,NA,NA,NA,NA,NA,NA,NA,NA,NA,NA,NA,NA,NA,NA,NA,NA,NA,NA,NA,NA,53,110,NA,NA,NA,NA,NA,NA,NA,NA,NA,NA,NA,NA,NA,NA,NA,NA,NA,NA
"589",2022,3,6,5,"w","0-5",0,5,0.0547212686567164,98.6460348162479,439.917521678638,10.0488629087398,2.73606343283582,0.269901808654985,1.20364224452868,0.0274943263461831,NA,NA,NA,NA,1,1,0,0,439.917521678638,0,10.0488629087398,NA,NA,NA,NA,NA,NA,NA,NA,12105.6911463978,57,2.5,43.9917521678638,NA,NA,NA,NA,NA,1,0,1,0,1.20364224452868,0,0.0274943263461831,0,100,0,43.7778409033751,NA
"590",2022,3,6,5,"w","5-15",5,15,0.0935390488906342,117.647058823528,419.255765853331,9.08863916392809,9.35390488906342,1.10045939871333,3.9216785579835,0.0850142663104002,NA,NA,NA,NA,1,1,0,0,419.255765853331,0,9.08863916392809,NA,NA,NA,NA,NA,NA,NA,NA,44160.6319947334,57,10,41.9255765853331,NA,NA,NA,NA,NA,1,0,1,0,3.9216785579835,0,0.0850142663104002,0,100,0,46.1296524475651,NA
"591",2022,3,6,5,"w","15-25",15,25,0.201949614639397,176.211453744493,396.527913823876,13.0062243455506,20.1949614639397,3.55858351787484,8.00786593904959,0.26266019944975,NA,NA,NA,NA,1,1,0,0,396.527913823876,0,13.0062243455506,NA,NA,NA,NA,NA,NA,NA,NA,19883.1009126992,57,20,39.6527913823876,NA,NA,NA,NA,NA,1,0,1,0,8.00786593904959,0,0.26266019944975,0,100,0,30.4875499060208,NA
"592",2022,3,6,5,"w","25-35",25,35,0.13311423819977,201.058201058199,405.400659569859,16.6816915846596,13.311423819977,2.67637092676783,5.39645999643259,0.222057066717547,NA,NA,NA,NA,1,1,0,0,405.400659569859,0,16.6816915846596,NA,NA,NA,NA,NA,NA,NA,NA,20289.550187591,57,30,40.5400659569859,NA,NA,NA,NA,NA,1,0,1,0,5.39645999643259,0,0.222057066717547,0,100,0,24.3021313223812,NA
"593",2022,3,6,5,"w","35-45",35,45,0.533051823439831,627.049180327871,203.775665533882,8.62002083257994,53.3051823439831,33.4249708960223,10.8622990085501,0.459491782289607,NA,NA,NA,NA,5.059,2.296,2.763,42.9630811881914,262.848969745368,2.5,13.9,NA,NA,NA,NA,NA,NA,NA,NA,9187.26562493413,57,40,20.3775665533882,NA,NA,NA,NA,NA,0.835633285880734,0.164366714119266,0.822072077873571,0.177927922126429,9.07689861273376,1.78540039581634,0.377735364232648,0.0817564180569591,45.3844633326744,54.6155366673256,18.9099978234078,17.1852324752766
"594",2022,3,6,5,"w","45-55",45,55,0.728784586936089,740.350877192983,161.287223619496,6.14338461621251,72.8784586936089,53.955630822286,11.7543642643603,0.447720401991596,NA,NA,NA,NA,8.11,2.546,5.42499999999999,41.0715479345617,227.499590971298,2.2,9.5,NA,NA,NA,NA,NA,NA,NA,NA,30843.1262379804,57,50,16.1287223619496,NA,NA,NA,NA,NA,0.722187509830716,0.277812490169284,0.669591938430874,0.330408061569126,8.48885505772152,3.26550920663878,0.299789971844603,0.147930430146993,31.3933415536375,66.892725030826,23.9473253653998,18.6688854248008
"595",2022,3,6,5,"w","55-65",55,65,1.06877376006987,849.290780141843,76.2679474433133,2.60780408791406,106.877376006987,90.7699700484875,8.15131809618016,0.27871525805655,NA,NA,NA,NA,8.00600000000001,1.961,5.929,42.5563871452789,254.865189433426,2,7.9,NA,NA,NA,NA,NA,NA,NA,NA,43246.4092627096,57,60,7.62679474433133,NA,NA,NA,NA,NA,0.664520252502036,0.335479747497964,0.566433515296217,0.433566484703783,5.41671595949805,2.73460213668211,0.157873663387664,0.120841594668886,24.4941294029478,74.0569572820384,32.261416383978,21.2781935726394
"596",2022,3,6,5,"w","65-75",65,75,0.447957862453076,572.398190045249,259.895160318996,9.10741969724184,44.7957862453076,25.6410269684679,11.6422080478397,0.40797402600395,NA,NA,NA,NA,5.015,4.289,0.577,17.5565152395348,368.06581266795,1.4,15.9,NA,NA,NA,NA,NA,NA,NA,NA,14379.3583827482,57,70,25.9895160318996,NA,NA,NA,NA,NA,0.993623907092932,0.00637609290706826,0.988293245646197,0.0117067543538025,11.5679762476833,0.0742318001564438,0.40319797429879,0.00477605170516008,85.5234297108674,11.5054835493519,23.1487932495566,12.5403680282391
"597",2022,3,6,5,"w","75-85",75,85,NA,NA,NA,NA,NA,NA,NA,NA,NA,NA,NA,NA,NA,NA,NA,NA,NA,NA,NA,NA,NA,NA,NA,NA,NA,NA,NA,NA,57,80,NA,NA,NA,NA,NA,NA,NA,NA,NA,NA,NA,NA,NA,NA,NA,NA,NA,NA
"598",2022,3,6,5,"w","85-95",85,95,NA,NA,NA,NA,NA,NA,NA,NA,NA,NA,NA,NA,NA,NA,NA,NA,NA,NA,NA,NA,NA,NA,NA,NA,NA,NA,NA,NA,57,90,NA,NA,NA,NA,NA,NA,NA,NA,NA,NA,NA,NA,NA,NA,NA,NA,NA,NA
"599",2022,3,6,5,"w","95-105",95,105,NA,NA,NA,NA,NA,NA,NA,NA,NA,NA,NA,NA,NA,NA,NA,NA,NA,NA,NA,NA,NA,NA,NA,NA,NA,NA,NA,NA,57,100,NA,NA,NA,NA,NA,NA,NA,NA,NA,NA,NA,NA,NA,NA,NA,NA,NA,NA
"600",2022,3,6,5,"w","105-115",105,115,NA,NA,NA,NA,NA,NA,NA,NA,NA,NA,NA,NA,NA,NA,NA,NA,NA,NA,NA,NA,NA,NA,NA,NA,NA,NA,NA,NA,57,110,NA,NA,NA,NA,NA,NA,NA,NA,NA,NA,NA,NA,NA,NA,NA,NA,NA,NA
"601",2022,3,6,7,"w","0-5",0,5,0.0293188165680473,87.0229007633593,456.421709563481,13.6759983870278,1.46594082840237,0.127570423235016,0.669087219018314,0.020048204404709,1.07678588541425,0.00902122142659307,67.4485259275823,9.02122142659307,1,1,0,0,456.421709563481,0,13.6759983870278,NA,NA,NA,NA,67.4485259275823,NA,NA,NA,NA,59,2.5,45.6421709563481,-594.285934260013,NA,NA,NA,NA,1,0,1,0,0.669087219018314,0,0.020048204404709,0,100,0,33.373922447696,NA
"602",2022,3,6,7,"w","5-15",5,15,0.0802182255324709,160.98484848485,429.264439888866,13.698508631818,8.02182255324709,1.29139188830684,3.44348316520749,0.109887005488567,1.14327669466798,0.00967677752708898,133.362759469306,9.67677752708898,1,1,0,0,429.264439888866,0,13.698508631818,NA,NA,NA,NA,133.362759469306,NA,NA,NA,16125.0637173418,59,10,42.9264439888866,-1075.6061130233,NA,NA,NA,NA,1,0,1,0,3.44348316520749,0,0.109887005488567,0,100,0,31.3365820635247,NA
"603",2022,3,6,7,"w","15-25",15,25,0.14853581232046,215.827338129495,417.775719992259,16.8415073566803,14.853581232046,3.2058088990027,6.20546559368151,0.250156697592551,0.985102079929378,0.00766897113073244,-23.4402425285583,7.66897113073244,1,1,0,0,417.775719992259,0,16.8415073566803,NA,NA,NA,NA,-23.4402425285583,NA,NA,NA,10319.0805048896,59,20,41.7775719992259,120.575400157469,NA,NA,NA,NA,1,0,1,0,6.20546559368151,0,0.250156697592551,0,100,0,24.8063140159806,NA
"604",2022,3,6,7,"w","25-35",25,35,0.240553990794712,361.396303901438,343.908570705418,14.7281019958907,24.0553990794712,8.69353231619493,8.27285791516935,0.354290371194307,0.87524927301145,0.00755844748595813,-132.3404597416,7.55844748595814,3.663,3.533,0.446,74.0579011861937,340.132668360453,4.10707267829466,19.2,0.823938244270626,0.00642508257671862,0.752596277132885,0.00635888875827409,-183.206544387713,6.42508257671862,-253.929868949734,6.35888875827409,8531.22311722364,59,30,34.3908570705418,1070.36953417748,1555.66835527743,2283.19024954288,485.298821099946,1212.8207153654,0.973249106718932,0.0267508932810686,0.973706379162012,0.0262936208379879,8.05155157595121,0.221306339218139,0.344974794507574,0.00931557668673309,96.4509964509965,12.1758121758122,17.7152431437736,18.0317970942126
"605",2022,3,6,7,"w","35-45",35,45,1.09524129343401,822.878228782291,102.68167420433,3.64837689880928,109.524129343401,90.1250215630202,11.246120966752,0.399585303358663,0.54808470411239,0.00676687145592941,-456.668017836107,6.7668714559294,8.128,3.606,4.373,42.8044847960866,168.771186823943,1.83929828663691,6.7,0.60832657611822,0.0058888997694154,0.526747550467708,0.00542491853522387,-396.948533820951,5.8888997694154,-477.820146141303,5.42491853522387,23512.4362037423,59,40,10.268167420433,4830.44721478106,3992.74970808147,5149.42513059549,-837.697506699596,318.977915814428,0.764777100023036,0.235222899976964,0.750236354926877,0.249763645073123,8.60077577946086,2.64534518729115,0.299783421474154,0.0998018818845093,44.365157480315,53.8016732283465,25.1897293767079,23.2721821724485
"606",2022,3,6,7,"w","45-55",45,55,0.857430719066104,781.03448275862,123.624553988561,5.19543112731316,85.7430719066104,66.9682958167146,10.5999490220638,0.445472224735054,0.604509969341517,0.00705528744100142,-400.732044854131,7.05528744100142,8.113,2.877,5.067,35.487421662761,238.022814166534,1.69633876572362,11.5,0.638713369923053,0.00648616600597787,0.500048711331037,0.00536412269928638,-366.825239400022,6.48616600597787,-504.287466029558,5.36412269928637,29247.9536392322,59,50,12.3624553988561,4043.30706233252,3601.18976789476,5567.26874331243,-442.117294437766,1523.9616809799,0.792027025053923,0.207972974946077,0.793781824749175,0.206218175250825,8.39544608966843,2.20450293239537,0.353607755425266,0.0918644693097882,35.4616048317515,62.4553186244299,20.6976360144812,20.9200086561854
"607",2022,3,6,7,"w","55-65",55,65,0.806026398332569,750.915750915751,141.170040890028,5.4219388244039,80.6026398332569,60.5257918161819,11.3786779611051,0.43702258226138,0.505750853148936,0.0065064793201333,-498.634770390996,6.5064793201333,8.176,2.414,5.496,44.1693000929286,318.511247943597,2.5,15,0.539077817520093,0.0057512308800378,0.468699857652063,0.00514692154147198,-465.596801121974,5.7512308800378,-535.364477812887,5.14692154147198,30897.2869763973,59,60,14.1170040890028,5476.18539512656,4963.55330330291,6087.34858045827,-512.632091823644,611.16318533171,0.760038824945776,0.239961175054224,0.724924924924925,0.275075075075075,8.64823702699472,2.73044093411038,0.316808562636328,0.120214019625052,29.5254403131115,67.2211350293542,21.2340831962398,17.6677200371714
"608",2022,3,6,7,"w","65-75",65,75,NA,NA,NA,NA,NA,NA,NA,NA,NA,NA,NA,NA,NA,NA,NA,NA,NA,NA,NA,NA,NA,NA,NA,NA,NA,NA,NA,NA,59,70,NA,NA,NA,NA,NA,NA,NA,NA,NA,NA,NA,NA,NA,NA,NA,NA,NA,NA
"609",2022,3,6,7,"w","75-85",75,85,NA,NA,NA,NA,NA,NA,NA,NA,NA,NA,NA,NA,NA,NA,NA,NA,NA,NA,NA,NA,NA,NA,NA,NA,NA,NA,NA,NA,59,80,NA,NA,NA,NA,NA,NA,NA,NA,NA,NA,NA,NA,NA,NA,NA,NA,NA,NA
"610",2022,3,6,7,"w","85-95",85,95,NA,NA,NA,NA,NA,NA,NA,NA,NA,NA,NA,NA,NA,NA,NA,NA,NA,NA,NA,NA,NA,NA,NA,NA,NA,NA,NA,NA,59,90,NA,NA,NA,NA,NA,NA,NA,NA,NA,NA,NA,NA,NA,NA,NA,NA,NA,NA
"611",2022,3,6,7,"w","95-105",95,105,NA,NA,NA,NA,NA,NA,NA,NA,NA,NA,NA,NA,NA,NA,NA,NA,NA,NA,NA,NA,NA,NA,NA,NA,NA,NA,NA,NA,59,100,NA,NA,NA,NA,NA,NA,NA,NA,NA,NA,NA,NA,NA,NA,NA,NA,NA,NA
"612",2022,3,6,7,"w","105-115",105,115,NA,NA,NA,NA,NA,NA,NA,NA,NA,NA,NA,NA,NA,NA,NA,NA,NA,NA,NA,NA,NA,NA,NA,NA,NA,NA,NA,NA,59,110,NA,NA,NA,NA,NA,NA,NA,NA,NA,NA,NA,NA,NA,NA,NA,NA,NA,NA
"613",2022,3,5,3,"c","0-5",0,5,0.015121351689612,114.545454545456,451.654347985058,12.6056558360166,0.756067584480601,0.086604105131415,0.341481211901224,0.00953072775873084,1.07617767314768,0.00900115093365848,66.8455877797158,9.00115093365848,1,1,0,0,451.654347985058,0,12.6056558360166,NA,NA,NA,NA,66.8455877797158,NA,NA,NA,5045.24398290627,47,2.5,45.1654347985058,-589.747288682015,NA,NA,NA,NA,1,0,1,0,0.341481211901224,0,0.00953072775873084,0,100,0,35.8295001751992,NA
"614",2022,3,5,3,"c","5-15",5,15,0.0441014316695353,82.8025477707038,452.150479874951,8.87618994637882,4.41014316695353,0.365171090257312,1.99404834925528,0.0391452684406041,1.17895000622611,0.00894998408064509,168.726729552399,8.94998408064509,1,1,0,0,452.150479874951,0,8.87618994637882,NA,NA,NA,NA,168.726729552399,NA,NA,NA,14766.4446536396,47,10,45.2150479874951,-1322.42633609269,NA,NA,NA,NA,1,0,1,0,1.99404834925528,0,0.0391452684406041,0,100,0,50.9397030264559,NA
"615",2022,3,5,3,"c","15-25",15,25,0.0869904953584523,171.232876712331,419.270054518565,13.9826958855629,8.69904953584523,1.48956327668585,3.64725097315352,0.121636164153171,1.00477408570596,0.00822428768004078,-3.93882274520285,8.22428768004077,1,1,0,0,419.270054518565,0,13.9826958855629,NA,NA,NA,NA,-3.93882274520285,NA,NA,NA,28964.6840371682,47,20,41.9270054518565,-38.2589771512839,NA,NA,NA,NA,1,0,1,0,3.64725097315352,0,0.121636164153171,0,100,0,29.9849226465306,NA
"616",2022,3,5,3,"c","25-35",25,35,0.173065322110135,225.122349102773,419.777357226344,18.2810335142411,17.3065322110135,3.89608718616618,7.26489035429185,0.316381295364832,0.985379857443921,0.00820613385097063,-23.1648737644873,8.20613385097063,1,1,0,0,419.777357226344,0,18.2810335142411,NA,NA,NA,NA,-23.1648737644873,NA,NA,NA,16462.7079797447,47,30,41.9777357226344,118.310586918857,NA,NA,NA,NA,1,0,1,0,7.26489035429185,0,0.316381295364832,0,100,0,22.9624521446959,NA
"617",2022,3,5,3,"c","35-45",35,45,0.296263390512893,523.478260869566,271.92223200928,11.9254192614992,29.6263390512893,15.508744442501,8.05606024109028,0.353306514369952,0.881649790255905,0.001232332501172,-125.995444645921,1.232332501172,6.75,5.027,1.593,58.7162628006295,318.157983576376,3.2,16.8,0.884343892084307,0.00591914095338061,0.753300003292322,0.00539419613047401,-123.324704748249,5.9191409533806,-253.232245158669,5.39419613047401,19799.8764285623,47,40,27.192223200928,1011.83961226779,987.330196415606,2275.68238499238,-24.50941585218,1263.8427727246,0.94474914798479,0.0552508520152101,0.94307613968322,0.0569238603167797,7.61095604888418,0.445104192206097,0.333194943696949,0.0201115706730035,74.4740740740741,23.6,18.9379752128795,18.3488321251967
"618",2022,3,5,3,"c","45-55",45,55,0.497541280486293,570.110701107013,249.922747740072,9.47761708997933,49.7541280486293,28.3653608247721,12.4346883933248,0.471550574290709,0.695310053888477,0.00107633312849395,-310.719334141022,1.07633312849395,7.087,4.609,2.268,31.7759166231865,274.8,1.9,12,0.708752384131361,0.00529092364794462,0.558205974756837,0.00468637684785849,-297.393569198181,5.29092364794462,-446.634513890452,4.68637684785849,11134.8569325334,47,50,24.9922747740072,2919.17141217653,2765.35269971952,4683.45793398542,-153.818712457006,1764.28652180889,0.946162670362052,0.0538373296379483,0.927718846239005,0.0722811537609951,11.7652379753482,0.669450417976597,0.437466354724317,0.0340842195663923,65.0345703400593,32.002257654861,22.9,16.7241666437824
"619",2022,3,5,3,"c","55-65",55,65,1.10349616767074,878.354203935599,74.8485573514666,3.08178118494293,110.349616767074,96.9260497900415,8.25950961930269,0.34007337271843,0.516954492390965,0.00666231499892186,-487.52828361779,6.66231499892186,10.768,1.521,8.625,16.3797655582402,172.907801350995,1,8.4,0.398320447076796,0.00385089821815972,0.398952206073444,0.00393751207938328,-605.133592631214,3.85089821815972,-604.507311938972,3.93751207938328,35803.3901563172,47,60,7.48485573514666,5300.17686063668,7394.36408293196,7381.63337891948,2094.18722229528,2081.4565182828,0.65054025363523,0.34945974636477,0.596988982029213,0.403011017970787,5.37314348264379,2.8863661366589,0.203020056594417,0.137053316124013,14.1251857355126,80.0984398216939,20.5842620655946,16.3797655582402
"620",2022,3,5,3,"c","65-75",65,75,0.81013129527129,803.883495145634,126.604614850652,4.20957961699892,81.013129527129,65.1251177169544,10.2566360616282,0.341031218766695,0.40089965856804,0.00591239728540689,-602.576746798001,5.91239728540689,10.659,5.936,4.363,36.4700326584986,316.079246879207,2,10.5,0.497790814014866,0.00427508019565101,0.370555815909152,0.00382767457611875,-506.525783966754,4.27508019565101,-632.657462524273,3.82767457611875,37656.4373792597,47,70,12.6604614850652,7342.51634364449,5603.62272536342,7974.77035237083,-1738.89361828106,632.25400872634,0.921822994977722,0.078177005022278,0.87719199482084,0.12280800517916,9.45480297272661,0.801833088901585,0.29914985508614,0.0418813636805554,55.6900272070551,40.9325452669106,30.1027854170673,18.2350163292493
"621",2022,3,5,3,"c","75-85",75,85,0.868663841701027,952.879581151834,20.0531825261039,1.29646099581576,86.8663841701027,82.7732037641818,1.74194745714573,0.112618878924086,0.315172573506657,0.00529025153160968,-687.560448590896,5.29025153160967,10.781,0.973,9.022,13.9819999628493,215.836412816165,1.1,8.6,0.3803573276435,0.00396913177165558,0.325894711760058,0.00346762034827499,-622.940944696157,3.96913177165558,-676.931287465718,3.46762034827499,44834.3482350497,47,80,2.00531825261039,9275.18245511249,7765.0523139353,9006.44632909612,-1510.13014117719,-268.736126016371,0.624739134292092,0.375260865707908,0.457456811720971,0.542543188279029,1.08826274635953,0.653684710786195,0.0515182732922024,0.0611006056318836,9.02513681476672,83.6842593451442,25.0972573042052,12.7109090571357
"622",2022,3,5,3,"c","85-95",85,95,NA,NA,NA,NA,NA,NA,NA,NA,NA,NA,NA,NA,NA,NA,NA,NA,NA,NA,NA,NA,NA,NA,NA,NA,NA,NA,NA,NA,47,90,NA,NA,NA,NA,NA,NA,NA,NA,NA,NA,NA,NA,NA,NA,NA,NA,NA,NA
"623",2022,3,5,3,"c","95-105",95,105,NA,NA,NA,NA,NA,NA,NA,NA,NA,NA,NA,NA,NA,NA,NA,NA,NA,NA,NA,NA,NA,NA,NA,NA,NA,NA,NA,NA,47,100,NA,NA,NA,NA,NA,NA,NA,NA,NA,NA,NA,NA,NA,NA,NA,NA,NA,NA
"624",2022,3,5,3,"c","105-115",105,115,NA,NA,NA,NA,NA,NA,NA,NA,NA,NA,NA,NA,NA,NA,NA,NA,NA,NA,NA,NA,NA,NA,NA,NA,NA,NA,NA,NA,47,110,NA,NA,NA,NA,NA,NA,NA,NA,NA,NA,NA,NA,NA,NA,NA,NA,NA,NA
"625",2022,3,6,3,"c","0-5",0,5,0.0437074167802219,73.0593607305937,459.186912151566,9.68539170917822,2.1853708390111,0.159661796457432,1.00349368747158,0.0211661726056379,NA,NA,NA,NA,1,1,0,0,459.186912151566,0,9.68539170917822,NA,NA,NA,NA,NA,NA,NA,NA,NA,55,2.5,45.9186912151566,NA,NA,NA,NA,NA,1,0,1,0,1.00349368747158,0,0.0211661726056379,0,100,0,47.4102572141119,NA
"626",2022,3,6,3,"c","5-15",5,15,0.0440880500758725,76.7716535433099,444.959288238993,7.30482685290577,4.40880500758725,0.338471250582498,1.96173873816053,0.0322055572086488,NA,NA,NA,NA,1,1,0,0,444.959288238993,0,7.30482685290577,NA,NA,NA,NA,NA,NA,NA,NA,NA,55,10,44.4959288238993,NA,NA,NA,NA,NA,1,0,1,0,1.96173873816053,0,0.0322055572086488,0,100,0,60.913050671693,NA
"627",2022,3,6,3,"c","15-25",15,25,0.0988361726294491,91.0714285714288,450.527728313335,12.0025266113438,9.88361726294491,0.900115143589628,4.45284363299303,0.118628379214833,NA,NA,NA,NA,1,1,0,0,450.527728313335,0,12.0025266113438,NA,NA,NA,NA,NA,NA,NA,NA,17045.8977280573,55,20,45.0527728313335,NA,NA,NA,NA,NA,1,0,1,0,4.45284363299303,0,0.118628379214833,0,100,0,37.5360741035586,NA
"628",2022,3,6,3,"c","25-35",25,35,0.173473547784061,223.50674373796,397.01656798193,18.210051629477,17.3473547784061,3.8772507789887,6.88718725768773,0.315896226149631,NA,NA,NA,NA,1,1,0,0,397.01656798193,0,18.210051629477,NA,NA,NA,NA,NA,NA,NA,NA,12371.9566844045,55,30,39.701656798193,NA,NA,NA,NA,NA,1,0,1,0,6.88718725768773,0,0.315896226149631,0,100,0,21.8020561424038,NA
"629",2022,3,6,3,"c","35-45",35,45,1.04262230458276,847.826086956523,80.8965169996055,2.93832243880283,104.262230458276,88.3962388667996,8.43445129868473,0.306356051275185,NA,NA,NA,NA,8.003,0.477,7.385,30.6320572064439,274.28757185509,9.29275950906469,8.5,NA,NA,NA,NA,NA,NA,NA,NA,29099.1072254863,55,40,8.08965169996055,NA,NA,NA,NA,NA,0.366430762935317,0.633569237064683,0.0557844621213967,0.944215537878603,3.09064242431782,5.34380887436691,0.0170899075380212,0.289266143737164,5.96026490066225,92.2778957890791,32.2691261005988,3.29633594591183
"630",2022,3,6,3,"c","45-55",45,55,1.09937430794565,885.245901639346,62.9274745032473,2.06339725324434,109.937430794565,97.3216600476482,6.91808487327753,0.226844592730246,NA,NA,NA,NA,10.303,1.541,8.574,29.5288924648015,177.229332514772,1.183875941699,5.5,NA,NA,NA,NA,NA,NA,NA,NA,27710.6167936968,55,50,6.29274745032473,NA,NA,NA,NA,NA,0.518934080825481,0.481065919174519,0.455034692940343,0.544965307059657,3.59003001478694,3.32805485849059,0.103222159598185,0.123622433132061,14.9568086964962,83.2184800543531,32.2235150026858,24.9425564155177
"631",2022,3,6,3,"c","55-65",55,65,1.03007027907278,800.403225806452,112.423430160135,3.9075631161637,103.007027907278,82.4471574177205,11.5804034079369,0.402506462956124,NA,NA,NA,NA,10.249,3.233,6.894,23.9790181127999,192.434294314741,1.3,7.8,NA,NA,NA,NA,NA,NA,NA,NA,28980.1514863811,55,60,11.2423430160135,NA,NA,NA,NA,NA,0.790067874983058,0.209932125016942,0.73779096303058,0.26220903696942,9.14930471195527,2.43109869598163,0.296965630930431,0.105540832025693,31.5445409308225,67.2650990340521,24.6710633736847,18.4453985483076
"632",2022,3,6,3,"c","65-75",65,75,1.65481967411891,938.69731800766,20.7229252397681,1.29917966758195,165.481967411891,155.337478988173,3.42927043920635,0.214990807412988,NA,NA,NA,NA,10.181,0.409,8.984,15.1371310354861,204.332767567795,1.2,6.9,NA,NA,NA,NA,NA,NA,NA,NA,40402.0392703511,55,70,2.07229252397681,NA,NA,NA,NA,NA,0.380627374070859,0.619372625929141,0.207463114482941,0.792536885517059,1.30527420225393,2.12399623695242,0.0446026624911007,0.170388144921887,4.01728710342795,88.2428052254199,29.6134445750428,12.6142758629051
"633",2022,3,6,3,"c","75-85",75,85,1.20368630145761,962.301587301586,3.9803719529094,0.79331109633548,120.368630145761,115.830923850583,0.479111919442312,0.0954897699453334,NA,NA,NA,NA,NA,NA,NA,NA,NA,NA,NA,NA,NA,NA,NA,NA,NA,NA,NA,35203.1072531105,55,80,0.39803719529094,NA,NA,NA,NA,NA,NA,NA,NA,NA,NA,NA,NA,NA,NA,NA,NA,NA
"634",2022,3,6,3,"c","85-95",85,95,NA,NA,NA,NA,NA,NA,NA,NA,NA,NA,NA,NA,NA,NA,NA,NA,NA,NA,NA,NA,NA,NA,NA,NA,NA,NA,NA,NA,55,90,NA,NA,NA,NA,NA,NA,NA,NA,NA,NA,NA,NA,NA,NA,NA,NA,NA,NA
"635",2022,3,6,3,"c","95-105",95,105,NA,NA,NA,NA,NA,NA,NA,NA,NA,NA,NA,NA,NA,NA,NA,NA,NA,NA,NA,NA,NA,NA,NA,NA,NA,NA,NA,NA,55,100,NA,NA,NA,NA,NA,NA,NA,NA,NA,NA,NA,NA,NA,NA,NA,NA,NA,NA
"636",2022,3,6,3,"c","105-115",105,115,NA,NA,NA,NA,NA,NA,NA,NA,NA,NA,NA,NA,NA,NA,NA,NA,NA,NA,NA,NA,NA,NA,NA,NA,NA,NA,NA,NA,55,110,NA,NA,NA,NA,NA,NA,NA,NA,NA,NA,NA,NA,NA,NA,NA,NA,NA,NA
"637",2022,1,2,3,"c","0-5",0,5,0.0691095233032075,101.071975497704,454.573024458821,11.8142815054561,3.45547616516038,0.34925180229799,1.57076625134232,0.0408239681505987,1.18581842424062,0.00874184060642389,175.535588011965,8.74184060642389,1,1,0,0,454.573024458821,0,11.8142815054561,NA,NA,NA,NA,175.535588011965,NA,NA,NA,5752.55015233841,23,2.5,45.4573024458821,-1369.08981176301,NA,NA,NA,NA,1,0,1,0,1.57076625134232,0,0.0408239681505987,0,100,0,38.4765695864695,NA
"638",2022,1,2,3,"c","5-15",5,15,0.0741797342639356,149.136577708007,422.196106845861,14.4169657178386,7.41797342639356,1.10629117034128,3.13183950130942,0.106944668584154,1.02849492221391,0.00850873667538616,19.5763182936601,8.50873667538616,1,1,0,0,422.196106845861,0,14.4169657178386,NA,NA,NA,NA,19.5763182936601,NA,NA,NA,18849.688732169,23,10,42.2196106845861,-225.699128424504,NA,NA,NA,NA,1,0,1,0,3.13183950130942,0,0.106944668584154,0,100,0,29.2846716229243,NA
"639",2022,1,2,3,"c","15-25",15,25,0.103853779474473,185.935830974315,408.393736848829,16.1970369575917,10.3853779474473,1.93101387864094,4.24132330854542,0.168212350433362,1.00261969178485,0.00840288966810396,-6.07453481805547,8.40288966810397,1,1,0,0,408.393736848829,0,16.1970369575917,NA,NA,NA,NA,-6.07453481805547,NA,NA,NA,NA,23,20,40.8393736848829,-21.0164677772831,NA,NA,NA,NA,1,0,1,0,4.24132330854542,0,0.168212350433362,0,100,0,25.2141016852722,NA
"640",2022,1,2,3,"c","25-35",25,35,0.78638264303724,850.993377483443,75.4136643617744,3.41515268652993,78.638264303724,66.9206421392617,5.93039967019355,0.268561679600914,0.698232663941538,0.00710835628311995,-307.822067530027,7.10835628311995,8.486,2.264,6.265,30.4718718151502,337.852708949051,1.41625125237941,7,0.557610777051111,0.0059935008698705,0.616013963008879,0.00678115314722806,-447.224550333369,5.9935008698705,-389.327808181971,6.78115314722806,21717.4824839191,23,30,7.54136643617744,2885.47691443729,4692.02784228949,3891.87321426642,1806.55092785221,1006.39629982913,0.800266461386193,0.199733538613807,0.641079211160108,0.358920788839892,4.74589995867164,1.18449971152191,0.172169309706388,0.0963923698945265,26.6792363893472,73.8274805562102,48.2646727070073,21.515865750484
"641",2022,1,2,3,"c","35-45",35,45,1.43222156609332,908.637873754153,49.7863295377654,1.66896861478412,143.222156609332,130.137075855987,7.13050548606163,0.23903328432267,0.485634857336725,0.0063377630079472,-518.576330145978,6.3377630079472,9.04899999999999,0.497,8.42,32.9737333691989,313.45146817986,1.29577744737488,17.9,0.90515460575146,0.00765034617369552,0.505842292565188,0.0055230600485342,-102.694451391094,7.65034617369552,-498.544123892549,5.5230600485342,23659.9689244162,23,40,4.97863295377654,5802.22192111919,800.484552295025,5474.7331653722,-5001.73736882417,-327.488755746991,0.359429340628181,0.64057065937182,0.449155048082451,0.550844951917549,2.56291288520076,4.56759260086087,0.107363006313255,0.131670278009415,5.49231959332524,93.0489556857112,17.5112552055788,25.4470653398085
"642",2022,1,2,3,"c","45-55",45,55,1.0553911340097,856.33270321361,81.6632594694193,2.63493980025747,105.53911340097,90.3765942734202,8.61866800183586,0.278089210384102,0.504018331796989,0.00533944174480244,-500.352268166854,5.33944174480244,8.125,1.488,6.542,35.5639173273673,270.672652172118,1.62548264425003,8.9,0.442780378505815,0.00501007976822786,0.428047766531552,0.00516608669604262,-561.059195938607,5.01007976822786,-575.664053921993,5.16608669604263,29134.967720542,23,50,8.16632594694193,5503.75081875895,6544.33561749348,6816.16506067961,1040.58479873453,1312.41424192066,0.633849851225214,0.366150148774786,0.554640046869818,0.445359953130182,5.46294143072317,3.15572657111269,0.154239412681429,0.123849797702673,18.3138461538462,80.5169230769231,30.412657547429,21.8789892670776
"643",2022,1,2,3,"c","55-65",55,65,1.61206498241019,940.915805022157,23.1989769941277,1.27618302520449,161.206498241019,151.681742067252,3.7398258439973,0.205728996607846,0.335433258457469,0.00465478534798022,-667.475454370612,4.65478534798022,8.186,0.0610000000000004,8.029,15.0820315974421,423.398316498058,0.963523374362869,8.9,0.360546766706914,0.00474532233416627,0.287094910350438,0.00426411515799185,-642.579718157069,4.74532233416627,-715.394636012535,4.26411515799185,40071.961414285,23,60,2.31989769941277,8774.70515649803,8194.73323553909,10024.721458301,-579.971920958935,1250.01630180297,0.175790457368992,0.824209542631008,0.0655753215348376,0.934424678465162,0.657425695596661,3.08240014840064,0.013490745101599,0.192238251506247,0.745174688492553,98.0820913755192,47.5728445503436,15.6530002268135
"644",2022,1,2,3,"c","65-75",65,75,0.81701342844458,948.031496062992,20.3564116295662,1.28594283319876,81.701342844458,77.4554462871869,1.6631461656301,0.105063256293546,0.284639317253056,0.00431572507669447,-717.828935410014,4.31572507669447,8.011,0.048,7.83799999999999,14.0192889646866,413.100454363407,1.01254012380293,9.3,0.289431257497375,0.00425891746744118,0.257733493973859,0.00407352410044996,-713.078548523058,4.25891746744118,-744.501444575751,4.07352410044996,39340.3840345136,23,70,2.03564116295662,10093.7252005773,9959.61433769867,10891.3759397769,-134.110862878679,797.650739199584,0.152868049812284,0.847131950187716,0.0532525987647477,0.946747401235252,0.25424191089265,1.40890425473745,0.00559489143231806,0.099468364861228,0.599176132817376,97.8404693546373,44.41940369499,13.8456626410344
"645",2022,1,2,3,"c","75-85",75,85,NA,NA,NA,NA,NA,NA,NA,NA,NA,NA,NA,NA,NA,NA,NA,NA,NA,NA,NA,NA,NA,NA,NA,NA,NA,NA,NA,NA,23,80,NA,NA,NA,NA,NA,NA,NA,NA,NA,NA,NA,NA,NA,NA,NA,NA,NA,NA
"646",2022,1,2,3,"c","85-95",85,95,NA,NA,NA,NA,NA,NA,NA,NA,NA,NA,NA,NA,NA,NA,NA,NA,NA,NA,NA,NA,NA,NA,NA,NA,NA,NA,NA,NA,23,90,NA,NA,NA,NA,NA,NA,NA,NA,NA,NA,NA,NA,NA,NA,NA,NA,NA,NA
"647",2022,1,2,3,"c","95-105",95,105,NA,NA,NA,NA,NA,NA,NA,NA,NA,NA,NA,NA,NA,NA,NA,NA,NA,NA,NA,NA,NA,NA,NA,NA,NA,NA,NA,NA,23,100,NA,NA,NA,NA,NA,NA,NA,NA,NA,NA,NA,NA,NA,NA,NA,NA,NA,NA
"648",2022,1,2,3,"c","105-115",105,115,NA,NA,NA,NA,NA,NA,NA,NA,NA,NA,NA,NA,NA,NA,NA,NA,NA,NA,NA,NA,NA,NA,NA,NA,NA,NA,NA,NA,23,110,NA,NA,NA,NA,NA,NA,NA,NA,NA,NA,NA,NA,NA,NA,NA,NA,NA,NA
"649",2022,1,1,7,"w","0-5",0,5,0.0749984595300261,106.48918469218,440.236510611193,12.2984093551958,3.7499229765013,0.399326240426096,1.65085300623567,0.0461180878154672,NA,NA,NA,NA,1,1,0,0,440.236510611193,0,12.2984093551958,NA,NA,NA,NA,NA,NA,NA,NA,9188.98700367747,19,2.5,44.0236510611193,NA,NA,NA,NA,NA,1,0,1,0,1.65085300623567,0,0.0461180878154672,0,100,0,35.796215420753,NA
"650",2022,1,1,7,"w","5-15",5,15,0.0910934824829532,159.274193548388,432.590927752824,13.2801455823415,9.10934824829532,1.45088409599866,3.94062140995363,0.12097347089761,NA,NA,NA,NA,1,1,0,0,432.590927752824,0,13.2801455823415,NA,NA,NA,NA,NA,NA,NA,NA,22580.4780061367,19,10,43.2590927752824,NA,NA,NA,NA,NA,1,0,1,0,3.94062140995363,0,0.12097347089761,0,100,0,32.5742609575031,NA
"651",2022,1,1,7,"w","15-25",15,25,0.168543694827387,238.908129457459,406.475677377203,18.3727816014545,16.8543694827387,4.02664588630597,6.85089125226186,0.309661649536577,NA,NA,NA,NA,1,1,0,0,406.475677377203,0,18.3727816014545,NA,NA,NA,NA,NA,NA,NA,NA,11098.0802279556,19,20,40.6475677377203,NA,NA,NA,NA,NA,1,0,1,0,6.85089125226186,0,0.309661649536577,0,100,0,22.1237962870589,NA
"652",2022,1,1,7,"w","25-35",25,35,0.244741579576229,345.167652859962,357.668068508347,16.6853649198561,24.4741579576229,8.44768765795666,8.75362480507117,0.408360256629138,NA,NA,NA,NA,1,1,0,0,357.668068508347,0,16.6853649198561,NA,NA,NA,NA,NA,NA,NA,NA,8583.55637350426,19,30,35.7668068508347,NA,NA,NA,NA,NA,1,0,1,0,8.75362480507117,0,0.408360256629138,0,100,0,21.4360351257713,NA
"653",2022,1,1,7,"w","35-45",35,45,1.39492924779032,937.304075235111,26.5467214922778,1.35615500275612,139.492924779032,130.747286861851,3.70307982425221,0.189174027788167,NA,NA,NA,NA,8.163,0.187,7.882,23.5499789250788,335.684149334661,1.31758615461254,14.9,NA,NA,NA,NA,NA,NA,NA,NA,25694.5718556904,19,40,2.65467214922778,NA,NA,NA,NA,NA,0.252715318509374,0.747284681490626,0.211539841589466,0.788460158410534,0.935824997251534,2.76725482700068,0.0400178438711501,0.149156183917017,2.29082445179468,96.557638123239,22.529137539239,17.873578014338
"654",2022,1,1,7,"w","45-55",45,55,0.955969277010545,875.239923224567,61.8455619011601,2.47941309097935,95.5969277010545,83.6702476615754,5.9122457096963,0.237024273999401,NA,NA,NA,NA,8.088,2.176,5.987,33.1079768741762,304.408204571239,1.60721059236676,15,NA,NA,NA,NA,NA,NA,NA,NA,28998.4849877949,19,50,6.18455619011601,NA,NA,NA,NA,NA,0.769677874786996,0.230322125213004,0.772318261889254,0.227681738110746,4.55052471305759,1.36172099663871,0.18305817532078,0.0539660986786213,26.9040553907023,74.0232443125618,20.2938803047493,20.599650743604
"655",2022,1,1,7,"w","55-65",55,65,1.26644621036806,916.808149405775,39.7390038657839,1.59084938499739,126.644621036806,116.10882064495,5.03273108496237,0.20147251748963,NA,NA,NA,NA,8.135,0.124,7.923,19.8897524382248,371.780113337914,1.3,7.5,NA,NA,NA,NA,NA,NA,NA,NA,36660.491740553,19,60,3.97390038657839,NA,NA,NA,NA,NA,0.226330984014862,0.773669015985138,0.0828146288034622,0.917185371196538,1.13906297874172,3.89366810622065,0.0166848717500027,0.184787645739627,1.52427781192379,97.3939766441303,49.5706817783885,15.2998095678652
"656",2022,1,1,7,"w","65-75",65,75,0.860986218303851,850.287907869484,94.2247408071432,3.18108752231323,86.0986218303852,73.2086170266041,8.11262032582028,0.273887251593004,NA,NA,NA,NA,8.075,1.276,6.668,43.0446442427869,360.276766490559,2.17427602943559,12.4,NA,NA,NA,NA,NA,NA,NA,NA,45915.6589798858,19,70,9.42247408071432,NA,NA,NA,NA,NA,0.615631049036466,0.384368950963534,0.521838832374991,0.478161167625009,4.9943809616193,3.11823936420099,0.142925003573689,0.130962248019315,15.8018575851393,82.5758513931889,29.054577942787,19.7972307379761
"657",2022,1,1,7,"w","75-85",75,85,NA,NA,NA,NA,NA,NA,NA,NA,NA,NA,NA,NA,NA,NA,NA,NA,NA,NA,NA,NA,NA,NA,NA,NA,NA,NA,NA,NA,19,80,NA,NA,NA,NA,NA,NA,NA,NA,NA,NA,NA,NA,NA,NA,NA,NA,NA,NA
"658",2022,1,1,7,"w","85-95",85,95,NA,NA,NA,NA,NA,NA,NA,NA,NA,NA,NA,NA,NA,NA,NA,NA,NA,NA,NA,NA,NA,NA,NA,NA,NA,NA,NA,NA,19,90,NA,NA,NA,NA,NA,NA,NA,NA,NA,NA,NA,NA,NA,NA,NA,NA,NA,NA
"659",2022,1,1,7,"w","95-105",95,105,NA,NA,NA,NA,NA,NA,NA,NA,NA,NA,NA,NA,NA,NA,NA,NA,NA,NA,NA,NA,NA,NA,NA,NA,NA,NA,NA,NA,19,100,NA,NA,NA,NA,NA,NA,NA,NA,NA,NA,NA,NA,NA,NA,NA,NA,NA,NA
"660",2022,1,1,7,"w","105-115",105,115,NA,NA,NA,NA,NA,NA,NA,NA,NA,NA,NA,NA,NA,NA,NA,NA,NA,NA,NA,NA,NA,NA,NA,NA,NA,NA,NA,NA,19,110,NA,NA,NA,NA,NA,NA,NA,NA,NA,NA,NA,NA,NA,NA,NA,NA,NA,NA
"661",2022,1,2,7,"w","0-5",0,5,0.0363814226231783,76.3546798029527,452.944836014324,13.2932743427144,1.81907113115892,0.138894593758434,0.823938875201166,0.0241814115954072,NA,NA,NA,NA,1,1,0,0,452.944836014324,0,13.2932743427144,NA,NA,NA,NA,NA,NA,NA,NA,NA,27,2.5,45.2944836014324,NA,NA,NA,NA,NA,1,0,1,0,0.823938875201166,0,0.0241814115954072,0,100,0,34.0732331506096,NA
"662",2022,1,2,7,"w","5-15",5,15,0.0595237769447048,141.962421711903,425.144519032045,14.3818394381461,5.95237769447048,0.845013952450941,2.53062075201273,0.0856061402770766,NA,NA,NA,NA,1,1,0,0,425.144519032045,0,14.3818394381461,NA,NA,NA,NA,NA,NA,NA,NA,32931.3723911169,27,10,42.5144519032045,NA,NA,NA,NA,NA,1,0,1,0,2.53062075201273,0,0.0856061402770766,0,100,0,29.5612060515987,NA
"663",2022,1,2,7,"w","15-25",15,25,0.0460774688494168,142.284569138276,430.323914914049,15.3157429867082,4.60774688494168,0.655611280222159,1.98282367846112,0.0705710670375719,NA,NA,NA,NA,1,1,0,0,430.323914914049,0,15.3157429867082,NA,NA,NA,NA,NA,NA,NA,NA,14551.4828871505,27,20,43.0323914914049,NA,NA,NA,NA,NA,1,0,1,0,1.98282367846112,0,0.0705710670375719,0,100,0,28.0968357387236,NA
"664",2022,1,2,7,"w","25-35",25,35,0.160240219675827,280.876494023904,373.233909139175,16.8210806531775,16.0240219675827,4.50077111041665,5.9807083590929,0.269541365904996,NA,NA,NA,NA,1,1,0,0,373.233909139175,0,16.8210806531775,NA,NA,NA,NA,NA,NA,NA,NA,13595.4892977917,27,30,37.3233909139175,NA,NA,NA,NA,NA,1,0,1,0,5.9807083590929,0,0.269541365904996,0,100,0,22.1884620158855,NA
"665",2022,1,2,7,"w","35-45",35,45,0.31884204799871,493.478260869566,275.819723979356,12.0634908799107,31.884204799871,15.7341619338494,8.79429256720168,0.384634813816451,NA,NA,NA,NA,5.111,4.527,1.033,74.4426987279356,311.532975129856,4.00974286277513,17.6,NA,NA,NA,NA,NA,NA,NA,NA,11604.0579832067,27,40,27.5819723979356,NA,NA,NA,NA,NA,0.948292873880628,0.0517071261193715,0.95058220513373,0.0494177948662701,8.33956497229873,0.454727594902949,0.365627009488844,0.0190078043276074,88.5736646448836,20.2113089414987,17.7007372232873,18.5654545130642
"666",2022,1,2,7,"w","45-55",45,55,1.29886464589997,879.643387815751,51.8164231960226,2.22054665064329,129.886464589997,114.253769743356,6.7302520166305,0.288418953909216,NA,NA,NA,NA,8.032,0.208,7.626,25.3479167430414,278.431528295116,1.17152488929487,8.1,NA,NA,NA,NA,NA,NA,NA,NA,37070.8545352365,27,50,5.18164231960226,NA,NA,NA,NA,NA,0.230532824523241,0.769467175476759,0.158661266472283,0.841338733527717,1.55154400714707,5.17870800948343,0.0457609165018473,0.242658037407369,2.58964143426295,94.945219123506,34.3742627524835,21.6366864884092
"667",2022,1,2,7,"w","55-65",55,65,1.34893472674645,900.000000000001,42.3936531470097,1.83489265979114,134.893472674645,121.404125407181,5.71862709236453,0.247515042864443,NA,NA,NA,NA,8.06,0.921,6.991,35.2034852917201,283.926623427355,1.7775496561772,12.9,NA,NA,NA,NA,NA,NA,NA,NA,29074.5877263166,27,60,4.23936531470097,NA,NA,NA,NA,NA,0.515158327092703,0.484841672907297,0.488770049587517,0.511229950412483,2.94599836616952,2.77262872619501,0.12097793977451,0.126537103089933,11.4267990074442,86.7369727047146,22.0098157695624,19.8045017585775
"668",2022,1,2,7,"w","65-75",65,75,1.43222900966724,888.663967611336,55.3351968084916,2.0946669644305,143.222900966724,127.277031425895,7.9252674124768,0.300004279204898,NA,NA,NA,NA,8.054,0.347,7.582,27.6787045901108,290.888746199265,1.27597304337574,8.3,NA,NA,NA,NA,NA,NA,NA,NA,36034.5835079325,27,70,5.53351968084916,NA,NA,NA,NA,NA,0.324771352257645,0.675228647742355,0.229407277465988,0.770592722534012,2.57389981455354,5.35136759792326,0.0688231649205416,0.231181114284356,4.3084181773032,94.1395579836106,35.0468368914777,21.6922330246754
"669",2022,1,2,7,"w","75-85",75,85,NA,NA,NA,NA,NA,NA,NA,NA,NA,NA,NA,NA,NA,NA,NA,NA,NA,NA,NA,NA,NA,NA,NA,NA,NA,NA,NA,NA,27,80,NA,NA,NA,NA,NA,NA,NA,NA,NA,NA,NA,NA,NA,NA,NA,NA,NA,NA
"670",2022,1,2,7,"w","85-95",85,95,NA,NA,NA,NA,NA,NA,NA,NA,NA,NA,NA,NA,NA,NA,NA,NA,NA,NA,NA,NA,NA,NA,NA,NA,NA,NA,NA,NA,27,90,NA,NA,NA,NA,NA,NA,NA,NA,NA,NA,NA,NA,NA,NA,NA,NA,NA,NA
"671",2022,1,2,7,"w","95-105",95,105,NA,NA,NA,NA,NA,NA,NA,NA,NA,NA,NA,NA,NA,NA,NA,NA,NA,NA,NA,NA,NA,NA,NA,NA,NA,NA,NA,NA,27,100,NA,NA,NA,NA,NA,NA,NA,NA,NA,NA,NA,NA,NA,NA,NA,NA,NA,NA
"672",2022,1,2,7,"w","105-115",105,115,NA,NA,NA,NA,NA,NA,NA,NA,NA,NA,NA,NA,NA,NA,NA,NA,NA,NA,NA,NA,NA,NA,NA,NA,NA,NA,NA,NA,27,110,NA,NA,NA,NA,NA,NA,NA,NA,NA,NA,NA,NA,NA,NA,NA,NA,NA,NA
"673",2022,3,5,7,"w","0-5",0,5,0.11147740080506,83.4879406307976,445.32300935565,10.1779164855488,5.57387004025302,0.465350931004426,2.48217258008277,0.0567303837709977,NA,NA,NA,NA,1,1,0,0,445.32300935565,0,10.1779164855488,NA,NA,NA,NA,NA,NA,NA,NA,NA,51,2.5,44.532300935565,NA,NA,NA,NA,NA,1,0,1,0,2.48217258008277,0,0.0567303837709977,0,100,0,43.7538478516645,NA
"674",2022,3,5,7,"w","5-15",5,15,0.0858783801231123,41.8006430868193,441.623215340629,9.93146060119925,8.58783801231123,0.358977151640041,3.79258863582136,0.0852897748687502,NA,NA,NA,NA,1,1,0,0,441.623215340629,0,9.93146060119925,NA,NA,NA,NA,NA,NA,NA,NA,20681.5599359366,51,10,44.1623215340629,NA,NA,NA,NA,NA,1,0,1,0,3.79258863582136,0,0.0852897748687502,0,100,0,44.467096339012,NA
"675",2022,3,5,7,"w","15-25",15,25,0.118921095494769,141.693811074921,428.187691764073,15.0310207588326,11.8921095494769,1.68503832378585,5.09205493819601,0.178750545504499,NA,NA,NA,NA,1,1,0,0,428.187691764073,0,15.0310207588326,NA,NA,NA,NA,NA,NA,NA,NA,20489.988865459,51,20,42.8187691764073,NA,NA,NA,NA,NA,1,0,1,0,5.09205493819601,0,0.178750545504499,0,100,0,28.4869336975973,NA
"676",2022,3,5,7,"w","25-35",25,35,0.140643661461883,231.164383561643,410.684931503334,16.451967376486,14.0643661461883,3.25118053036886,5.77602324738515,0.231386493008044,NA,NA,NA,NA,1,1,0,0,410.684931503334,0,16.451967376486,NA,NA,NA,NA,NA,NA,NA,NA,13703.1473326351,51,30,41.0684931503334,NA,NA,NA,NA,NA,1,0,1,0,5.77602324738515,0,0.231386493008044,0,100,0,24.9626638629436,NA
"677",2022,3,5,7,"w","35-45",35,45,0.410354049869708,546.32587859425,225.239587539684,9.02530767755422,41.0354049869708,22.4187036829777,9.24279769378918,0.370357155680454,NA,NA,NA,NA,5.027,4.784,0.772,113.60280422098,331.644707674004,4.67425845112287,20.2,NA,NA,NA,NA,NA,NA,NA,NA,18709.6019272908,51,40,22.5239587539684,NA,NA,NA,NA,NA,0.947618761754463,0.0523812382455368,0.964003035219838,0.0359969647801622,8.75864850573551,0.484149188053669,0.357025422191344,0.0133317334891103,95.1661030435647,15.357071812214,16.4180548353467,24.3039201637834
"678",2022,3,5,7,"w","45-55",45,55,0.619003011792491,628.571428571432,202.672626318572,7.02335145527458,61.9003011792491,38.9087607412425,12.545496609909,0.434747570369214,NA,NA,NA,NA,5.082,2.375,2.606,59.5551963406814,326.381364666102,2.46733794370554,14.1,NA,NA,NA,NA,NA,NA,NA,NA,14801.2064768061,51,50,20.2672626318572,NA,NA,NA,NA,NA,0.83318133655188,0.16681866344812,0.83892023350746,0.16107976649254,10.4526736331511,2.09282297675794,0.364718533250942,0.0700290371182723,46.7335694608422,51.2790240062967,23.1476145153264,24.1374297722829
"679",2022,3,5,7,"w","55-65",55,65,1.53630970854183,939.457202505221,26.8931947869082,1.4085998934836,153.630970854183,144.329722096832,4.13162762448336,0.216404569180983,NA,NA,NA,NA,8.008,0.104,7.763,17.6626533197723,367.863742545093,1.14244312602421,10.3,NA,NA,NA,NA,NA,NA,NA,NA,48402.2388439733,51,60,2.68931947869082,NA,NA,NA,NA,NA,0.218151184671492,0.781848815328508,0.107766751519151,0.892233248480849,0.901319460902509,3.23030816358085,0.023321217434536,0.193083351746447,1.2987012987013,96.9405594405595,35.7149264606886,15.4604224205363
"680",2022,3,5,7,"w","65-75",65,75,1.48635258165864,954.682779456196,11.5830175190666,1.09969679865512,148.635258165864,141.899521390976,1.72164479928619,0.163453717572277,NA,NA,NA,NA,8.086,0.0409999999999999,7.766,11.0374607036021,381.377607128526,1.1,15.6,NA,NA,NA,NA,NA,NA,NA,NA,42008.3034295918,51,70,1.15830175190666,NA,NA,NA,NA,NA,0.154276833608562,0.845723166391438,0.0696565093332751,0.930343490666725,0.265609908232522,1.45603489105367,0.0113856154036318,0.152068102168645,0.507049220875586,96.0425426663369,24.4472825082388,10.0340551850928
"681",2022,3,5,7,"w","75-85",75,85,NA,NA,NA,NA,NA,NA,NA,NA,NA,NA,NA,NA,NA,NA,NA,NA,NA,NA,NA,NA,NA,NA,NA,NA,NA,NA,NA,NA,51,80,NA,NA,NA,NA,NA,NA,NA,NA,NA,NA,NA,NA,NA,NA,NA,NA,NA,NA
"682",2022,3,5,7,"w","85-95",85,95,NA,NA,NA,NA,NA,NA,NA,NA,NA,NA,NA,NA,NA,NA,NA,NA,NA,NA,NA,NA,NA,NA,NA,NA,NA,NA,NA,NA,51,90,NA,NA,NA,NA,NA,NA,NA,NA,NA,NA,NA,NA,NA,NA,NA,NA,NA,NA
"683",2022,3,5,7,"w","95-105",95,105,NA,NA,NA,NA,NA,NA,NA,NA,NA,NA,NA,NA,NA,NA,NA,NA,NA,NA,NA,NA,NA,NA,NA,NA,NA,NA,NA,NA,51,100,NA,NA,NA,NA,NA,NA,NA,NA,NA,NA,NA,NA,NA,NA,NA,NA,NA,NA
"684",2022,3,5,7,"w","105-115",105,115,NA,NA,NA,NA,NA,NA,NA,NA,NA,NA,NA,NA,NA,NA,NA,NA,NA,NA,NA,NA,NA,NA,NA,NA,NA,NA,NA,NA,51,110,NA,NA,NA,NA,NA,NA,NA,NA,NA,NA,NA,NA,NA,NA,NA,NA,NA,NA
"685",2022,3,6,8,"w","0-5",0,5,0.0639795276176306,125.498007968125,413.773546371525,10.1829522917293,3.19897638088153,0.401465163337715,1.3236518018761,0.0325750238688855,NA,NA,NA,NA,1,1,0,0,413.773546371525,0,10.1829522917293,NA,NA,NA,NA,NA,NA,NA,NA,51670.7850905525,60,2.5,41.3773546371525,NA,NA,NA,NA,NA,1,0,1,0,1.3236518018761,0,0.0325750238688855,0,100,0,40.6339472598331,NA
"686",2022,3,6,8,"w","5-15",5,15,0.0760869522131689,98.920863309352,429.319467899495,9.02099638560625,7.60869522131689,0.752658699950408,3.2665609838252,0.0686380120906792,NA,NA,NA,NA,1,1,0,0,429.319467899495,0,9.02099638560625,NA,NA,NA,NA,NA,NA,NA,NA,16129.3822053736,60,10,42.9319467899495,NA,NA,NA,NA,NA,1,0,1,0,3.2665609838252,0,0.0686380120906792,0,100,0,47.5911362279792,NA
"687",2022,3,6,8,"w","15-25",15,25,0.138554495003843,176.591375770025,404.371516838087,13.8532126622236,13.8554495003843,2.44675288918497,5.60274913094392,0.191942488459523,NA,NA,NA,NA,1,1,0,0,404.371516838087,0,13.8532126622236,NA,NA,NA,NA,NA,NA,NA,NA,11638.6560247064,60,20,40.4371516838087,NA,NA,NA,NA,NA,1,0,1,0,5.60274913094392,0,0.191942488459523,0,100,0,29.1897285270708,NA
"688",2022,3,6,8,"w","25-35",25,35,0.143809953453466,226.939970717422,395.823475286983,20.2242077284725,14.3809953453466,3.26362266256035,5.69233555568103,0.290844237206486,NA,NA,NA,NA,1,1,0,0,395.823475286983,0,20.2242077284725,NA,NA,NA,NA,NA,NA,NA,NA,12835.4788564663,60,30,39.5823475286983,NA,NA,NA,NA,NA,1,0,1,0,5.69233555568103,0,0.290844237206486,0,100,0,19.5717666966863,NA
"689",2022,3,6,8,"w","35-45",35,45,0.998055322749611,871.328671328668,69.5429268857792,2.99571167415634,99.8055322749611,86.9634218283924,6.9407688337939,0.298988598181489,NA,NA,NA,NA,8.145,0.976,7.005,46.9880926704935,253.077155903028,2.4,11.6,NA,NA,NA,NA,NA,NA,NA,NA,18782.5703743172,60,40,6.95429268857792,NA,NA,NA,NA,NA,0.428709895595655,0.571290104404345,0.40242272585094,0.59757727414906,2.97557628208936,3.96519255170454,0.120319806678546,0.178668791502943,11.9828115408226,86.0036832412523,21.8169961985369,19.578371946039
"690",2022,3,6,8,"w","45-55",45,55,0.89676303247801,782.214156079856,121.2918992723,4.98629292738175,89.676303247801,70.1460738653399,10.8770091406445,0.447152316638251,NA,NA,NA,NA,8.127,2.741,5.377,45.8709152127978,268.418456585932,2.5,14.1,NA,NA,NA,NA,NA,NA,NA,NA,25416.5179081713,60,50,12.12918992723,NA,NA,NA,NA,NA,0.748928945171728,0.251071054828272,0.741940004530568,0.258059995469432,8.14610698232613,2.73090215831837,0.331760191832438,0.115392124805813,33.7270825642919,66.162175464501,19.0367699706335,18.3483660851191
"691",2022,3,6,8,"w","55-65",55,65,1.46165605244216,922.165820642978,33.0288296289926,1.40364674702696,146.165605244216,134.78892530981,4.82767887322979,0.205164876328271,NA,NA,NA,NA,8.083,0.194,7.736,27.5820889225978,355.357281063057,1.6,9.5,NA,NA,NA,NA,NA,NA,NA,NA,37022.3544347913,60,60,3.30288296289926,NA,NA,NA,NA,NA,0.244193438741208,0.755806561258792,0.129600720082134,0.870399279917866,1.17888750519226,3.64879136803753,0.026589515707706,0.178575360620565,2.40009897315353,95.707039465545,37.4060295855849,17.2388055766236
"692",2022,3,6,8,"w","65-75",65,75,1.3981317234915,958.402662229614,11.4394982833235,1.18809616847898,139.81317234915,133.997316594193,1.59939254507412,0.166111494370916,NA,NA,NA,NA,9.09699999999999,0.04,7.902,10.1222353910596,197.73583358967,2.49354877,4.9,NA,NA,NA,NA,NA,NA,NA,NA,42018.862861245,60,70,1.14394982833235,NA,NA,NA,NA,NA,0.0899869501297377,0.910013049870262,0.00984923515421099,0.990150764845789,0.143924457191459,1.45546808788266,0.00163607116987655,0.164475423201039,0.439705397383753,86.8638012531605,40.3542517529939,4.05936932649591
"693",2022,3,6,8,"w","75-85",75,85,NA,NA,NA,NA,NA,NA,NA,NA,NA,NA,NA,NA,NA,NA,NA,NA,NA,NA,NA,NA,NA,NA,NA,NA,NA,NA,NA,NA,60,80,NA,NA,NA,NA,NA,NA,NA,NA,NA,NA,NA,NA,NA,NA,NA,NA,NA,NA
"694",2022,3,6,8,"w","85-95",85,95,NA,NA,NA,NA,NA,NA,NA,NA,NA,NA,NA,NA,NA,NA,NA,NA,NA,NA,NA,NA,NA,NA,NA,NA,NA,NA,NA,NA,60,90,NA,NA,NA,NA,NA,NA,NA,NA,NA,NA,NA,NA,NA,NA,NA,NA,NA,NA
"695",2022,3,6,8,"w","95-105",95,105,NA,NA,NA,NA,NA,NA,NA,NA,NA,NA,NA,NA,NA,NA,NA,NA,NA,NA,NA,NA,NA,NA,NA,NA,NA,NA,NA,NA,60,100,NA,NA,NA,NA,NA,NA,NA,NA,NA,NA,NA,NA,NA,NA,NA,NA,NA,NA
"696",2022,3,6,8,"w","105-115",105,115,NA,NA,NA,NA,NA,NA,NA,NA,NA,NA,NA,NA,NA,NA,NA,NA,NA,NA,NA,NA,NA,NA,NA,NA,NA,NA,NA,NA,60,110,NA,NA,NA,NA,NA,NA,NA,NA,NA,NA,NA,NA,NA,NA,NA,NA,NA,NA
"697",2022,2,4,6,"w","0-5",0,5,0.0982839928299993,66.666666666668,442.26821136303,11.3872976793812,4.91419964149996,0.327613309433338,2.17339428572703,0.0559594541736683,1.13418961778761,0.00151270401583456,124.218484353045,1.51270401583456,1,1,0,0,442.26821136303,0,11.3872976793812,NA,NA,NA,NA,124.218484353045,NA,NA,NA,NA,42,2.5,44.226821136303,-1011.50252953337,NA,NA,NA,NA,1,0,1,0,2.17339428572703,0,0.0559594541736683,0,100,0,38.8387327542897,NA
"698",2022,2,4,6,"w","5-15",5,15,0.0667653923915433,148.148148148148,409.954095525494,12.8479797086368,6.67653923915433,0.989116924319161,2.73707460502799,0.0857800406685725,1.06693197965963,0.00153924890392306,57.5521361414504,1.53924890392306,1,1,0,0,409.954095525494,0,12.8479797086368,NA,NA,NA,NA,57.5521361414504,NA,NA,NA,NA,42,10,40.9954095525494,-520.43574741814,NA,NA,NA,NA,1,0,1,0,2.73707460502799,0,0.0857800406685725,0,100,0,31.908059074059,NA
"699",2022,2,4,6,"w","15-25",15,25,0.0995767279506549,184.90471609355,396.192394565009,16.8355535129598,9.95767279506549,1.84122066112405,3.94515422897184,0.167642933205869,0.971806402043157,0.00138464270730346,-36.7371528927793,1.38464270730346,1,1,0,0,396.192394565009,0,16.8355535129598,NA,NA,NA,NA,-36.7371528927793,NA,NA,NA,NA,42,20,39.6192394565009,229.733109782906,NA,NA,NA,NA,1,0,1,0,3.94515422897184,0,0.167642933205869,0,100,0,23.5330780339372,NA
"700",2022,2,4,6,"w","25-35",25,35,0.177767993566453,287.999999999997,355.280331197129,17.6644045116637,17.7767993566453,5.11971821471378,6.31574716305384,0.314016574758465,0.916925705950836,0.00134626402339874,-91.1353699223969,1.34626402339875,6.063727,3.0686364,2.991909,162.495642189865,419.218281808788,8.04896375237609,19.5095165780142,NA,NA,NA,NA,NA,NA,NA,NA,NA,42,30,35.5280331197129,696.692680145268,NA,NA,NA,NA,0.72572943974313,0.27427056025687,0.713139428234397,0.286860571765603,4.58352365020233,1.73222351285151,0.223937600579376,0.0900789741790895,50.6064405604012,49.3410900589687,21.4878867004432,20.1883928402455
"701",2022,2,4,6,"w","35-45",35,45,0.980756291029328,776.470588235296,117.723426664283,4.73886453304726,98.0756291029328,76.1528414211009,11.5457991302525,0.464767120312186,0.601491567503221,0.00108908200774977,-403.796395448723,1.08908200774976,8.072128,2.1237646,5.880161,55.0023348674229,265.074025001196,2.62509869856781,10.7742233687258,NA,NA,NA,NA,NA,NA,NA,NA,NA,42,40,11.7723426664283,4083.51741340521,NA,NA,NA,NA,0.635118653864198,0.364881346135802,0.597159654597157,0.402840345402843,7.3329524013924,4.2128467288601,0.27754017303374,0.187226947278446,26.3098479112323,72.8452398178027,24.6026108731533,20.9524826237699
"702",2022,2,4,6,"w","45-55",45,55,0.371506212946692,456,291.583349738593,13.2074684529468,37.1506212946692,16.9406833103691,10.8325026019696,0.490665658756716,0.712133625548372,0.00121722329254118,-294.127037829446,1.21722329254118,7.824527,2.3143012,5.376788,70.5335508460065,291.594307458041,3.17232398794159,12.3444443854347,NA,NA,NA,NA,NA,NA,NA,NA,NA,42,50,29.1583349738593,2727.12083116938,NA,NA,NA,NA,0.640213657370223,0.359786342629777,0.626155379076481,0.373844620923519,6.93511610927941,3.89738649269019,0.307232941558623,0.183432717198093,29.5775220661901,68.7170994489507,23.6215011671238,22.2340313013783
"703",2022,2,4,6,"w","55-65",55,65,1.0537998522357,824.561403508769,113.570430473507,4.27988738489407,105.37998522357,86.89226851768,11.9680502851326,0.45101446937868,0.433485332384875,0.000930143409494216,-570.325617762569,0.930143409494216,8.052,0.667,7.21499999999999,27.9886453337245,294.390681470614,1.59765648822413,9.65869065678129,NA,NA,NA,NA,NA,NA,NA,NA,NA,42,60,11.3570430473507,6714.76316081969,NA,NA,NA,NA,0.492995809288,0.507004190712,0.358516865435384,0.641483134564616,5.90019863591843,6.06785164921417,0.161696293827647,0.289318175551033,8.28365623447591,89.6050670640833,30.4793570817929,17.5185626822917
"704",2022,2,4,6,"w","65-75",65,75,1.19935194475196,884.745762711865,58.1698082109977,2.47981718089077,119.935194475196,106.112155111953,6.97660726037088,0.297417355853067,0.242159359207618,0.000723794123508837,-759.969564603021,0.723794123508838,8.104,0.95,6.623,27.0997202806553,293.787168886084,1.77974854193502,8.94525110021855,NA,NA,NA,NA,NA,NA,NA,NA,NA,42,70,5.81698082109977,11392.0733389945,NA,NA,NA,NA,0.608614117751146,0.391385882248854,0.41892424501523,0.58107575498477,4.24606167266686,2.73054558770402,0.124595341255172,0.172822014597895,11.7226061204344,81.7250740375123,32.8428085019219,15.2267130114861
"705",2022,2,4,6,"w","75-85",75,85,1.74170562900148,944.827586206896,15.6599421859706,1.41013220228385,174.170562900148,164.561152533243,2.72750094551428,0.245603519435403,0.187569953053752,0.000663348653633066,-814.079052545384,0.663348653633066,8.017,3.037,7.603,18.2885634982009,290.200379410318,1.84604199616516,13.275682942122,NA,NA,NA,NA,NA,NA,NA,NA,NA,42,80,1.56599421859706,13444.0562744382,NA,NA,NA,NA,0.863730117752024,0.136269882247976,0.74177552501016,0.25822447498984,2.35582471283781,0.371676232676473,0.182182679573539,0.0634208398618639,37.8820007484096,94.8359735561931,21.8595443018265,9.90690544212553
"706",2022,2,4,6,"w","85-95",85,95,NA,NA,NA,NA,NA,NA,NA,NA,NA,NA,NA,NA,NA,NA,NA,NA,NA,NA,NA,NA,NA,NA,NA,NA,NA,NA,NA,NA,42,90,NA,NA,NA,NA,NA,NA,NA,NA,NA,NA,NA,NA,NA,NA,NA,NA,NA,NA
"707",2022,2,4,6,"w","95-105",95,105,NA,NA,NA,NA,NA,NA,NA,NA,NA,NA,NA,NA,NA,NA,NA,NA,NA,NA,NA,NA,NA,NA,NA,NA,NA,NA,NA,NA,42,100,NA,NA,NA,NA,NA,NA,NA,NA,NA,NA,NA,NA,NA,NA,NA,NA,NA,NA
"708",2022,2,4,6,"w","105-115",105,115,NA,NA,NA,NA,NA,NA,NA,NA,NA,NA,NA,NA,NA,NA,NA,NA,NA,NA,NA,NA,NA,NA,NA,NA,NA,NA,NA,NA,42,110,NA,NA,NA,NA,NA,NA,NA,NA,NA,NA,NA,NA,NA,NA,NA,NA,NA,NA
"709",2022,2,4,7,"w","0-5",0,5,0.0187151410353399,137.09677419355,417.505199123905,17.0775453692115,0.935757051766995,0.128289273226122,0.390683434229577,0.0159804335061105,1.03751283905415,0.0014307300419458,28.3916314570827,1.4307300419458,1,1,0,0,417.505199123905,0,17.0775453692115,NA,NA,NA,NA,28.3916314570827,NA,NA,NA,NA,43,2.5,41.7505199123905,-295.826053790045,NA,NA,NA,NA,1,0,1,0,0.390683434229577,0,0.0159804335061105,0,100,0,24.4476117672397,NA
"710",2022,2,4,7,"w","5-15",5,15,0.0420646156579245,142,417.630968952277,10.013176083379,4.20646156579245,0.597317542342526,1.75674861958241,0.0421200403462462,1.08075509882633,0.00145478363173963,71.2537305088265,1.45478363173963,1,1,0,0,417.630968952277,0,10.013176083379,NA,NA,NA,NA,71.2537305088265,NA,NA,NA,NA,43,10,41.7630968952277,-623.842478069048,NA,NA,NA,NA,1,0,1,0,1.75674861958241,0,0.0421200403462462,0,100,0,41.7081418997023,NA
"711",2022,2,4,7,"w","15-25",15,25,0.0491811939215622,215.094339622643,403.32080608365,13.9620953495174,4.91811939215622,1.05785964284116,1.98357987766008,0.0686672518935957,1.0095228529292,0.00140077216052728,0.647716960808564,1.40077216052728,1,1,0,0,403.32080608365,0,13.9620953495174,NA,NA,NA,NA,0.647716960808564,NA,NA,NA,NA,43,20,40.332080608365,-76.1351383523725,NA,NA,NA,NA,1,0,1,0,1.98357987766008,0,0.0686672518935957,0,100,0,28.886839402482,NA
"712",2022,2,4,7,"w","25-35",25,35,0.15599149211065,242.592592592593,388.322498611825,16.9455735218509,15.599149211065,3.78423804935096,6.05750059785944,0.264336529834424,0.943743395071389,0.0013536619742833,-64.55344627918,1.3536619742833,3.015,3.06,0.153,78.5208672591779,374.775277036938,4.21268500590403,16.8927408319314,NA,NA,NA,NA,NA,NA,NA,NA,NA,43,30,38.8322498611825,465.118548588392,NA,NA,NA,NA,0.989632876487431,0.0103671235125695,0.987684638307787,0.0123153616922129,5.99470174098397,0.0627988568754725,0.261081129861049,0.00325539997337535,101.492537313433,5.07462686567164,22.1855814142677,18.6391498887602
"713",2022,2,4,7,"w","35-45",35,45,0.885680067328563,888.461538461538,105.678163350243,3.97736546226317,88.5680067328563,78.6892675203454,9.35970428312024,0.352267331040755,0.580370851362684,0.00108074765323815,-424.731430574756,1.08074765323815,8.077,3.54,4.397,60.7863589284123,137.119681183801,2.58976786365184,5.93492687601339,NA,NA,NA,NA,NA,NA,NA,NA,NA,43,40,10.5678163350243,4370.65875031969,NA,NA,NA,NA,0.644899344262345,0.355100655737655,0.648508754935216,0.351491245064784,6.03606715467371,3.32363712844653,0.228448448257592,0.123818882783163,43.8281540175808,54.4385291568652,23.1038535180583,23.4717403754857
"714",2022,2,4,7,"w","45-55",45,55,0.870450756974064,716.666666666666,148.471050819672,5.49103584622489,87.0450756974064,62.3823042498079,12.9236738574718,0.477967630891817,0.536885009889813,0.00102349928337412,-467.834969898991,1.02349928337412,8.089,1.632,6.284,39.2827787597716,312.680265637503,1.993712933737,9.62117077767961,NA,NA,NA,NA,NA,NA,NA,NA,NA,43,50,14.8471050819672,4996.29578776921,NA,NA,NA,NA,0.673969619386168,0.326030380613832,0.55620317646154,0.44379682353846,8.71016355079124,4.21351030668056,0.265847114547826,0.212120516343991,20.175547039189,77.6857460749166,32.4991908846372,19.7033274425021
"715",2022,2,4,7,"w","55-65",55,65,1.11932778306666,2888.13559322034,90.2273249956291,3.0706972434291,111.932778306666,323.277041075523,10.0993951659392,0.34371167379564,0.343570038899265,0.000849463920053739,-659.450428444339,0.849463920053739,8.051,0.365,7.192,31.4722234367567,308.369908083525,1.74197023642791,7.71198740037631,NA,NA,NA,NA,NA,NA,NA,NA,NA,43,60,9.02273249956291,8582.17034389646,NA,NA,NA,NA,0.332115485205436,0.667884514794564,0.183461670193019,0.816538329806981,3.35416552581733,6.74522964012186,0.0630579177393861,0.280653756056254,4.53359831076885,89.330517948081,39.9857899234221,18.0670270815268
"716",2022,2,4,7,"w","65-75",65,75,1.46747276623402,708.333333333333,21.1699702962844,1.33073146206377,146.747276623402,103.945987608243,3.10663548717804,0.195281217974936,0.336556968908865,0.0008222367772924,-666.401843614802,0.822236777292401,8.173,0.0589999999999997,7.515,9.38622334475271,189.308516530431,1.08587320128748,6.06287221924006,NA,NA,NA,NA,NA,NA,NA,NA,NA,43,70,2.11699702962844,8747.83936559125,NA,NA,NA,NA,0.136698782984883,0.863301217015117,0.0419943067995588,0.958005693200441,0.424673290274888,2.68196219690315,0.00820069937983098,0.187080518595105,0.72188914719197,91.9491006974183,31.2242299828908,8.64394050209896
"717",2022,2,4,7,"w","75-85",75,85,NA,NA,NA,NA,NA,NA,NA,NA,NA,NA,NA,NA,NA,NA,NA,NA,NA,NA,NA,NA,NA,NA,NA,NA,NA,NA,NA,NA,43,80,NA,NA,NA,NA,NA,NA,NA,NA,NA,NA,NA,NA,NA,NA,NA,NA,NA,NA
"718",2022,2,4,7,"w","85-95",85,95,NA,NA,NA,NA,NA,NA,NA,NA,NA,NA,NA,NA,NA,NA,NA,NA,NA,NA,NA,NA,NA,NA,NA,NA,NA,NA,NA,NA,43,90,NA,NA,NA,NA,NA,NA,NA,NA,NA,NA,NA,NA,NA,NA,NA,NA,NA,NA
"719",2022,2,4,7,"w","95-105",95,105,NA,NA,NA,NA,NA,NA,NA,NA,NA,NA,NA,NA,NA,NA,NA,NA,NA,NA,NA,NA,NA,NA,NA,NA,NA,NA,NA,NA,43,100,NA,NA,NA,NA,NA,NA,NA,NA,NA,NA,NA,NA,NA,NA,NA,NA,NA,NA
"720",2022,2,4,7,"w","105-115",105,115,NA,NA,NA,NA,NA,NA,NA,NA,NA,NA,NA,NA,NA,NA,NA,NA,NA,NA,NA,NA,NA,NA,NA,NA,NA,NA,NA,NA,43,110,NA,NA,NA,NA,NA,NA,NA,NA,NA,NA,NA,NA,NA,NA,NA,NA,NA,NA
